{
    "id": "dbpedia_4423_2",
    "rank": 6,
    "data": {
        "url": "https://www.spsnational.org/www.spsnational.org/about/governance/chapters/list-sigpisig",
        "read_more_link": "",
        "language": "en",
        "title": "Listing of Sigma Pi Sigma Chapters With Installation Dates",
        "top_image": "",
        "meta_img": "",
        "images": [
            "https://www.spsnational.org/sites/default/files/sps-sigma-combined-long_new.png",
            "https://www.spsnational.org/sites/default/files/images/sitewide/icon-facebook-logo-bw.png",
            "https://www.spsnational.org/sites/default/files/images/sitewide/icon-twitter-logo-bw.png",
            "https://www.spsnational.org/sites/default/files/images/sitewide/icon-googleplus-logo-bw.png",
            "https://www.spsnational.org/sites/default/files/images/sitewide/icon-pinterest-logo-bw.png",
            "https://www.spsnational.org/sites/default/files/images/sitewide/icon-email-logo-bw.png",
            "https://www.spsnational.org/sites/default/files/images/sitewide/icon-print-logo-bw.png",
            "https://www.spsnational.org/sites/default/files/images/sitewide/twitter.png",
            "https://www.spsnational.org/sites/default/files/images/sitewide/facebook-ixon24.png",
            "https://www.spsnational.org/sites/default/files/images/sitewide/linkedin.png",
            "https://www.spsnational.org/sites/default/files/images/sitewide/youtube_icon_32.png",
            "https://www.spsnational.org/sites/default/files/images/sitewide/instagram-icon.png",
            "https://www.spsnational.org/sites/default/files/resize/images/sitewide/aip-logo-fullname-400-340x23.png"
        ],
        "movies": [],
        "keywords": [],
        "meta_keywords": [
            ""
        ],
        "tags": null,
        "authors": [],
        "publish_date": "2021-07-12T12:21:20-04:00",
        "summary": "",
        "meta_description": "Davidson College, Davidson, NC -- December 11, 1921Duke University, Durham, NC -- May 14, 1925Pennsy",
        "meta_lang": "en",
        "meta_favicon": "https://www.spsnational.org/favicon.ico",
        "meta_site_name": "Society of Physics Students",
        "canonical_link": "https://www.spsnational.org/www.spsnational.org/about/governance/chapters/list-sigpisig",
        "text": "Davidson College, Davidson, NC -- December 11, 1921\n\nDuke University, Durham, NC -- May 14, 1925\n\nPennsylvania State University, University Park, PA -- May 17, 1926\n\nCentenary College of Louisiana, Shreveport, LA -- April 20, 1927\n\nFurman University, Greenville, SC -- May 16, 1927\n\nWilliam & Mary, College of, Williamsburg, VA -- June 2, 1927\n\nTennessee-Chattanooga, University of, Chattanooga, TN -- May 17, 1929\n\nWest Virginia University, Morgantown, WV -- June 3, 1929\n\nSt. Lawrence University, Canton, NY -- June 7, 1929\n\nOhio Wesleyan University, Delaware, OH -- June 5, 1929\n\nKentucky, University of, Lexington, KY -- May 15, 1930\n\nOklahoma, University of, Norman, OK -- May 17, 1930\n\nPark College, Parkville, MO -- May 19, 1930\n\nWilliam Jewell College, Liberty, MO -- May 20, 1930\n\nMorningside College, Sioux City, IA -- May 21, 1930\n\nColorado, University of, Boulder, CO -- May 22, 1930\n\nWashington, University of, Seattle, WA -- May 26, 1930\n\nLake Forest College, Lake Forest, IL -- May 31, 1930\n\nWooster, College of Wooster, OH -- June 2, 1930\n\nWheaton College, Wheaton, IL -- June 3, 1931\n\nRichmond, University of, Richmond, VA -- March 16, 1932\n\nPurdue University, West Lafayette, IN -- April 12, 1932\n\nMiami University, Oxford, OH -- June 4, 1932\n\nIllinois-Chicago, University of, Chicago, IL -- June 6, 1932\n\nPhilippines, University of the, Quezon City, PI -- July 6, 1932\n\nSyracuse University, Syracuse, NY -- May 29, 1933\n\nOregon State University, Corvallis, OR -- May 19, 1934\n\nDenver, University of, Denver, CO -- May 28, 1934\n\nMichigan State University, East Lansing, MI -- March 2, 1935\n\nBrigham Young University, Provo, UT -- May 2, 1936\n\nGeorge Washington University, Washington, DC -- May 22, 1936\n\nOhio State University, Columbus, OH -- May 28, 1936\n\nStetson University, DeLand, FL -- May 10, 1937\n\nBerea College, Berea, KY -- May 17, 1937\n\nNew York University, New York, NY -- June 15, 1937\n\nPittsburgh, University of, Pittsburgh, PA -- April 8, 1938\n\nFranklin & Marshall College, Lancaster, PA -- May 28, 1938\n\nFort Hays State University, Hays, KS -- April 4, 1939\n\nWayne State University, Detroit, MI -- May 22, 1939\n\nSan Diego State University, San Diego, CA -- May 23, 1940\n\nMuskingum College, New Concord, OH -- May 31, 1940\n\nCitadel, The, Charleston, SC -- January 10, 1941\n\nGeorgia, University of, Athens, GA -- May 19, 1941\n\nTexas-Austin, University of, Austin, TX -- May 10, 1946\n\nNebraska Wesleyan University, Lincoln, NE -- May 8, 1947\n\nMarquette University, Milwaukee, WI -- May 9, 1947\n\nTufts University, Medford, MA -- May 20, 1947\n\nRedlands, University of, Redlands, CA -- May 30, 1947\n\nSouth Dakota State University, Brookings, SD -- June 17, 1947\n\nSouth Dakota, The University of, Vermillion, SD -- June 17, 1947\n\nBucknell University, Lewisburg, PA -- February 14, 1948\n\nMaryland-College Park, University of, College Park, MD -- March 17, 1948\n\nManchester College, North Manchester, IN -- April 28, 1948\n\nColby College, Waterville, ME -- May 5, 1948\n\nOregon, University of, Eugene, OR -- May 10, 1948\n\nOccidental College, Los Angeles, CA -- May 12, 1948\n\nArkansas, University of, Fayetteville, AR -- May 13, 1948\n\nOklahoma State University, Stillwater, OK -- May 14, 1948\n\nEmory University, Atlanta, GA -- May 17, 1948\n\nUtah, University of, Salt Lake City, UT -- June 8, 1948\n\nHoward University, Washington, DC --March 7, 1949\n\nClemson University, Clemson, SC -- March 25, 1949\n\nGeorgia Institute of Technology, Atlanta, GA -- March 28, 1949\n\nGettysburg College, Gettysburg, PA -- May 2, 1949\n\nIllinois Institute of Technology, Chicago, IL -- May 7, 1949\n\nSouthern Illinois University, Carbondale, IL -- May 9, 1949\n\nEvansville, University of, Evansville, IN -- May 10, 1949\n\nAlabama, University of, University, AL -- May 18, 1949\n\nMaine, University of, Orono, ME -- May 25, 1949\n\nTrinity College, Hartford, CT -- May 26, 1949\n\nDelaware, University of, Newark, DE -- June 1, 1949\n\nVirginia Tech, Blacksburg, VA -- June 4, 1949\n\nWyoming, University of, Laramie, WY -- June 10, 1949\n\nMissouri-Rolla, University of, Rolla, MO -- January 11, 1950\n\nAuburn University, Auburn, AL -- April 5, 1950\n\nTulane University, New Orleans, LA -- April 12, 1950\n\nSt. Olaf College, Northfield, MN -- May 9, 1950\n\nKansas, University of, Lawrence, KS -- May 15, 1950\n\nArizona, University of, Tucson, AZ -- May 17, 1950\n\nLouisiana State University, Baton Rouge, LA -- May 19, 1950\n\nConnecticut, University of, Storrs, CT -- May 25, 1950\n\nNew Hampshire, University of, Durham, NH -- May 26, 1950\n\nHofstra University, Hempstead, NY -- March 17, 1951\n\nVirginia State University, Petersburg, VA -- April 19, 1951\n\nSt. Joseph’s University, Philadelphia, PA -- April 30, 1951\n\nManhattan College, Bronx, NY -- April 30, 1951\n\nSouth Dakota School of Mines & Technology, Rapid City, SC -- June 1, 1951\n\nLouisville, University of, Louisville, KY -- March 28, 1952\n\nNorth Carolina State University, Raleigh, NC -- March 26, 1953\n\nBoston College, Chestnut Hill, MA -- May 11, 1953\n\nCalifornia-Los Angeles, University of, Los Angeles, CA -- May 29, 1953\n\nTennessee, University of, Knoxville, TN -- April 1, 1954\n\nFlorida State University, Tallahassee, FL -- May 14, 1954\n\nUpsala College, East Orange, NJ -- May 28, 1954\n\nTemple University, Philadelphia, PA -- June 10, 1954\n\nLoyola University of New Orleans, New Orleans, LA -- December 11, 1954\n\nTexas Tech University, Lubbock, TX -- December 13, 1954\n\nHawaii, University of, Honolulu, HI -- December 18, 1954\n\nWabash College, Crawfordsville, IN -- May 21, 1955\n\nSouth Carolina, University of, Columbia, SC -- April 25, 1956\n\nHouston-University Park, University of, Houston, TX -- May 23, 1956\n\nFlorida, University of, Gainesville, FL -- February 22, 1957\n\nWichita State University, Wichita, KS -- May 5, 1958\n\nNevada-Reno, University of, Reno, NV -- May 7, 1958\n\nOhio University, Athens, OH -- May 20, 1958\n\nUtica College of Syracuse University, Utica, NY -- May 24, 1958\n\nSouth, The University of the, Sewanee, TN -- May 26, 1958\n\nPolytechnic Institute of New York, Brooklyn, NY -- April 3, 1959\n\nWestern Illinois University, Macomb, IL -- April 7, 1959\n\nTexas A&M University, College Station, TX -- April 13, 1959\n\nBaylor University, Waco, TX -- April 15, 1959\n\nLinfield College, McMinnville, OR -- April 17, 1959\n\nUtah State University, Logan, UT -- April 20, 1959\n\nWestminster College, New Wilmington, PA -- April 28, 1959\n\nNew Mexico State University, Las Cruces, NM -- April 12, 1960\n\nIdaho, University of, Moscow, ID -- April 20, 1960\n\nWashburn University of Topeka, Topeka, KS -- May 6, 1960\n\nSouthwestern Louisiana, University of, Lafayette, LA -- May 9, 1960\n\nSt. Bonaventure University, St. Bonaventure, NY -- May 16, 1960\n\nAlbany, University at, Albany, NY -- May 19, 1960\n\nWestern Kentucky University, Bowling Green, KY -- May 25, 1960\n\nNew York University, Bronx, NY -- May 27, 1960\n\nClark University, Worchester, MA -- April 27, 1962\n\nAdelphi University, Garden City, NY -- April 30, 1962\n\nMcMurry University, Abilene, TX -- May 3, 1962\n\nTexas-El Paso, University of, El Paso, TX -- May 7, 1962\n\nColorado State University, Fort Collins, CO -- May 9, 1962\n\nProvidence College, Providence, RI -- May 15, 1962\n\nIndiana University, Bloomington, IN -- December 16, 1962\n\nRensselaer Polytechnic Institute, Troy, NY -- March 9, 1963\n\nCalifornia State University-Los Angeles, Los Angeles, CA -- April 27, 1963\n\nTexas Christian University, Fort Worth, TX -- April 29, 1963\n\nBenedictine University, Lisle, IL -- May 13, 1963\n\nXavier University, Cincinnati, OH -- May 18, 1963\n\nTulsa, University of, Tulsa, OK -- May 18, 1963\n\nOklahoma City University, Oklahoma City, OK -- May 20, 1963\n\nMurray State University, Murray, KY -- May 23, 1963\n\nRhodes College, Memphis, TN -- May 27, 1963\n\nDetroit, University of, Detroit, MI -- June 6, 1963\n\nAlbion College, Albion, MI -- April 10, 1964\n\nSt. Mary’s University of Minnesota, Winona, MN -- May 4, 1964\n\nNebraska-Lincoln, University of, Lincoln, NE -- May 28, 1964\n\nRutgers University, Newark College of Arts & Sciences, Newark, NJ -- December 18, 1964\n\nSam Houston State University, Huntsville, TX -- April 20, 1965\n\nNorth Texas, University of, Denton, TX -- April 21, 1965\n\nLamar University, Beaumont, TX -- April 22, 1965\n\nDrexel University, Philadelphia, PA -- June 4, 1965\n\nDuquesne University, Pittsburgh, PA -- June 10, 1965\n\nStephen F. Austin State University, Nacogdoches, TX -- February 21, 1966\n\nTrinity University, San Antonio, TX -- February 23, 1966\n\nTexas-Arlington, University of, Arlington, TX -- February 28, 1966\n\nSouth Florida, University of, Tampa, FL -- March 3, 1966\n\nVirginia, University of, Charlottesville, VA -- March 8, 1966\n\nTrinity College, Washington, DC -- March 19, 1966\n\nCalifornia-Santa Barbara, University of, Santa Barbara, CA -- April 16, 1966\n\nVirginia Military Institute, Lexington, VA -- April 19, 1966\n\nRoanoke College, Salem, VA -- April 21, 1966\n\nRose-Hulman Institute of Technology, Terre Haute, IN -- May 10, 1966\n\nDePauw University, Greencastle, IN -- May 11, 1966\n\nUnited States Naval Academy, Annapolis, MD -- June 2, 1966\n\nEmporia State University, Emporia, KS -- November 14, 1966\n\nCalifornia State University-Northridge, Northridge, CA -- December 2, 1966\n\nMonmouth College, West Long Branch, NJ -- January 8, 1967\n\nLouisiana Tech University, Ruston, LA -- February 15, 1967\n\nMorehead State University, Morehead, KY -- March 20, 1967\n\nLoma Linda University, Riverside, CA -- April 4, 1967\n\nPan American University, Edinburg, TX -- May 10, 1967\n\nMemphis, University of, Memphis, TN -- May 12, 1967\n\nSalem College, Salem, WV -- March 8, 1968\n\nDayton, University of, Dayton, OH -- March 11, 1968\n\nDenison University, Granville, OH -- April 29, 1968\n\nWisconsin-Superior, University of, Superior, WI -- May 8, 1968\n\nPacific Union College, Angwin, CA -- May 15, 1968\n\nCarson-Newman College, Jefferson City, TN -- May 20, 1968\n\nWidener University, Chester, PA -- May 22, 1968\n\nJohns Hopkins University, Baltimore, MD -- May 24, 1968\n\nDickinson College, Carlisle, PA -- June 2, 1968\n\nMoravian College, Bethlehem, PA -- October 16, 1968\n\nNorthern Arizona University, Flagstaff, AZ -- November 7, 1968\n\nBall State University, Muncie, IN -- November 8, 1968\n\nCooper Union, The, New York, NY -- November 21, 1968\n\nMassachusetts-Lowell, University of, Lowell, MA -- November 23, 1968\n\nLouisiana at Monroe, University of, Monroe, LA (formerly Northeast Louisiana University) -- December 3, 1968\n\nYeshiva University, New York, NY -- January 2, 1969\n\nRipon College, Ripon, WI -- January 28, 1969\n\nScranton, University of, Scranton, PA -- February 15, 1969\n\nFlorida Southern College, Lakeland, FL -- March 6, 1969\n\nAppalachian State University, Boone, NC -- March 19, 1969\n\nRochester Institute of Technology, Rochester, NY -- March 28, 1969\n\nHanover College, Hanover, IN -- April 1, 1969\n\nClarkson University, Potsdam, NY -- April 8, 1969\n\nSoutheast Missouri State University, Cape Girardeau, MO -- April 10, 1969\n\nFlorida Institute of Technology, Melbourne, FL -- April 12, 1969\n\nSeton Hall University, South Orange, NJ -- April 15, 1969\n\nRutgers University, Camden College of Arts & Sciences, Camden, NJ -- April 15, 1969\n\nNorth Carolina-Wilmington, University of, Wilmington, NC -- April 18, 1969\n\nWisconsin-Oshkosh, University of, Oshkosh, WI -- April 23, 1969\n\nWisconsin-Whitewater, University of, Whitewater, WI -- April 24, 1969\n\nPittsburg State University, Pittsburg, KS -- May 6, 1969\n\nToledo, The University of, Toledo, OH -- May 7, 1969\n\nSanta Clara University (Santa Clara, University of), Santa Clara, CA -- May 7, 1969\n\nAkron, University of, Akron, OH -- May 8, 1969\n\nRhode Island, University of, Kingston, RI -- May 9, 1969\n\nSUNY at Stony Brook, NY -- May 12, 1969\n\nAugustana College, Rock Island, IL -- May 12, 1969\n\nCalifornia State University-Long Beach, Long Beach, CA -- May 12, 1969\n\nNew Orleans, University of, New Orleans, LA -- May 13, 1969\n\nAustin Peay State University, Clarksville, TN -- May 14, 1969\n\nCleveland State University, Cleveland, OH -- May 15, 1969\n\nSouthwestern Oklahoma State University, Weatherford, OK -- May 16, 1969\n\nBowling Green State University, Bowling Green, OH -- May 17, 1969\n\nMiami, University of, Coral Gables, FL -- May 20, 1969\n\nWisconsin-Platteville, University of, Platteville, WI -- May 22, 1969\n\nSt. Peter’s College, Jersey City, NJ -- May 25, 1969\n\nCalifornia Polytechnic State University-San Luis Obispo, San Luis Obispo, CA -- May 26, 1969\n\nGeorgia State University, Atlanta, GA -- May 27, 1969\n\nIdaho State University, Pocatello, ID --May 27, 1969\n\nCincinnati, University of, Cincinnati, OH -- May 28, 1969\n\nWright State University, Dayton, OH -- May 29, 1969\n\nCalifornia State Polytechnic University-Pomona, Pomona, CA -- May 29, 1969\n\nMorgan State University, Baltimore, MD -- October 11, 1969\n\nBirmingham-Southern College, Birmingham, AL -- November 3, 1969\n\nAlabama-Huntsville, University of, Huntsville, AL -- November 4, 1969\n\nIona College, New Rochelle, NY -- January 1, 1970\n\nHoly Cross, College of the, Worcester, MA -- February 19, 1970\n\nWorcester Polytechnic Institute, Worcester, MA -- February 20, 1970\n\nMississippi State University, Mississippi, MS -- March 12, 1970\n\nBloomsburg University, Bloomsburg, PA -- March 17, 1970\n\nPratt Institute, Brooklyn, NY -- March 17, 1970\n\nCalifornia State University-Sacramento, Sacramento, CA -- April 8, 1970\n\nGeorge Mason University, Fairfax, VA -- April 10, 1970\n\nRice University, Houston, TX -- April 15, 1970\n\nCentral Missouri State University, Warrensburg, MO -- April 16, 1970\n\nNorthwestern University, Evanston, IL -- April 17, 1970\n\nThomas More College, Fort Mitchell, KY -- April 30, 1970\n\nTennessee-Space Institute, University of, Tullahoma, TN -- May 5, 1970\n\nIndiana State University, Terre haute, IN -- May 5, 1970\n\nFordham University, Bronx, NY -- May 5, 1970\n\nCentral Oklahoma, University of, Edmond, OK -- May 6, 1970\n\nGrove City College, Grove City, PA -- May 9, 1970\n\nElizabethtown College, Elizabethtown, PA -- May 9, 1970\n\nSUNY at Fredonia, Fredonia, NY -- May 12, 1970\n\nBoston State College, Boston, MA -- May 13, 1970\n\nEastern Illinois University, Charleston, IL -- May 19, 1970\n\nCalifornia-Irvine, University of, Irvine, CA -- May 21, 1970\n\nMississippi College, Clinton, MS -- May 28, 1970\n\nEast Stroudsburg University, East Stroudsburg, PA -- October 20, 1970\n\nJacksonville University, Jacksonville, FL -- November 10, 1970\n\nHunter College of the CUNY, New York, NY -- December 2, 1970\n\nMissouri-Kansas City, University of, Kansas City, MO -- January 8, 1971\n\nNew York Institute of Technology, Old Westbury, NY -- January 11, 1971\n\nSeattle University, Seattle, WA -- February 24, 1971\n\nBradley University, Peoria, IL -- March 13, 1971\n\nArkansas State University, State University, AR -- March 14, 1971\n\nBenedictine College, Atchison, KS -- March 25, 1971\n\nBuffalo State College, Buffalo, NY -- March 26, 1971\n\nNorthwestern State University of Louisiana, Natchitoches, LA -- April 23, 1971\n\nOld Dominion University, Norfolk, VA -- April 30, 1971\n\nWest Virginia Institute of Technology, Montgomery, WV -- April 30, 1971\n\nOttawa University, Ottawa, KS -- May 4, 1971\n\nWake Forest University, Winston-Salem, NC -- May 5, 1971\n\nLoyola College, Baltimore, MD -- May 7, 1971\n\nGrambling State University, Grambling, LA -- May 7, 1971\n\nAmerican University, The, Washington, DC -- May 14, 1971\n\nSouthern Mississippi, University of, Hattiesburg, MS -- May 15, 1971\n\nEastern new Mexico University, Portales, NM -- May 22, 1971\n\nJamestown College, Jamestown, ND -- May 24, 1971\n\nBemidji State University, Bemidji, MN -- May 31, 1971\n\nBridgeport, University of, Bridgeport, CT -- June 3, 1971\n\nEdinboro University, Edinboro, PA -- October 16, 1971\n\nThiel College, Greenville, PA -- October 19, 1971\n\nMuhlenberg College, Allentown, PA -- February 25, 1972\n\nDordt College, Sioux Center, IA -- March 8, 1972\n\nSouthwest Missouri State University, Springfield, MO -- April 6, 1972\n\nTexas A&M University-Commerce, Commerce, TX -- April 21, 1972\n\nGannon University, Erie, PA -- April 22, 1972\n\nSUNY at Geneseo, Geneseo, NY -- April 26, 1972\n\nAustin College, Sherman, TX -- April 28, 1972\n\nIndiana University of Pennsylvania, Indiana, PA -- May 4, 1972\n\nLynchburg College, Lynchburg, VA -- May 4, 1972\n\nSouthern Arkansas University, Magnolia, AR -- May 4, 1972\n\nEast Carolina University, Greenville, NC -- May 10, 1972\n\nKent State University, Kent, OH -- May 10, 1972\n\nSouthern University and A&M College, Baton Rouge, LA -- May 10, 1972\n\nYoungstown State University, Youngstown, OH -- May 10, 1972\n\nLawrence Technological University, Southfield, MI -- May 11, 1972\n\nNebraska-Omaha, University of, Omaha, NE -- May 17, 1972\n\nPuget Sound, University of, Tacoma, WA -- May 19, 1972\n\nSouthern California, University of, Los Angeles, CA -- May 19, 1972\n\nKansas Wesleyan University, Salina, KS -- September 14, 1972\n\nDe Paul University, Chicago, IL -- November 10, 1972\n\nWagner College, Staten Island, NY -- January 11, 1973\n\nShippensburg University, Shippensburg, PA -- February 10, 1973\n\nAbilene Christian University, Abilene, TX -- March 1, 1973\n\nTexas A&M University-Kingsville, Kingsville, TX -- March 22, 1973\n\nFrostburg State University, Frostburg, MD -- March 31, 1973\n\nHenderson State University-Oachita Baptist University, Arkadelphia, AR -- April 12, 1973\n\nLycoming College, Williamsport, PA -- April 16, 1973\n\nNorth Dakota State University, Fargo, ND -- April 30, 1973\n\nSUNY at Oswego, Oswego, NY -- May 10, 1973\n\nNorthern Illinois University Dekalb, IL -- May 11, 1973\n\nWest Florida, University of, Pensacola, FL -- May 25, 1973\n\nSt. John’s University, Jamaica, NY -- December 5, 1973\n\nSaginaw Valley State University, University Center, MI -- December 14, 1973\n\nConcordia College, Moorhead, MN -- December 28, 1973\n\nMoorhead State University, Moorhead, MN -- December 28, 1973\n\nTrenton State College, Trenton, NJ -- March 28, 1974\n\nPrairie View A&M University, Prairie View, TX -- April 3, 1974\n\nSouthern Colorado, University of, Pueblo, CO -- April 5, 1974\n\nNorth Carolina-Charlotte, University of, Charlotte, NC -- April 18, 1974\n\nCameron University, Lawton, OK -- May 10, 1974\n\nSUNY at Binghamton, Binghamton, NY -- May 20, 1974\n\nSiena College, Loudonville, NY -- October 23, 1974\n\nMontana State University, Bozeman, MT -- November 8, 1974\n\nNew Mexico Highlands University, Las Vegas, NM -- November 10, 1974\n\nAndrews University, Berrien Springs, MI -- December 4, 1974\n\nJuniata College, Huntington, PA -- March 19, 1975\n\nLewis University, Lockport, IL -- March 22, 1975\n\nMidwestern State University, Wichita Falls, TX -- April 4, 1975\n\nUnion College, Schenectady, NY -- April 8, 1975\n\nJohn Carroll University, University Heights, OH -- April 17, 1975\n\nNebraska-Kearney, University of, Kearney, NE -- April 22, 1975\n\nSlippery Rock University, Slippery Rock, PA -- April 22, 1975\n\nRollins College, Winter park, FL -- April 28, 1975\n\nTowson University, Towson, MD -- May 1, 1975\n\nHeidelberg College, Tiffin, OH -- May 6, 1975\n\nWisconsin-River Falls, University of, River Falls, WI -- May 9, 1975\n\nSUNY at Oneonta, Oneonta, NY -- May 16, 1975\n\nTennessee Technological University, Cookeville, TN -- February 26, 1976\n\nWestern Washington University, Bellingham, WA -- March 12, 1976\n\nIowa State University, Ames, IA -- March 13, 1976\n\nNorth Alabama, University of, Florence, AL -- March 23, 1976\n\nTexas State University (Southwest Texas State University), San Marcos, TX -- March 26, 1976\n\nMorehouse College, Atlanta, GA -- March 31, 1976\n\nAugsburg College, Minneapolis, MN -- April 12, 1976\n\nCentral Michigan University, Mount Pleasant, MI -- April 19, 1976\n\nMichigan Technological University, Houghton, MI -- April 20, 1976\n\nKansas State University, Manhattan, KS -- May 5, 1976\n\nEastern Oregon University, La Grande, OR -- May 13, 1976\n\nMassachusetts-Boston, University of, Boston, MA -- May 15, 1976\n\nNorth Georgia College, Dahlonega, GA -- May 21, 1976\n\nFlorida International University, Miami, FL -- May 27, 1976\n\nVillanova University, Villanova, PA -- February 11, 1977\n\nValparaiso University, Valparaiso, IN -- April 8, 1977\n\nAngelo State University, San Angelo, TX -- April 15, 1977\n\nGuilford College, Greensboro, NC -- April 21, 1977\n\nNorth Carolina-Greensboro, University of, Greensboro, NC -- April 21, 1977\n\nJackson State University, Jackson, MS -- January 24, 1978\n\nColorado School of Mines, Golden, CO -- April 10, 1978\n\nCalifornia State University-Hayward, Hayward, CA -- April 12, 1978\n\nNortheastern Oklahoma State University, Tahlequah, OK -- April 28, 1978\n\nSouthern Methodist University, Dallas, TX -- May 18, 1978\n\nSUNY at Cortland, Cortland, NY -- October 5, 1978\n\nVirginia Commonwealth University, Richmond, VA -- October 13, 1978\n\nValdosta State College, Valdosta, GA -- November 15, 1978\n\nWisconsin-Eau Claire, University of, Eau Claire, WI -- February 23, 1979\n\nMississippi, University of, University, MS -- March 29, 1979\n\nWilkes University, Wilkes-Barre, PA -- April 27, 1979\n\nSouth Alabama, University of, Mobile, AL -- May 4, 1979\n\nLoyola Marymount University, Los Angeles, CA -- May 11, 1979\n\nMinnesota, University of, Minneapolis, MN -- May 18, 1979\n\nElmhurst College, Elmhurst, IL -- December 1, 1979\n\nLoyola University of Chicago, Chicago, IL -- April 23, 1980\n\nVanderbilt University, Nashville, TN -- April 30, 1980\n\nSUNY at Potsdam, Potsdam, NY -- May 3, 1980\n\nSUNY at Plattsburgh, Plattsburgh, NY -- May 3, 1980\n\nOlivet Nazarene University, Kankakee, IL -- May 21, 1980\n\nMaryland-Baltimore County, University of, Baltimore, MD -- June 4, 1980\n\nAlma College, Alma, MI -- April 4, 1981\n\nUrsinus College, Collegeville, PA -- April 11, 1981\n\nBoston University, Boston, MA -- April 16, 1981\n\nArkansas-Little Rock, University of, Little Rock, AR -- April 20, 1981\n\nMillersville University, Millersville, PA -- April 28, 1981\n\nCalifornia-Santa Cruz, University of, Santa Cruz, CA -- April 30, 1981\n\nGeorgia Southern College, Statesboro, GA -- May 22, 1981\n\nCalifornia-Davis, University of, Davis, CA -- May 28, 1981\n\nSouthern Oregon University, Ashland, OR -- November 22, 1981\n\nSan Francisco, University of, San Francisco, CA -- December 4, 1981\n\nCalifornia State University-Fresno, Fresno, CA -- February 3, 1982\n\nPresbyterian College, Clinton, SC -- March 25, 1982\n\nHope College, Holland, MI -- April 16, 1982\n\nRichard Stockton College of New Jersey, Pomona, NJ -- April 28, 1982\n\nMassachusetts Institute of Technology, Cambridge, MA -- May 2, 1982\n\nCreighton University, Omaha, NE -- December 5, 1982\n\nBenedict College, Columbia, SC -- March 16, 1983\n\nNorth Carolina-Chapel Hill, University of, Chapel Hill, NC -- April 6, 1983\n\nIowa, University of, Iowa City, IA -- April 8, 1983\n\nJames Madison University, Harrisonburg, VA -- April 22, 1983\n\nCentral Arkansas, University of, Conway, AR -- April 26, 1983\n\nColumbia University, New York, NY -- May 2, 1983\n\nMassachusetts-Dartmouth, University of, North Dartmouth, MA -- May 2, 1983\n\nCalifornia State University-Chico, Chico, CA -- May 10, 1983\n\nArizona State University, Tempe, AZ -- October 28, 1983\n\nNorthern Iowa, University of, Cedar Falls, IA -- November 4, 1983\n\nLuther College, Decorah, IA -- April 3, 1984\n\nPrincipia College, Elsah, IL -- April 12, 1984\n\nTexas Southern University, Houston, TX -- April 18, 1984\n\nEastern Kentucky University, Richmond, KY -- May 1, 1984\n\nCalifornia-Berkeley, University of, Berkeley, CA -- November 9, 1984\n\nDallas-Irving, University of, Irving, TX -- November 27, 1984\n\nRandolph-Macon College, Ashland, VA -- May 10, 1985\n\nState University of West Georgia (West Georgia College), Carrollton, GA -- May 24, 1985\n\nHampton University, Hampton, VA -- November 13, 1985\n\nEastern Michigan University, Ypsilanti, MI -- November 16, 1985\n\nNorth Carolina-Asheville, University of, Asheville, NC -- November 22, 1985\n\nFrancis Marion University (Francis Marion College), Florence, SC -- April 10, 1986\n\nMt. Union College, Alliance, OH -- April 16, 1986\n\nMary Washington College, Fredericksburg, VA -- May 2, 1986\n\nUnited States Military Academy, West Point, NY -- May 2, 1986\n\nMichigan, University of, Ann Arbor, MI -- May 3, 1986\n\nColorado-Colorado Springs, University of, Colorado Springs, CO -- May 13, 1986\n\nNortheastern University, Boston, MA -- June 2, 1986\n\nLewis & Clark College, Portland, OR -- June 4, 1986\n\nWest Chester University, West Chester, PA -- November 3, 1986\n\nLincoln University, Lincoln University, PA -- April 4, 1987\n\nCentral Washington University, Ellensburg, WA -- May 2, 1987\n\nNortheast Missouri State University, Kirksville, MO -- October 23, 1987\n\nMiddle Tennessee State University, Murfreesboro, TN -- October 29, 1987\n\nSan Jose State University, San Jose, CA -- December 1, 1987\n\nCollege of Charleston, Charleston, SC -- December 2, 1987\n\nMilsaps College, Jackson, MS -- February 4, 1988\n\nDrew University, Madison, NJ -- April 13, 1988\n\nSusquehanna University, Selingsgrove, PA -- April 15, 1988\n\nWellesley College, Wellesley, MA -- April 25, 1988\n\nCarroll College, Waukesha, WI -- May 3, 1988\n\nRutgers University-New Brunswick, Piscataway, NJ -- May 3, 1988\n\nGonzaga University, Spokane, WA -- June 16, 1988\n\nTransylvania University, Lexington, KY -- January 30, 1989\n\nTexas-Dallas, University of, Dallas, TX – April 1, 1989\n\nKeene State College, Keene, NH -- April 5, 1989\n\nMesa State College, Grand Junction, CO -- August 23, 1989\n\nPennsylvania State University at Erie, The Behrend College, Erie, PA -- April 2, 1990\n\nErskine College, Due West, SC -- April 9, 1990\n\nFairfield University, Fairfield, CT -- December 2, 1990\n\nSt. Norbert College, De Pere, WI -- April 3, 1991\n\nTarleton State University, Tarleton Station, TX -- October 15, 1993\n\nCalifornia State University-Dominguez Hills, Carson, CA -- April 20, 1991\n\nHartwick College, Oneonta, NY -- November 9, 1991\n\nNew Mexico Institute of Mining & Technology, Socorro, NM -- November 20, 1991\n\nOglethorpe University, Atlanta, GA -- April 1, 1992\n\nBethany College, Bethany, WV -- May 7, 1992\n\nMt. Holyoke, South Hadley, MA -- May 9, 1992\n\nCentral Connecticut State, New Britain, CT -- May 14, 1992\n\nFort Lewis College, Durango, CO -- April 18, 1992\n\nDrake University, Des Moines, IA – May 1, 1992\n\nNortheastern Illinois University, Chicago, IL -- December 20, 1992\n\nMichigan-Flint, University of, Flint, MI -- March 19, 1993\n\nWashington & Jefferson College, Washington, PA – May 1, 1992\n\nSouthern Nazarene University, Bethany, OK -- February 19, 1994\n\nClark Atlanta University, Atlanta, GA -- May 6, 1994\n\nBethel University (Bethel College), St. Paul, MN -- May 17, 1994\n\nSUNY at Brockport, Brockport, NY -- November 18, 1994\n\nRochester, University of, Rochester, NY -- November 30, 1994\n\nWheeling Jesuit University, Wheeling, WV -- April 27, 1995\n\nMcDaniel College (Western Maryland College), Westminster, MD -- May 4, 1995\n\nEast Central Oklahoma University, Ada, OK -- September 21, 1995\n\nLongwood College, Farmville, VA -- January 27, 1996\n\nWhittier College, Whittier, CA -- February 27, 1996\n\nCatholic University of America, The, Washington, DC -- March 26, 1996\n\nMillikin University, Decatur, IL -- March 28, 1996\n\nKnox College, Galesburg, IL -- May 24, 1996\n\nNorth Park University, Chicago, IL -- May 5, 1994\n\nConnecticut College, New London, CT -- April 23, 1997\n\nCentre College, Danville, KY -- January 18, 1996\n\nGeorgian Court College, Lakewood, NJ -- April 21, 1996\n\nSpelman College, Atlanta, GA -- February 26, 1998\n\nHillsdale College, Hillsdale, MI -- April 22, 1998\n\nHendrix College, Conway, AR -- April 29, 1998\n\nCumberlands, University of the, (formerly Cumberland College), Williamsburg, KY -- May 8, 1998\n\nLouisiana State University, Shreveport, LA -- June 18, 1988\n\nSan Diego, University of, San Diego, CA -- May 4, 1999\n\nWisconsin-LaCrosse, University of, La Crosse, WI – May 1, 1999\n\nNew Mexico, University of, Albuquerque, NM -- 1999\n\nMontana, University of, Bozeman, MT -- Oct. 22, 1999\n\nNotre Dame, University of, Notre Dame, IN -- Feb. 24, 2000\n\nLawrence University, Appleton, WI -- June 1, 2000\n\nRandolph-Macon Woman’s College, Lynchburg, VA -- May 30, 2000\n\nOhio Northern University, Ada, OH -- June 7, 2000\n\nSouthwestern College, Winfield, KS -- 1999\n\nRowan University (Rowan College of New Jersey), Glassboro, NJ -- Oct. 23, 2000\n\nChristian Brothers University, Memphis, TN -- Sept. 17, 2001\n\nAllegheny College, Allegheny, PA -- April 26, 2002\n\nCarnegie Mellon University, Pittsburgh, PA -- April 27, 2002\n\nTexas at San Antonio, University of, San Antonio, TX -- May 1, 2001\n\nChicago State University, Chicago, IL -- May 6, 2002\n\nPacific University, Forest Grove, OR -- May 9, 2002\n\nEmbry-Riddle, Daytona Beach, FL -- Jan. 28, 2002\n\nSkidmore College, Saratoga Springs, NY -- April 5, 2002\n\nKettering University, Flint, MI -- March 24, 2003\n\nKutztown University of Pennsylvania, Kutztown, PA -- April 28, 2003\n\nLe Moyne College, Syracuse, NY -- Dec. 6, 2002\n\nCoe College, Cedar Rapids, IA -- Apr. 4, 2004\n\nSt. Mary’s University, San Antonio, TX -- April 30, 2004\n\nLafayette College, Easton, PA -- April 16, 2004\n\nDillard University, New Orleans, LA -- April 6, 2004\n\nIthaca College, Ithaca, NY -- April 27, 2004\n\nVermont, University of, Burlington, VT -- April 30, 2004\n\nWittenberg University, Springfield, OH -- May 12, 2004\n\nWartburg College, Waverly, IA -- May 18, 2004\n\nGustavus Adolphus College, St. Peter, MN -- May 23, 2004\n\nNorthwest Nazarene University (Northwest Nazarene College), Nampa, ID -- April 20, 2004\n\nColgate University, Hamilton, NY -- Nov. 16, 2004\n\nSoutheastern Louisiana University, Hammond, LA -- Feb. 25, 2005\n\nAlabama A&M University, Huntsville, AL -- May 5, 2005\n\nUniversity of Central Florida, Orlando, FL -- March 25, 2005\n\nMarietta College, Marietta, OH -- March 2, 2005\n\nBrigham Young University-Idaho, Rexburg, ID -- Dec. 15, 2005\n\nEmbry Riddle Aeronautical University, Prescott, Arizona -- Jan. 13, 2006\n\nMinnesota-Duluth, University of, Duluth, MN – April 1, 2006\n\nIndiana University-South Bend, South Bend, IN -- April 14, 2006\n\nRadford University, Radford, VA -- April 25, 2006\n\nFisk University, Nashville, TN -- May 1, 2006\n\nRamapo College of New Jersey, Mahwah, NJ -- October 11, 2006\n\nMary Baldwin College, Staunton, VA -- May 12, 2007\n\nSt. Vincent College, Latrobe, PA -- April 28, 2007\n\nDrury University, Springfield, MO -- May 4, 2007\n\nUnion University, Jackson, TN -- May 8, 2007\n\nJackson State University, Jackson, MS -- November 5, 2007\n\nCarthage College, Kenosha, WI -- November 30, 2007\n\nWashington & Lee University, Lexington, VA -- October 10, 2007\n\nUniversity of Wisconsin-Stevens Point, Stevens Point, WI -- Feb. 6, 2008\n\nCalifornia State University, San Bernardino, CA -- March 6, 2008\n\nButler University, Indianapolis, IN -- April 23, 2008\n\nMarshall University, Huntington, WV -- April 25, 2008\n\nUniversity of North Florida, Jacksonville, FL -- April 30, 2008\n\nElon University, Graham, NC -- May 13, 2008\n\nIllinois State University, Normal, IL -- November 3, 2008\n\nSeattle Pacific University, Seattle, WA -- November 24, 2008\n\nPortland State University, Portland, OR -- December 18, 2008\n\nGrand Valley State University, Allendale, MI -- Jan 1, 2009\n\nSonoma State University, Rohnert Park, CA -- Feb. 24, 2009\n\nWashington University in St. Louis, MO -- April 24, 2009\n\nSouth Carolina State University, Orangeburg, SC -- Feb. 24, 2009\n\nSt. Mary’s College of Maryland, St. Mary’s City, MD -- April 23, 2009\n\nStevens Institute of Technology, Hoboken, NJ -- March 27, 2009\n\nUniversity of Missouri, Columbia, MO -- 2010\n\nCalifornia State University, San Marcos, CA -- 2010\n\nTexas Lutheran University, Seguin, TX -- March 29, 2010\n\nHouston Baptist University, Houston, TX -- June 2, 2010\n\nSuffolk University, Boston, MA -- June 2, 2010\n\nAugustana College, Rock Island, IL -- May 16, 2011\n\nTougaloo College, Tougaloo, MS – May 1, 2011\n\nUniversity of Buffalo, SUNY, Buffalo, NY -- November 4, 2011\n\nKenyon College, Gambier, OH -- December 12, 2012\n\nNational University of Singapore, Singapore-- June 6, 2012\n\nGordon College, Wenham, MA -- April 6, 2012\n\nMassachusetts College of Liberal Arts, North Adams, MA -- April 13, 2012\n\nSimpson College, Indianola, IA -- April 24, 2013\n\nLebanon Valley College, Annville, PA -- April 20, 2013\n\nRoberts Wesleyan College, Rochester, NY -- April 13, 2013\n\nChristopher Newport University, Newport News, VA -- April 23, 2013\n\nC.U.N.Y. - Lehman College, Bronx, NY -- July 18, 2013\n\nBryn Mawr College, Bryn Mawr, PA -- 5/17/2013\n\nUniversity of Texas at Rio Grande Valley-East, Brownsville, TX-- March 23, 2013\n\nUnited States Air Force Academy, Colorado Spring, CO -- May 21, 2014\n\nSaint Michael's College, Colchester, VT -- October 10, 2014\n\nKennesaw State University -- 4/1/2014\n\nPurdue University - Fort Wayne, Fort Wayne, IN -- May 28, 2014\n\nDoane College, Certe, NE -- July 22, 2014\n\nMercyhurst University, Erie, PA -- March 11, 2015\n\nNorfolk State University, Norfolk, VA -- May 5, 2015\n\nGeorgia College and State University, Milledgeville, GA -- July 16, 2015\n\nMessiah College, Mechanicsburg, PA -- December 1, 2015\n\nMissouri Southern State University, Joplin, MO -- October 1, 2015\n\nXavier University of Louisiana, New Orleans, LA -- November 10, 2015\n\nBridgewater College, Bridgewater, VA -- November 20, 2015\n\nFlorida Atlantic University, Boca Raton, FL -- December 17, 2015\n\nSalisbury University Salisbury, MD -- January 12, 2016\n\nRockhurst University, Kansas City, MO -- June 17, 2016\n\nUniversity of Colorado, Denver, Denver, CO -- February 24, 2017\n\nWest Virginia Wesleyan College Buckhannon, WV -- February 24, 2017\n\nBerry College Mount Berry, GA -- April 29, 2017\n\nMetropolitan State University of Denver, Denver, CO -- March 24, 2017\n\nCalifornia Lutheran University Thousand Oaks, CA -- April 24, 2017\n\nUniversity of the Sciences Philadelphia, PA -- May 2, 2017\n\nUniversity of Washington, Bothell Bothell, WA -- March 24, 2017\n\nUniversity of Nevada-Las Vegas Las Vegas, NV -- 8/21/2017\n\nWofford College Spartanburg, SC -- April 24, 2018\n\nHigh Point University High Point, NC -- April 9, 2018\n\nSaint Anselm College Manchester, NH -- April 16, 2018\n\nUniversity of Wisconsin-Parkside Parkside, WI -- April 11, 2019\n\nNew College of Florida, Sarasota, FL -- April 11, 2019\n\nBrown University Providence, RI – February 21, 2020\n\nYale University New Haven Connecticut – October 6, 2020\n\nSaint Mary's College-Notre Dame, Notre Dame, IN -- January 1, 2022\n\nKalamazoo College, Kalamazoo, MI -- March 1, 2022\n\nUniversity of Alabama at Birmingham, Birmingham, AL -- March 1, 2022\n\nPurdue University Northwest, Hammond, IN -- March 21, 2022\n\nFlorida Polytechnic University, Lakeland, FL -- April 1, 2022\n\nTroy University, Troy, AL -- February 1, 2023\n\nCase Western Reserve University, Cleveland, OH -- November 17, 2023"
    }
}