{
    "id": "dbpedia_7555_0",
    "rank": 41,
    "data": {
        "url": "https://concerts.fandom.com/wiki/Randy_Newman",
        "read_more_link": "",
        "language": "en",
        "title": "Randy Newman",
        "top_image": "https://static.wikia.nocookie.net/ucp-internal-test-starter-commons/images/a/aa/FandomFireLogo.png/revision/latest?cb=20210713142711",
        "meta_img": "https://static.wikia.nocookie.net/ucp-internal-test-starter-commons/images/a/aa/FandomFireLogo.png/revision/latest?cb=20210713142711",
        "images": [
            "https://static.wikia.nocookie.net/6a181c72-e8bf-419b-b4db-18fd56a0eb60",
            "https://static.wikia.nocookie.net/6c42ce6a-b205-41f5-82c6-5011721932e7",
            "https://static.wikia.nocookie.net/464fc70a-5090-490b-b47e-0759e89c263f",
            "https://static.wikia.nocookie.net/f7bb9d33-4f9a-4faa-88fe-2a0bd8138668"
        ],
        "movies": [],
        "keywords": [],
        "meta_keywords": [
            ""
        ],
        "tags": null,
        "authors": [
            "Contributors to Concerts Wiki"
        ],
        "publish_date": null,
        "summary": "",
        "meta_description": "1969 October 16-18, 1969 Lion's Share, San Anselmo, CA (with Ry Cooder, supporting Canterbury Fair & George Coyote. Randy's first solo performance in front of an audience, with his back pretty much to the audience) 1970 February 24-29, 1970 Troubadour, Los Angeles, CA (supported by Mary...",
        "meta_lang": "en",
        "meta_favicon": "/skins-ucp/mw139/common/favicon.ico",
        "meta_site_name": "Concerts Wiki",
        "canonical_link": "https://concerts.fandom.com/wiki/Randy_Newman",
        "text": "1969\n\nOctober 16-18, 1969 Lion's Share, San Anselmo, CA (with Ry Cooder, supporting Canterbury Fair & George Coyote. Randy's first solo performance in front of an audience, with his back pretty much to the audience)\n\n1970\n\nFebruary 24-29, 1970 Troubadour, Los Angeles, CA (supported by Mary McCaslin. Randy's first \"official\" appearance)\n\nJune ?, 1970 US TV \"Liza\" performing \"Love Story\" solo & \"So Long Dad\" in a duet with Liza Minnelli. Broadcast June 29th)\n\nSeptember 9-14 & 16-21, 1970 Bitter End, New York City, NY (Randy's first NYC performance, supported by The Chapins & (17-19 only) Fairport Convention)\n\nSeptember 24, 1970 US TV \"David Frost Show\". Broadcast date.\n\nSeptember 24-27, 1970 Main Point, Bryn Mawr, PA (supported by Manhattan Transfer)\n\nOctober 1, 1970 US TV \"David Frost Variety\". Broadcast date.\n\nOctober 10, 1970 Revolution Club, London, ENG (Due to a rude audience, Randy only performed \"Lover's Prayer\", \"Yellow Man\", and part of \"I Think It's Going To Rain Today\", before walking off stage)\n\n1971\n\n? ?, 1971 The Boarding House, San Francisco, CA\n\nSeptember 7-12, 1971 Troubadour, Los Angeles, CA (With Ian Mathews)\n\nSeptember 30, 1971 Town Hall, New York City, NY\n\nOctober 1, 1971 George Washington University's Lisner Auditorium, Washington, DC\n\nOctober 8, 1971 Sanders Theatre, Boston, MA\n\nOctober 14-17, 1971 Main Point, Bryn Mawr, PA (supported by Ralph McTell)\n\nOctober 23, 1971 UCLA Royce Hall, Los Angeles, CA (Pop At Royce Series)\n\nNovember 6, 1971 Masonic Auditorium, San Francisco, CA\n\nNovember ?, 1971 UCLA Royce Hall, Los Angeles, CA\n\nFall of 1971 Carnegie-Mellon University, Pittsburgh, PA (supported by Bonnie Raitt)\n\nDecember 1, 1971 Syracuse, NY (\"Remote @ Warner Bros\")\n\nDecember 2, 1971 Crouse College Auditorium, Syracuse, NY (supported by Bonnie Raitt)\n\nDecember 5, 1971 Guthrie, MN (supported by Bonnie Raitt)\n\nFall of 1971 Bitter End, New York City, NY (a tuesday night)\n\n? ?, 1971 Quiet Knight, Chicago, IL\n\n1972\n\nMarch 6, 1972 Royal Festival Hall, London, ENG (supported by David Elliott)\n\nMarch 9, 1972 Bussum, NED\n\nMarch 11, 1972 Concertgebouw, Amsterdam, NED\n\nMarch 27-April 1, 1972 Marv's, Denver, CO (with David Blomberg)\n\nApril 5-9, 1972 Quiet Knight, Chicago, IL\n\nMay ?, 1972 Los Angeles, CA (\"Folkscene\" KPFA, Randy is interviewed and plays 14 songs)\n\nMay 16-21, 1972 Troubador, Los Angeles, CA (supported by Jennifer Warnes)\n\n? ?, 1972 Towne Crier Cafe, Pawling, NY\n\n? ?, 1972 Ebbett's Field, Denver, CO (Radio broadcast)\n\nJune 8-11, 1972 Boarding House, San Francisco, CA (supported by Jim Croce)\n\nJune 15-18, 1972 Main Point, Bryn Mawr, PA (supported by Jim Croce)\n\nJune 23-25, 1972 My Father's Place, Roslyn, NY (supported by Jim Croce)\n\nJune 27, 1972 Bitter End, New York City, NY (supported by Jim Croce)\n\nJuly 21, 1972 Civic Auditorium, Santa Monica, CA (supported by Judee Sill & Jim Croce)\n\nJuly 27, 1972 Buffalo, NY\n\nJuly 29, 1972 Lenox Arts Center, Lenox, MA (supporting Preservation Hall Jazz Band)\n\nJuly 31, 1972 US TV \"The Dick Cavett Show\"\n\nAugust 4-5, 1972 Pagoda Palace, San Francisco, CA (Live radio broadcast)\n\nAugust 21, 1972 Pine Knob Music Theater, Detroit, MI (supported by Jim Croce)\n\nAugust 22, 1972 Bitter End, New York City, NY\n\nAugust 24-27, 1972 Paul's Mall, Boston, MA (2 shows each night 8.30 & 10.30, supported by Jim Croce)\n\nAugust 28-29, 1972 Grumbles, Toronto, ON (supported by Jim Croce)\n\nSeptember 1, 1972 Merriweather Post Pavilion, Columbia, MD (CANCELLED, supported by Jim Croce)\n\nSeptember 15, 1972 George Washington\n\nSeptember 16, 1972 Irvine Auditorium, Philadelphia, PA (supported by Jim Croce)\n\nSeptember 18, 1972 Goddard College\n\nOctober 7, 1972 Carlyle, PA\n\nOctober 8, 1972 Guthrie Theater, Minneapolis, MN (supported by Jim Croce)\n\nOctober 20, 1972 Philharmonic Hall, New York City, NY (With 50-piece orchestra, conducted by Emil Newman)\n\nOctober 21, 1972 Princeton University McCarter Theater, Princeton, NJ\n\nOctober 27 - \"Radio Show w/ Michael Cuserena\" from Warner Bros.\n\nOctober 28, 1972 University of Toledo, Toledo, OH\n\nOctober 29, 1972 Syracuse, NY\n\nNovember 4, 1972 Community Theater, Berkeley, CA (supported by Jesse Colin Young)\n\nNovember 8-9, 1972 University of Houston, Houston, TX\n\nDecember 8, 1972 Worchester, MA\n\nDecember 9, 1972 Boston, MA\n\n1972 and/or1973 - Cambridge Performance Center, Cambridge, MA\n\n1973\n\nMarch 16, 1973 Lafayette, LA\n\nApril 5, 1973 Buffalo, NY\n\nApril 6, 1973 Massey Hall,Toronto, ON (with Sandy Denny)\n\nApril 7, 1973 SUNY Elting Gym, New Paltz, New York, NY (with Sandy Denny)\n\nApril 8, 1973 Rochester, NY\n\nApril 11, 1973 Power Center, Ann Arbor, MI (with Tim Buckley)\n\nApril 12, 1973 Symphony Hall, Boston, MA (supported by Sandy Denny & Martin Mull)\n\nApril 13, 1973 Yale, CT\n\nApril 14, 1973 Farleigh Exposure Coffeehouse, Rutherford, NJ (2 shows with Sandy Denny)\n\nApril 27-29, 1973 Ebbets Field, Denver, CO (2 shows each night with Sandy Denny)\n\nMay 4, 1973 Gambier, OH\n\nMay 5, 1973 Oberlin, OH\n\nMay 6, 1973 University of Nebraska, Omaha, NB\n\nMay 7, 1973 Appelton, WI\n\nMay 10-13, 1973 Tulogi ????\n\nJune 2, 1973 Armadillo World Headquarters, Austin, TX\n\nAugust 12, 1973 Hyannis, Massachusetts, MA\n\nAugust 17-19, 1973 Quiet Knight, Chicago, IL\n\nAugust 23-25, 1973 Washington, DC\n\nAugust 26, 1973 Hyannis, Cape Cod\n\nSeptember 21, 1973 West Chester, PA\n\nSeptember 22, 1973 Shubert Theater, Philadelphia, PA (2 shows 8.00 & 11.00, with Bonnie Raitt)\n\nSeptember 23-25, 1973 Washington, DC\n\nSeptember 27, 1973 Brockport, NY\n\nSeptember 28, 1973 Hamilton, NY\n\nSeptember 29, 1973 Union College, Schenectady, NY\n\nSeptember 30, 1973 Buffalo, NY\n\nOctober 5, 1973 St. Lawrence University, Canton, NY\n\nOctober 23, 1973 Philharmonic Hall, New York City, NY\n\nNovember 28, 1973 Colorado Springs\n\nNovember 29, 1973 University of Iowa\n\nNovember 30, 1973 University of Alabama Morgan Auditorium, Tuscaloosa, AL (2 shows)\n\nDecember 1, 1973 Wake Forest, NC\n\nDecember 2, 1973 Binghampton, NY\n\nDecember 5, 1973 Camden College\n\nDecember 6, 1973 Weslyn College\n\nDecember 7, 1973 University of New Haven\n\nDecember 8, 1973 Wayne, NJ\n\nDecember 9, 1973 Conton, NY\n\n1974\n\n? ?, 1974 Massey Hall, Toronto, ON\n\n? ?, 1974 McGill University\n\n? ?, 1974 Universal Amphitheatre, Los Angeles, CA\n\nJanuary 26, 1974 Bellingham, WA\n\nFeburary 10, 1974 Celebrity Theater, Phoenix, AZ\n\nFebruary 22, 1974 Greely, CO\n\nFebruary 23, 1974 Glassboro, NJ\n\nFebruary 24-25, 1974 Boston, MA\n\nApril 26, 1974 Houston, TX\n\nMay 22, 1974 Stadsschouwburg, Eindhoven, NED (supported by Ralph McTell)\n\nMay 23, 1974 De Doelen, Rotterdam, NED (supported by Ralph McTell)\n\nMay 24, 1974 De Oosterpoort, Groningen, NED (supported by Ralph McTell)\n\nMay 25, 1974 De Vereeniging, Nijmegen, NED (supported by Ralph McTell)\n\nMay 26, 1974 Concertgebouw, Amsterdam, NED (supported by Ralph McTell)\n\nJune 2, 1974 Theatre Royal Drury Lane, London, ENG (With David Elliott. Part of European tour)\n\nJune 4, 1974 BBC TV, London, ENG (UK TV \"Old Grey Whistle Test\")\n\nJune 28, 1974 Hawaii\n\nJuly 5, 1974 Aspen, CO\n\nJuly 9, 1974 Filene Center at Wolf Trap, Vienna, VA (with Mason Williams)\n\nSeptember - TV\n\nSeptember 27-29, 1974 Troubadour, Los Angeles, CA (With Wendy Waldman)\n\n1974 - \"Folkscence\" KPFA, Los Angeles. Randy is interviewed and plays 12 songs.\n\nOctober 5, 1974 Symphony Hall, Atlanta, GA (Randy performs with the 87-piece Atlanta Symphony Orchestra, conducted by Emil Newman. Supported by Ry Cooder\n\nOctober 6, 1974 Guthrie Theatre, Minneapolis, MN (2 shows with Ry Cooder)\n\nOctober 8, 1974 Midland Theatre, Kansas City, MO (with Dory Previn)\n\nOctober 11, 1974 St. Louis, MO\n\nOctober 14, 1974 Toronto, ON\n\nOctober 15, 1974 Batavia, NY\n\nOctober 18, 1974 Avery Fisher Hall, New York City, NY (Salute To Charles Ives. Randy plays fifteen songs solo, and follows by playing eleven songs with a 40-piece orchestra conducted by Emil Newman)\n\nOctober 19, 1974 DAR Constitution Hall, Washington DC (supported by Ry Cooder)\n\nOctober 25, 1974 Wisconsin Union Theater, Madison, WI (supported by Ry Cooder)\n\nOctober 26, 1974 Westport, CT\n\nOctober 27, 1974 Albany, NY\n\nOctober 31, 1974 Moore Theatre, Seattle, WA\n\nNovember 1, 1974 Portland, OR\n\nNovember 3, 1974 Vancouver, BC\n\nNovember 4, 1974 Record Plant, Sausalito, CA (A live broadcast for KSAN, San Francisco)\n\nNovember 8, 1974 Phoenix, AZ\n\nNovember 9, 1974 Berkeley Community Theatre, Berkeley, CA (supported by Ry Cooder)\n\nNovember 13, 1974 University Of Arizona Main Auditorium, Tucson, AZ\n\nNovember 14, 1974 Denver, CO (Ebbets Field?)\n\nNovember 15, 1974 Cleveland, OH\n\nNovember 16, 1974 Springfield, MA\n\nNovember 18, 1974 Academy Of Music, Philadelphia, PA (supported by Ry Cooder)\n\nNovember 21, 1974 Symphony Hall, Boston, MA (supported by Ry Cooder)\n\nNovember 22, 1974 Lexington, KY\n\nNovember 23, 1974 University Of Iowa, Iowa City, IA\n\nNovember 24, 1974 Albuquerque, NM\n\nNovember 29, 1974 Auditorium Theatre, Chicago, IL (with Dory Previn)\n\n1975\n\nFebruary 6, 1975 Music Hall, Houston, TX (supported by Ry Cooder)\n\nFebruary 7, 1975 Austin, TX\n\nFebruary 8, 1975 Dallas, TX\n\nFebruary 14, 1975 Athens, GA\n\nFebruary 15, 1975 Nashville, TN\n\nFebruary 16, 1975 Raleigh, NC\n\nFebruary 19-20, 1975 Chicago, IL\n\nFebruary 21, 1975 Uihlein Hall, Milwaukee, WI (supported by Ry Cooder)\n\nFebruary 22, 1975 Alexander Hall, Princeton, NJ (supported by Ry Cooder)\n\nFebruary 23, 1975 Mobile, AL\n\nFebruary 25, 1975 Northern Kentucky University Regent's Hall, Highland Heights, KY (supported by Kenny Rankin)\n\nFebruary 27, 1975 Lafyette, LA\n\nMarch 4, 1975 Santa Barbara, CA\n\nMarch 21, 1975 Chapman College Auditorium, Orange, CA\n\nMarch ?, 1975 DUTCH TV \"Music All In\" performing \"Political Science\", \"Birmingham\" & \"I Think It's Gonna Rain Today\". Randy also receives a gold record for \"Good Old Boys\"\n\nJuly 24, 1975 Blankenberge, BEL (\"2nd Festival Van De Gouden Leeuw\")\n\nOctober 18, 1975 NBC Studio 8H, New York City, NY (US TV \"Saturday Night Live\" performing \"Sail Away\")\n\n1976\n\n? ?, 1976 Universal Amphitheatre, Los Angeles, CA\n\nMay 13, 1976 Camden County College Lincoln Auditorium, Blackwood, NJ (supported by Leon Redbone)\n\nMay 29, 1976 Scottsdale Center For The Performing Arts, Scottsdale, AZ\n\nMay 31, 1976 Center for the Performing Arts, San Jose, CA (With Ry Cooder)\n\nJune 11, 1976 Temple University, Ambler, PA (Temple University Music Festival)\n\nJune 13, 1976 Kaufman Concert Hall, New York City, NY (Lyrics and Lyricists Series, a solo performance featuring \"Just One Smile\" & \"They Tell Me It's Summer\")\n\nJune ?, 1976 Farther, NJ\n\n1977\n\nFebruary 20, 1977 Theatre of Performing Arts, New Orleans, LA (US TV \"Big Event - Live From The Mardi Gras, It's Saturday Night On Sunday\")\n\nAugust 23, 1977 Universal Ampitheater, Los Angeles, CA (Randy and Emil Newman and a 50-piece orchestra, supported by Ry Cooder)\n\nAugust 27, 1977 Baton Rouge Speedway, Louisiana\n\nSeptember 4, 1977 Tanglewood Music Fair\n\nRandy Newman US Tour 1977\n\nSeptember 23, 1977 Academy of Music, Philadelphia, PA (with Stephen Bishop)\n\nSeptember 24, 1977 Washington, DC\n\nSeptember 25, 1977 Boston, MA\n\nSeptember 27, 1977 Ottawa, ON\n\nSeptember 28, 1977 Montreal, QC\n\nSeptember 30, 1977 Avery Fisher Hall, New York City, NY (Randy performs with a chamber orchestra, conducted by Emil Newman)\n\nOctober 1, 1977 Syria Mosque, Pittsburgh, PA (with Stephen Bishop)\n\nOctober 2, 1977 Buffalo, NY\n\nOctober 4, 1977 Civic Center, Syracuse, NY\n\nOctober 5, 1977 Poughkeepsie, NY\n\nOctober 6, 1977 North Hampton, Boston, MA\n\nOctober 7, 1977 Princeton, MA\n\nOctober 8, 1977 Worcester, MA\n\nOctober 9, 1977 Toronto, ON\n\nOctober 11-12, 1977 Great Southeast Music Hall, Atlanta, GA (2 shows)\n\nOctober 13, 1977 Gainsville, FL\n\nOctober 14, 1977 Great Southern Music Hall, Orlando, FL (2 shows 8.00 & 11.00)\n\nOctober 15, 1977 Tampa Theater, Tampa, FL\n\nOctober 19, 1977 Birmingham Jefferson CC, Birmingham, AL (supported by John Prine)\n\nOctober 20, 1977 Baton Rouge, LA\n\nOctober 21, 1977 New Orleans, LA\n\nOctober 22, 1977 Paramount Theatre, Austin, TX (2 shows 8.00 & 11.00)\n\nOctober 23, 1977 Houston, TX\n\nOctober 25, 1977 Waco, TX (?)\n\nOctober 26, 1977 Tulsa, OK (?)\n\nOctober 28, 1977 Lafayette, LA (?)\n\nOctober ?, 1977 Kingfish Rock Club, Baton Rouge, LA\n\nOctober 29, 1977 Royal Oak Music Theatre, Detroit, MI (supported by Kenny Rankin)\n\nOctober 30, 1977 Music Hall, Cincinnati, OH (supported by Kenny Rankin)\n\nOctober 31, 1977 East Lansing, MI\n\nNovember 1-2, 1977 Chicago, IL\n\nNovember 3, 1977 Milwaukee, WI\n\nNovember 4, 1977 Minneapolis, MN\n\nNovember 5, 1977 Cleveland, OH\n\nNovember 6, 1977 Columbus, OH\n\nNovember 7, 1977 Madison\n\nNovember 9, 1977 Denver, CO\n\nNovember 10, 1977 Waco, TX\n\nNovember 11, 1977 Phoenix, AZ\n\nNovember 12, 1977 Arlington Theatre, Santa Barbara, CA (supported by Wendy Waldman)\n\nNovember 13, 1977 Berkeley Community Theatre, Berkeley, CA (supported by John McEuen)\n\nNovember 16, 1977 Eureka\n\nNovember 17, 1977 Vancouver, BC\n\nNovember 18, 1977 Portland, OR\n\nNovember 19, 1977 Paramont Theatre, Seattle, WA\n\nNovember 20, 1977 University Of Oregon McArthur Court, Eugene, OR\n\nNovember 22, 1977 Santa Cruz, CA\n\nNovember 23, 1977 Civic Theatre, San Diego, CA\n\n1977 - \"Radio Show '77\" from Warner Bros.\n\n1978\n\nJanuary 21, 1978 NBC Studio 8H, New York City, NY (US TV \"Saturday Night Live\")\n\nJanuary 25, 1978 Community Theatre, Sacramento, CA\n\nJanuary 27, 1978 Albuquerque, NM\n\nJanuary 28, 1978 South Hall, Memphis, TN\n\nJanuary 29, 1978 Omaha, NB\n\nJanuary 31, 1978 Knoxville Auditorium, Knoxville, TX (supported by Mac McAnally)\n\nFebruary 1, 1978 Municipal Auditorium, Jackson, MS (supported by Mac McAnally)\n\nFebruary 2, 1978 Music Hall, Kansas City, MO\n\nFebruary 4, 1978 Dallas, TX\n\nFebruary 5, 1978 Lyric Theatre, Baltimore, MD\n\nFebruary 11, 1978 Capitol Theatre, Passaic, NJ (Live broadcast on WNEW-FM, supported by Loudon Wainwright III)\n\nFebruary 12, 1978 Amherst\n\nApril 7, 1978 Chicago, IL\n\nApril 8, 1978 Wittenberg University, Springfield, OH\n\nApril 9, 1978 Kent State University Student Center Ballroom, Kent, OH\n\nApril 10, 1978 Delaware, OH\n\nApril 11, 1978 Lexington, KY\n\nApril 12, 1978 War Memorial Hall, Nashville, TN\n\nApril 15, 1978 Symphony Hall, Atlanta, GA\n\nApril 16, 1978 Gusman Theatre, Miami, FL (with Paul Davis)\n\nMay 3, 1978 Gesellschaftshaus Im Zoo, Frankfurt, W.GER\n\nMay 4, 1978 Munich, GER\n\nMay 5, 1978 Stockholm, SWE\n\nMay 7, 1978 Copenhagen, DEN\n\nMay 8, 1978 Club 7, Oslo, NOR (Also appeared on Norwegian television)\n\nMay 9, 1978 Hamburg, GER\n\nMay 10, 1978 Montreaux, SUI\n\nMay 11, 1978 Paris, FRA\n\nMay 13, 1978 Brussels, BEL\n\nMay 15, 1978 Congresgebouw, Hague, NED\n\nMay 16, 1978 De Doelen, Rotterdam, NED\n\nMay 17, 1978 Evenementehal, Groningen, NED\n\nMay 18, 1978 Concertgebouw, Amsterdam, NED\n\nMay 19, 1978 Vereeniging, Nijmegen, NED\n\nMay 20, 1978 Vienna, AUT\n\nMay 22, 1978 Carre Theatre, Amsterdam, NED\n\nMay 23-24, 1978 Koningin Elisabeth, Antwerp, BEL\n\nRandy Newman UK Tour 1978\n\nMay 26, 1978 Apollo Theatre, Manchester, ENG\n\nMay 27, 1978 Philharmonic Hall, Liverpool, ENG\n\nMay 28, 1978 Theatre Royal Drury Lane, London, ENG\n\nMay 30, 1978 Town Hall, Birmingham, ENG\n\nJune 2, 1978 London, ENG (UK TV \"Old Grey Whistle Test\")\n\nJuly - Ontario Place Forum.\n\nJuly 14 - The Forum, Toronto - Televised in Japan\n\nAugust - Tour with band made up of Bill Payne, Michael McDonald, Willie Weeks, Andy Newmark, Ted Templeman, and Milt Holland.\n\nAugust 4, 1978 Vancouver, BC\n\nAugust 9, 1978 San Diego, CA\n\nAugust 11, 1978 Conference Center, Monterey, CA\n\nAugust 13, 1978 Greek Theatre, Berkeley, CA\n\nAugust 17-22, 1978 Universal Amphitheatre, Los Angeles, CA (With Bonnie Raitt)\n\nAugust 23, 1978 Denver, CO\n\nSeptember ?, 1978 Forum, Los Angeles, CA (A filmed solo performance, directed by Wendall Wilks. Shown on \"Nightflight\" for television and was commercially available on video)\n\nSeptember 4, 1978 Niemegen, NED ??\n\n1979\n\nAugust 24, 1979 De Doelen, Rotterdam, NED\n\nOctober 12-13, 1979 Park West, Chicago, IL (2 shows 7.30 & 11.00)\n\nNovember 1, 1979 Konserthuset, Oslo, NOR\n\nNovember 3, 1979 Stockholm, SWE\n\nNovember 5, 1979 Audimax, Hamburg, GER\n\nNovember 6, 1979 Hugenottenhalle Neu-Isenburg, GER\n\nNovember 7, 1979 Circus Krone, Munich, GER\n\nNovember 8, 1979 Cologne, GER\n\nNovember 10, 1979 Theatre Des Champs-Elysees, Paris, FRA\n\nNovember 11, 1979 Koningin Elisabeth, Antwerp, BEL\n\nNovember 12, 1979 Palais Van Schone Kunsten, Brussels, BEL\n\nNovember 13, 1979 Vienna, AUT\n\nNovember 14, 1979 Zurich, SUI\n\nNovember 16, 1979 Groningen, NED\n\nNovember 17, 1979 Enschede, NED\n\nNovember 18, 1979 Hague, NED\n\nNovember 19, 1979 Amsterdam, NED\n\nNovember 20, 1979 Nijmegan, NED\n\nNovember 21, 1979 Sittard, NED\n\nNovember 22, 1979 Utrecht, NED\n\nNovember 25, 1979 Dominion Theatre, London, ENG\n\nDecember 8, 1979 NBC Studio 8H, New York City, NY (US TV \"Saturday Night Live\" performing \"It's Money That I Love\", \"The Story of a Rock and Roll Band\" & \"I'm Gonna Take Off My Pants\")\n\n1980\n\nFebruary 8, 1980 Shakespeare Theatre, Stratford, CT\n\nFebruary 9, 1980 Princeton\n\nFebruary 10, 1980 West Chester\n\nFebruary 29, 1980 Santa Barbara, CA\n\nMarch 1, 1980 Davis, CA\n\nMarch 2, 1980 San Diego, CA\n\nMarch 7, 1980 Memorial Auditorium, Stanford, CA\n\nMarch 8, 1980 Scotsdale, AZ\n\nMarch 9, 1980 Fort Collins\n\nGerman radio special circa Born Again includes interviews and short telephone interview with Roswitha Newman with German VO (45 min.)\n\n1981\n\nJanuary 16, 1981 Shrine Auditorium, Los Angeles, CA (Benefit for musicians strike)\n\n1982\n\nFebruary 23, 1982 Concertgebouw, Haarlem, NED\n\nMarch 11, 1982 Hauge, NED\n\nNovember 5-6, 1982 Southern Alberta Jubilee Auditorium, Calgary, AB\n\nNovember 7, 1982 Vancouver, BC\n\nDecember 10-11, 1982 Paris, FRA\n\nDecember 12-13, 1982 London, ENG\n\nDecember 14, 1982 Dortmund, GER\n\nDecember 16-18, 1982 Holland\n\nDecember 19, 1982 Milan, ITY\n\n1983\n\nJanuary 25, 1983 Town Hall, Dusseldorf, GER\n\nJanuary 26, 1983 Alt Opera, Frankfurt, GER\n\nJanuary 27, 1983 Volkhaus, Zurich, SUI\n\nJanuary 28, 1983 Liederhalle, Stuttgart, GER\n\nJanuary 29, 1983 Musikhalle, Hamburg, GER\n\nJanuary 31, 1983 Theatre Am Don, Cologne, GER\n\nFebruary 1, 1983 Gota Lejon, Stockholm, SWE\n\nFebruary 2, 1983 Konserthuset, Oslo, NOR\n\nFebruary 3-4, 1983 Casino de Paris, Paris, FRA\n\nFebruary 5, 1983 Philharmonie, Berlin, GER\n\nFebruary 6, 1983 Television apperance\n\nFebruary 8, 1983 Rome, ITY\n\nFebruary 9, 1983 Television apperance\n\nFebruary 10, 1983 National Stadium, Dublin, IRE\n\nFebruary 11-12, 1983 Dominion Theatre, London, ENG (supported by Mathilde Santing)\n\nFebruary 13, 1983 Playhouse, Edinburgh, SCOT\n\nFebruary 16, 1983 Deutschesmuseum, Munich, GER\n\nFebruary 17, 1983 De Singel, Antwerp, BEL\n\nFebruary 18, 1983 Congreshalle, Ghent, BEL\n\nFebruary 19, 1983 Culturecentre, Turnhout, BEL\n\nFebruary 20, 1983 De Doelen, Rotterdam, NED\n\nFebruary 21, 1983 Carre, Amsterdam, NED\n\nFebruary 22, 1983 Concertgebouw, Haarlem, NED\n\nFebruary 26, 1983 NBC Studio 8H, New York City, NY (US TV \"Saturday Night Live\" performing \"I Love L.A.\" & \"Real Emotional Girl\")\n\nMarch 17, 1983 University of Alberta Sub Theatre, Edmonton, AB\n\nMarch 18, 1983 Convocation Hall, Toronto, ON\n\nMarch 19, 1983 Hamilton Place, Hamilton, ON\n\nMarch 20, 1983 National Arts Center, Ottawa, ON\n\nMarch 21, 1983 Le Spectrum, Montreal, QC\n\nMarch 22, 1983 Eastman Theatre, Rochester, NY\n\nMarch 24, 1983 Bayou, Washington, DC\n\nMarch 25, 1983 Park West, Chicago, IL\n\nMarch 26, 1983 Capitol Theatre, Passaic, NJ\n\nMarch 27, 1983 Tower Theater, Upper Darby, PA\n\nMarch 30, 1983 Bogarts, Cincinnati, OH\n\nApril 1, 1983 Royal Oak Music Theatre, Detroit, MI\n\nApril 2, 1983 Berkeley Performance Center, Boston, MA\n\nApril 3, 1983 Avery Fisher Hall, New York City, NY\n\nApril 7, 1983 Paramount Theater, Austin, TX\n\nApril 9, 1983 Orpheum Theater, New Orleans, LA\n\nApril 10, 1983 Cullen Auditorium, Houston, TX\n\nApril 11, 1983 Southern Alberta Jubilee Auditorium, Calgary, AB\n\nApril 13, 1983 Paramount Theater, Portland, OR (cancelled)\n\nApril 14, 1983 Vancouver, BC (cancelled)\n\nApril 15, 1983 Paramount Theater, Seattle, WA\n\nApril 16, 1983 Universal Amphitheater, Los Angeles, CA\n\nApril 17, 1983 Berkeley Community Theatre, Berkeley, CA\n\nApril 21, 1983 Rainbow Music Hall, Denver, CO\n\nApril 23, 1983 Kansas City, MO\n\nJune 6-7, 1983 Nippon Seinenkan Hall, Tokyo, JPN\n\nJune 9, 1983 Mido Kaikan, Osaka, JPN\n\nAugust 10, 1983 Odeon, New York City, NY (Live at the Odeon taping)\n\n1984\n\nAugust 1, 1984 Timberwolf, Cincinnati, OH Tour with James Taylor.\n\nAugust 2, 1984 Blossom Music Center, Cuyahoga Falls, OH\n\nAugust 3-4, 1984 Poplar Creek Music Theater, Hoffman Estates, IL\n\nAugust 6, 1984 Ohio Center, Columbus, OH\n\nAugust 7-8, 1984 Pine Knob Music Theater, Clarkson, MI (supporting James Taylor)\n\nAugust 10, 1984 Civic Center, Springfield, MA (supporting James Taylor)\n\nAugust 11, 1984 Merriweather Post Pavilion, Columbia, MD (supporting James Taylor)\n\nAugust 12, 1984 Jones Beach, Wantaugh, NY\n\nAugust 14, 1984 Saratoga Performing Arts Center, Saratoga, NY (supporting James Taylor)\n\nAugust 15, 1984 Boston Commons, Boston, MA\n\nAugust 16, 1984 Mann Music Center, Philadelphia, PA\n\nAugust 17, 1984 Garden State Arts Center, Holmdel, NJ\n\nAugust 18, 1984 Kings Dominion, Richmond, VA\n\nAugust 19, 1984 Carowinds, Charlotte, NC\n\nAugust 21, 1984 Chastain Park, Atlanta, GA\n\nAugust 23, 1984 Bayfront Center, St. Petersburgh, FL\n\nAugust 24-25, 1984 Sunrise Musical Theatre, Miami, FL\n\nAugust 26, 1984 Orange County Civic Center, Orlando, FL\n\nAugust 28, 1984 Amphitheater, New Orleans, LA\n\nAugust 29, 1984 Mudd Island, Memphis, TN\n\nAugust 31, 1984 Summit, Houston, TX\n\nSeptember 1, 1984 Reunion Arena, Dallas, TX\n\nSeptember 2, 1984 Zoo Amphitheater, Oklahoma City, OK\n\nSeptember 4, 1984 Municipal Opera House, St. Louis, MO (Starfest II, supporting James Taylor)\n\nSeptember 5, 1984 Sandstone Theatre, Bonner Springs, MO\n\nSeptember 7, 1984 Red Rocks Stadium, Denver, CO\n\nSeptember 9, 1984 Greek Theatre, Berkeley, CA\n\nSeptember 11-14, 1984 Universal Amphitheatre, Los Angeles, CA (supporting James Taylor)\n\nSeptember 14, 1984 City Hall, Los Angeles, CA (Randy receives a Los Angeles City Proclamation honoring him for \"I Love L.A.\")\n\nSeptember 16-17, 1984 Irvine Meadows Amphitheatre, Irvine, CA (supporting James Taylor)\n\nOctober 16, 1984 Los Angeles, CA (Mondale/Ferraro Benefit dinner, performing \"Short People\" & \"I Love L.A.\")\n\nOctober 31, 1984 Univerisity of California Ackerman Grand Ballroom, Los Angeles, CA (Homecoming week festivities. Randy spoke to students but did not perform)\n\nNovember 3, 1984 Concert Arena, Orange County, CA (Friends of Steve Goodman Concert)\n\n1985\n\nFebruary 18, 1985 Beverly Wilshire Hotel, Los Angeles, CA (Western States Advertising Agency Association's 1984 \"Leader of the Year\" award for Creative Director Lee Clow of Chiat/Day Agency. Randy performed \"I Love L.A.\")\n\nMay 3, 1985 Dorothy Chandler Pavilion, Los Angeles, CA (The New American Orchestra Sixth Anniversary Tribute to Lionel Newman for 40 years of music at 20th Century Fox)\n\nMay 19, 1985 Shubert Theatre, New York City, NY (Comic Relief, AIDS Benefit)\n\nJune 22, 1985 Meadow Brook, Rochester Hills, MI (With Father Guido Sarducci)\n\nJune 29, 1985 County Bowl, Santa Barbara, CA (With Emmylou Harris)\n\nJune 30, 1985 Pacific Amphitheatre, Costa Mesa, CA (With Emmylou Harris)\n\nJuly 12, 1985 Universal Amphitheatre, Los Angeles, CA (supported by comic Brad Garrett)\n\nSeptember 22, 1985 Memorial Stadium, Champaign, IL (Farm Aid. Live television broadcast. Randy is introduced by and performs with Billy Joel at two grand pianos placed front-to-front. They play \"Sail Away\", \"Political Science\", Joel's \"Only The Good Die Young\" & \"Stagger Lee\". \"Stagger Lee\" was not televised)\n\nOctober 16, 1985 The Bayou, Washington DC (With comic Chip Franklin)\n\nOctober 17, 1985 Convocation Hall, Toronto, ON (supported by Richard Thompson)\n\nOctober 19, 1985 Upstairs at the Tralf, Boston [?]\n\nOctober 19, 1985 Flynn Theatre, Burlington, VT (with Richard Thompson ?)\n\nOctober 27, 1985 Rockefeller's, Houston, TX (2 shows 8.00 & 11.00)\n\nNovember 8, 1985 Wolfgang's, San Francisco, CA (2 shows)\n\nNovember 9, 1985 Opera House, Austin, TX\n\nNovember 10, 1985 Saenger Theatre, Mobile, AL (with Leon Redbone)\n\nNovember 22, 1985 Backstage, Portland, OR\n\nDecember 31, 1985 Beverly Theatre, Los Angeles, CA (2 shows with Richard Thompson)\n\n1986\n\nAugust 28, 1986 Seattle, WA (Bumbershoot Music Festival)\n\nSeptember 19, 1986 Los Angeles voter registration drive at Westwood Village at Westwood Blvd. and Kinross Ave. No performance. Randy spoke to news reporters.\n\nDecember 6, 1986 NBC Studio 8H, New York City, NY (US TV \"Saturday Night Live\" performing \"Longest Night\" & \"Roll with the Punches\")\n\nDecember 9, 1986 Dorothy Chandler Pavilion, Los Angeles, CA (Benefit concert as part of WinterFest, with Henry Mancini, Lionel Newman, Dave Grusin & John Williams)\n\n1987\n\n? ?, 1987 Beverly Hilton Hotel, Los Angeles, CA (Special Olympics opening ceremonies)\n\nMay 18, 1987 Folies Bergere, Paris, FRA\n\nMay 21, 1987 Teatro Nazionale, Milan, ITY (supported by Victoria Williams)\n\nMay 24, 1987 London Palladium, London, ENG\n\nMay 27, 1987 Leidse Schouwburg, Leiden, NED\n\nJune 4, 1987 Cincinnati Zoo Peacock Pavilion, Cincinnati, OH (Central Trust Jazzoo'87)\n\nJune 5, 1987 Bicentennial Park Columbus, OH (Columbus Arts Festival)\n\nNovember 21, 1987 Wiltern Theatre, Los Angeles, CA (Third Annual Salute to the American Songwriter, with Randy, Kris Kristofferson, Thom Bell, Stephen Stills, Lamont Dozier, Billy Vera, Roger Miller & others)\n\n1988\n\nSeptember 3, 1988 Opera House, Seattle, WA (Bumbershoot Music Festival)\n\nSeptember 28, 1988 20th Century Fox, West Los Angeles, CA (\"Fanfare and Fox\". Benefit for National Public Radio, a $250-a-plate dinner show with Randy Newman, Keith Carradine, Elliott Gould & others)\n\nOctober ?, 1988 US Radio \"Fresh Air\", interviewed by Terry Gross.\n\nOctober 19, 1988 US TV \"Late Night With David Letterman\"\n\nOctober 22, 1988 NBC Studio 8H, New York City, NY (US TV \"Saturday Night Live\" performing \"It's Money That Matters\" & \"Dixie Flyer\" with Mark Knopfler)\n\nOctober 31, 1988 US RADIO \"Rockline\" interviewed and performing \"Dixie Flyer\" & \"I Think It's Going To Rain Today\" on electric piano.\n\nNovember 9, 1988 US Radio \"Fresh Air\", interviewed by Bob Edwards\n\nNovember 12, 1988 United Nations visitors lobby, New York City, NY (UNICEF Benefit Concert, \"Children of the Americas\". Part of a four-hour radio broadcast. Randy plays: I Love L.A., Dixie Flyer, Sail Away, Political Science, Short People, and I Want You To Hurt Like I Do. Other acts included: Crosby, Stills, Nash and Young, Jackson Browne, and The Fabulous Thunderbirds, Steve Forbert, Al Stewart, others)\n\nNovember ?, 1988 Different Fur Studios, San Francisco, CA (Personal appearance, performing one song with Mark Knopfler)\n\nDecember 8, 1988 Audio and video spots taped for RADD (Recording Artists Against Drunk Driving). Randy Newman, Eddie Money, Phil Collins, Ray Davies, many others.\n\nNovember ?, 1988 UK Radio \"Roger Scott's Saturday Sequence\". Randy is interviewed and performs with Mark Knopfler on several songs for broadcast.\n\n1989\n\nJanuary 20, 1989 US TV \"Late Night With David Letterman\"\n\nJanuary 25-26, 1989 Mann Auditorium, Tel Aviv, ISR\n\nJanuary 28, 1989 Yagar Auditorium, Near Haifa, ISR\n\nJanuary 29, 1989 Jerusalem Theatre, Jerusalem, ISR\n\nJanuary 31-February 1, 1989 Pallas Theatre, Athens, GRE\n\nFebruary 3, 1989 Beurshalle, Bruges, BEL\n\nFebruary 5, 1989 De Warande, Turnhout, BEL\n\nFebruary 7, 1989 Sardines, Oslo, NOR\n\nFebruary 8, 1989 Gora Lejon, Stockholm, SWE\n\nFebruary 10, 1989 Atlanta, GA (L.A. Gear Convention)\n\nFebruary 13, 1989 London, ENG (BPI Awards)\n\nFebruary 14, 1989 Kongresshaus, Zurich, SUI\n\nFebruary 15-16, 1989 La Cigale, Paris, FRA\n\nFebruary 17, 1989 National Stadium, Dublin, IRE\n\nFebruary 19, 1989 Schouwburg Rotterdam, Rotterdam, NED\n\nFebruary 20, 1989 Casino Den Bosch, Den Bosch, NED\n\nFebruary 21, 1989 Odsterpoort Gronigen, Gronigen, NED\n\nFebruary 22, 1989 Schouwburg Sittard, Sittard, NED\n\nFebruary 24, 1989 Old Opera, Frankfurt, GER\n\nFebruary 25, 1989 Muziekcentrum Enschede, Enschede, NED\n\nFebruary 26, 1989 Stadsschouwburg Nijmegen, Nijmegen, NED\n\nFebruary 27, 1989 Theatre Carre, Amsterdam, NED\n\nFebruary 28, 1989 Deutsches Museum, Munich, GER\n\nMarch 1, 1989 Musikalle, Hamburg, GER\n\nMarch 3, 1989 Dominion Theatre, London, ENG\n\nMarch 21, 1989 Morrison Center, Boise, ID\n\nMarch 22, 1989 Commodore Ballroom, Vancouver, BC\n\nMarch 23, 1989 Alberta Bair Theatre, Billings, MT\n\nMarch 24, 1989 Starry Nights, Portland, OR\n\nMarch 25, 1989 Moore Theatre, Seattle, WA\n\nMarch 28, 1989 Warfield Theatre, San Francisco, CA\n\nMarch 29, 1989 Civic Auditorium, Santa Cruz, CA\n\nMarch 31, 1989 Ventura Theatre, Ventura, CA\n\nApril 1-2, 1989 Coach House, San Juan Capistrano, CA\n\nApril 3-4, 1989 Bacchanal, Kearny Mesa, San Diego, CA\n\nApril 7, 1989 Guthrie Theatre, Minneapolis, MN\n\nApril 8, 1989 Vic Theatre, Chicago, IL\n\nApril 9, 1989 Newport Music Hall, Columbus, OH\n\nApril 10, 1989 Center Stage, Nashville, TN\n\nApril 13, 1989 Opera House, Austin, TX\n\nApril 14, 1989 Tommy's, Dallas, TX\n\nApril 15, 1989 Rockefeller's, Houston, TX\n\nApril 16, 1989 Macky Auditorium, Boulder, CO\n\nApril 18, 1989 Bogart's, Cinncinati, OH\n\nApril 19, 1989 Power Center, Ann Arbor, MI\n\nApril 20, 1989 Civic Center, Madison, WI\n\nAugust 24, 1989 Santa Rosa, CA\n\nAugust 25, 1989 San Jose, CA\n\nAugust 26, 1989 Universal Amphitheatre, Los Angeles, CA\n\nOctober 21, 1989 Club Tenco Awards, San Remo, ITY\n\nNovember 3, 1989 Regent Beverly Wilshire, Los Angeles, CA (Hollywood Women's Political Committee's Second Barbara Jordan Award for Rosa Parks. Randy plays a few songs)\n\n1990\n\nFebruary 22, 1990 Trump's Pollack Media Convention, Los Angeles, CA\n\nMarch 26, 1990 Dorothy Candler Pavilion, Los Angeles, CA (62nd Annual Academy Awards, Performing \"I Love To See You Smile\")\n\nNovember 1, 1990 Constitution Hall, Washington, DC (With Richard Lewis)\n\n1991\n\nMay 4, 1991 Keswick Theatre, Glenside, PA\n\nMay 7-8, 1991 Symphony Hall, Boston, MA (John Williams and the Boston Pops Orchestra. Randy performed \"Davy The Fat Boy\", \"Short People\", \"Political Science\", as well as conducting the orchestra for his music from Avalon. Later televised)\n\nJune 27, 1991 Century Plaza Hotel, Beverly Hills, CA (The Children's Charity Big Heart Award for Twentieth Century Fox Chairman Joe Roth. Hosted by Billy Crystal, with Randy, Jackson Browne & The Pointer Sisters)\n\nJuly 27, 1991 Gainey Vineyard, Santa Ynez, CA\n\nAugust 10, 1991 Fort Adams State Par, Newport, RI (Newport Folk Festival)\n\nAugust 11, 1991 Toad's Place, New Haven, CT\n\nAugust 23, 1991 Pikes Peak Center, Colorado Springs, CO\n\nAugust 24, 1991 Chatauqua Auditorium, Boulder, CO\n\nAugust 25, 1991 Britt Music Festival, Jacksonville, OR\n\nSeptember 12, 1991 Luther Burbank Center, Santa Rosa, CA\n\nSeptember 14, 1991 MacCullum Theatre, Palm Desert, CA\n\nNovember 1, 1991 Coach House, San Juan Capistrano, CA\n\nNovember 2, 1991 Rheem Performing Arts Theatre, Rheem, CA\n\n1992\n\nJune 22, 1992 Amphitheatre at Ameriflora, Columbus, OH\n\nJuly 11, 1992 Winterpark Ski Resort, Winterpark, CO\n\nJuly 15, 1992 Humboldt Brewery, Arcata, CA\n\nJuly 17, 1992 Paul Masson Summer Concert Series, Saratoga, CA (2 shows)\n\nJuly 25, 1992 Summer Nights at the Pier series, Seattle, WA\n\nAugust 10, 1992 Fort Adams State Park, Newport, RI (Ben and Jerry's Folk Festival)\n\nAugust 17, 1992 Murray Theatre, Ravinia Festival, Highland Park, IL\n\nAugust 18, 1992 Weesner Family Amphitheatre, Minnesota Zoo, Apple Valley, MN\n\nSeptember 11, 1992 Winterthur Musicfest, Zurich, SUI\n\nSeptember 13, 1992 Manchester Outdoor Stage, Manchester, NH\n\nSeptember 26, 1992 Universal Amphitheatre, Los Angeles, CA (\"For Our Children\", Pediatric AIDS Foundation benefit concert. Randy plays \"I've Been Working on the Railroad\". Other artists include: Paula Abdul, Michael Bolton & Bobby McFerrin)\n\nOctober 10, 1992 Boulder Theatre, Boulder, CO\n\nOctober 11, 1992 Boulder Theatre/E Town Radio Show, Boulder, CO\n\nNovember 5, 1992 Fine Line Music Cafe, Minneapolis, MN (2 shows)\n\nNovember 6, 1992 Park West, Chicago, IL\n\nNovember 8, 1992 The Bayou, Washington DC\n\nNovember 9, 1992 Senator Theatre, Baltimore, MD\n\nNovember 10, 1992 Town Hall, New York City, NY\n\nNovember 11, 1992 Keswick Theatre, Glenside, PA\n\nNovember 13, 1992 Center Stage Theatre, Atlanta, GA\n\nNovember 15, 1992 Caravan of Dreams, Fort Worth, TX\n\nNovember 16, 1992 Rockefeller's, Houston, TX\n\nNovember 17, 1992 Paramount, Austin, TX\n\nNovember 20, 1992 Great American Music Hall, San Francisco, CA (2 shows)\n\nNovember 21, 1992 UCLA's Wadsworth Theatre, Brentwood, CA\n\nNovember 21, 1992 Philadelphia, PA (US Radio \"Fresh Air\", with Terri Gross)\n\n1993\n\nJanuary 30, 1993 Royal Cruise Lines, San Diego, CA\n\nMarch 6, 1993 Radio station WUMB-FM \"E-Town\", National Public Radio broadcast of live concert recordings from Boulder, Colorado (10/11/92). Including: Randy Newman, Nanci Griffith, Shawn Colvin, and Bela Fleck and the Flecktones.\n\nJune 5, 1993 Appel Farm Arts & Music Festival, Elmer, NJ\n\nJuly 17, 1993 Inter-Media Art Center (IMAC), Huntington, NY\n\nJuly 19, 1993 Ravinia Festival, Highland Park, IL\n\nJuly 24, 1993 Gainey Vineyard, Santa Ynez, CA\n\nJuly 29, 1993 Sonoma County Fair, Sonoma, CA\n\nAugust 4, 1993 The American Way Religious Right concert, Los Angeles, CA\n\nAugust 7, 1993 Edmonton, AB (Edmonton Folk Music Festival)\n\nAugust 13, 1993 Civic Auditorium, Santa Cruz, CA\n\nAugust 21, 1993 Chatauqua Auditorium, Boulder, CO\n\nNovember 4 - \"All Things Considered\" for National Public Radio, \"Randy Newman Still Loves L.A.\", interview with Noah Adams.\n\nDecember 4, 1993 Irvine Barclay Theatre, Los Angeles, CA\n\nDecember 10, 1993 Century Plaza, Los Angeles, CA (March of Dimes fund-raiser)\n\n1994\n\nApril 3, 1994 Bar Jeder Vernunft, Berlin, GER\n\nApril 30, 1994 Fox 38/Polaroid Stage, Atlanta, GA (25th New Orleans Jazz & Heritage Festival)\n\nJune ?, 1994 New Hampshire\n\nJune ?, 1994 State Theatre, Portland, ME\n\nJune 9, 1994 US TV \"Late Night With David Letterman\"\n\nAugust 6, 1994 Newport, RI (Ben & Jerry's Newport Folk Festival)\n\nAugust 21, 1994 Artpark, Lewiston, Buffalo, NY\n\nAugust ?, 1994 Illionis State Fair\n\nSeptember 3-4, 1994 Britt Festival, Jacksonville, OR\n\nOctober 1, 1994 Cultural Centrum, Amstelveen, NED\n\nOctober 2, 1994 De Harmonie, Leeuwarde, NED\n\nOctober 3, 1994 Concertbouw, Haarlem, NED\n\nOctober 5, 1994 Mecc, Maastricht, NED\n\nOctober 6, 1994 Stadstheater, Zoetermeer, NED\n\nOctober 8, 1994 Vredenburg, Utrecht, NED\n\nOctober 9, 1994 Dr. Anton Philips Zaal, The Hague, NED\n\nOctober 10, 1994 Casino, Den Bosch, NED\n\nOctober 12, 1994 Oosterpoort, Gronigen, NED\n\nOctober 14, 1994 Cultural Centrum, Amersfoort, NED\n\nOctober 15, 1994 Philipsvaal, Eindhoven, NED\n\nOctober 16, 1994 Stadsschouwburg, Amsterdam, NED\n\nOctober 18, 1994 De Warande, Turnhout, BEL\n\nOctober 19, 1994 Casinozaal, Beringen, BEL\n\nOctober 20, 1994 Stadsschouwburg, Kortrijk, BEL\n\nOctober 22, 1994 Stadsschouwburg, Brugge, BEL\n\nOctober 23, 1994 De Werf, Aalst, BEL\n\nOctober 24, 1994 Bourla, Antwerp, BEL\n\nOctober 26, 1994 Luxembourg\n\nOctober 27, 1994 Espace Cardin, Paris, FRA\n\nOctober 29, 1994 Musikhalle, Hamburg, GER\n\nOctober 30, 1994 Alte Oper, Frankfurt, GER\n\nOctober 31, 1994 Luxor, Rotterdam, NED\n\nNovember 2, 1994 E-Werk, Cologne, GER\n\nNovember 3, 1994 Konzerthaus, Vienna, AUT\n\nNovember 5, 1994 Albani, Winterthur, SUI\n\nNovember 6, 1994 Muhle Hunzleken, Rublgen, SUI\n\nNovember 8, 1994 Alhambra, Basel, SUI\n\nNovember 8, 1994 Switzerland - DRS Radio 3, 11:00 \"Randy Newman, der grosse Zyniker des US-Song, in der Schweiz unterwegs\" (big cynic of US song in Switzerland)\n\nNovember 9, 1994 CPM, Geneva, SUI\n\nNovember 10, 1994 Rocking Chair, Vevey, SUI\n\nNovember 12, 1994 Casino, Zug, SUI\n\nNovember 13, 1994 Theatre Royal Drury Lane, London, ENG\n\nNovember 15, 1994 Usher Hall, Edinburgh, SUI\n\nNovember 16, 1994 Stadium, Dublin, IRE\n\nNovember 18, 1994 Liederhalle, Stuttgart, GER\n\nNovember 19, 1994 Archa Theatre, Prague, CZR\n\nNovember 20, 1994 Graf Zeppelinhalle, Friedrichshafen, GER\n\n1995\n\nFebruary 23 - 37th Convention of the National Association of Recording Merchandisers (NARM), San Diego, California. Randy performs songs from Toy Story.\n\nMarch 23 - Ted Danson's OCEAN Don Henley Tribute. Randy plays a few songs including \"Short People\"\n\nMarch 27 - Academy Awards, Los Angeles - \"Make Up Your Mind\"\n\nApril 19 [?] - The Mark and Brian Show, KLOS F.M., Los Angeles, California. Interview, and three songs: Short People, He Gives Us All His Love, Make Up Your Mind, You've Got A Friend In Me\n\nApril - Illinois [?]\n\nApril 21 - KCRW Radio, Santa Monica, California. Randy performs \"Louisiana 1927\".\n\nApril 28-29, 1995 Cerritos Center, Los Angeles, CA (With Buffy Saint-Marie)\n\nMay 19 - The Mark & Brian Show, KLOS F.M., Los Angeles\n\nAugust 26 - Warner Bros. Convention. Randy peforms 4-5 songs\n\nOctober 9, 1995 La Jolla, CA (Benefit performance)\n\nOctober 28, 1995 Bel Age Hotel, West Hollywood, CA (53rd Annual Jack-O-Lantern Ball)\n\n1996\n\nJanuary 28 - \"The Best of Sunday Night With Peter Rodman\" from WRLT-FM 100.1 Nashville featured a previous live performance from RN.\n\nMarch 14 - South By Southwest Music Covention, Austin, Texas. 4:45 panel discussion for Faust Enhanced CD and 9:00 p.m. live performance.\n\nApril 23, 1996 Beverly Hilton International Ballroom, Beverly Hills, CA (ASCAP Film & Television Awards 1996)\n\nMay 2 - Randy's first on-line interview.Prodigy Chat/Prodigy Spotlight. Nothing is revealed.\n\nMay 7 - 6th Annual Tripod [Support Communication Education] Friends' Luncheon, The Beverly Hills Hotel. Randy plays several songs for this benefit for deaf children including: I Love To See You Smile, Simon Smith and His Amazing Dancing Bear, Feels Like Home, and others.\n\nMay 11 - Start of Randy Newman Vocalist/Pianist/Songwriter/Composer/Conductor series for 1996-1997.\n\nMay 11 - Jacksonville Symphony Orchestra with conductor Ethan James Dulsky Metro-Park Amphitheatre, Jacksonville, Florida\n\nThe performance included:\n\nBirmingham (w/ orch), Short People, Girls In My Life, Marie (w/ orch), I Love To See You Smile (w/ orch), Real Emotional Girl (w/ orch), You Can Leave Your Hat On, Cowboy (w/ orch), You've Got A Friend In Me (w/ orch), Love Story (w/ orch), Political Science, Avalon (w/ orch & conduct), The Natural (w/ orch & conduct), Maverick (w/ orch & conduct), Dixie Flyer, Glory Train, Louisiana 1927 (w/ orch), Sandman's Coming (w/ orch), I Love L.A., Feels Like Home, Lonely At The Top (w/ orch), I Want You To Hurt Like I Do, Toy Story (w/ orch & conduct), I Think It's Going To Rain Today, Sail Away (w/ orch), Davy The Fat Boy (w/ orch), Ragtime (w/ orch), Albania\n\nMay 12, 1996 Borders Books and Music, Dayton, OH (In-Store appearance)\n\nMay 31, 1996 Lincoln Park Commons Fraze Pavillion, Kettering, OH (Dayton Philharmonic Orchestra with guest conductor Charles Wendelken-Wilson)\n\nThe performance included:\n\nBirmingham (w/ orch), Short People, Girls In My Life, Marie (w/ orch), I Love To See You Smile (w/ orch), Emotional Girl (w/ orch), I Love L.A., Cowboy (w/ orch) Love Story, Political Science, Avalon, The Natural, Toy Story, Dayton, In Germany (w/ orch), Dixie Flyer, Glory Train, Louisiana, Burn On, Feels Like Home, I Want You To Hurt Like I Do, Sail Away (w/ orch), Davy (w/ orch), I Think It's Going To Rain Today (w/ orch)\n\nJune 12, 1996 Chastain Park, Atlanta, GA (Atlanta Symphony Orchestra conducted by Randy & Jere Flint)\n\nJune 13, 1996 Wolftrap, Vienna, VA (National Symphony Orchestra conducted by Barry Jekowsky)\n\nJune 14 - HealthSouth Stage, Eighth Annual City Stages, June Jam, Linn Park, Fort Payne, Birmingham, Alabama with Johnny Cash\n\nJuly 20-21, 1996 Davies Symphony Hall, San Francisco, CA\n\nAugust 16 - NPR Radio (Morning Edition NPR 6:00 am ET) [Transcript #1935-13] Rebroadcast on 9/14/96 (News11:56 am ET) [Transcript #0026-4]\n\nAugust 18, 1996 Hollywood Bowl, Los Angeles, CA (Hollywood Bowl Orchestra, conducted by Mitchell Hanlon)\n\nOctober 19, 1996 Border's Books and Music, Chicago, IL (In-Store appearance)\n\nOctober 21, 1996 Orchestra Hall, Chicago, IL (with Chicago Symphony Orchestra)\n\nRandy performed the same show as the Hollywood Bowl performance except, according to a prepared list, \"Rednecks\" was replaced by \"Albania\"/\"Wedding in Cherokee County\"\n\nNovember 20 - KINK Radio, FM, Oregon. Randy performs \"Feels Like Home\".\n\nNovember 20, 1996 Borders Books and Music, Portland, OR (In-Store appearance)\n\nNovember 21, 1996 Oregon Symphony, Portland, OR\n\nSame as the July 20 show, except \"Rednecks\" was dropped and he sang \"Same Girl\" in a second e.\n\n1997\n\nJanuary 10-11, 1997 Tulsa Performing Arts Center Chapman Music Hall, Tulsa, OK (with the Tulsa Philharmonic & Guest Conductor Niel DePonte)\n\nJanuary 21, 1997 Edmonton Symphony, Edmonton, AB\n\nSame as July 20 except \"Rednecks\" and \"I Love L.A.\" were dropped and replaced with \"Northern Boy\" following \"Glory Train\".\n\nFebruary 22 - Randy appears as a panelist for the 1997 Film and TV Music Conference - The State of the Art, Presented by The Hollywood Reporter & Society of Composers and Lyricists\n\nMarch 11 - Randy attends the Oscar's Nominee's Luncheon, Beverly Hilton Hotel\n\nMarch 24 - Randy attends the 69th annual Academy Awards.\n\nApril 1 - National Public Radio. Short interview with Randy by Bob Edwards on baseball.\n\nApril 11-12, 1997 Orange County Performing Arts Center Segerstrom Hall, Costa Mesa, CA (\"A Tribute To Alfred Newman\", with the Pacific Symphony Orchestra Pops, conducted by Richard Kaufman)\n\nJuly 11, 1997 Gainey Vineyard, Santa Ynez, CA\n\nSeptember 12, 1997 Boettcher Hall, Denver, CO (with the Colorado Symphony Orchestra)\n\n1998\n\nMay 18, 1998 Santa Monica, CA (Live radio broadcast from KCRW FM)\n\nAugust 15, 1998 Blossom Music Hall, Cleveland, OH (Cleveland Orchestra, conducted by Leonard Slatkin)\n\nOctober 11, 1998 Will Rogers State Park, Pacific Palisades, CA (Environmental Media Awards Festival)\n\nOctober 30, 1998 Beverly Hilton, Beverly Hills, CA (60th Anniversary Golden Score Awards. American Society of Music Arrangers and Composers honors David Newman, Randy Newman, Thomas Newman and Newman Musical Legacy. Silent Auction, dinner and entertainment tribute)\n\nNovember 9, 1998 Lincoln Center Tower Records, New York City, NY (in-store appearance)\n\nNovember 10, 1998 Town Hall, New York City, NY\n\nDecember 22 - National Public Radio, \"Fresh Air\" 20 min+ interview with Terry Gross. The interview was rebroadcast on 2/15/99 with additional and re-edited material.\n\n1999\n\nFebruary 11, 1999 Raleigh Studios, Los Angeles, CA (Project A.L.S. Event. Randy performed after the reception, dinner, and auction, with Melissa Ethridge)\n\nMarch 1, 1999 John F. Kennedy Center for the Performing Arts, Washington DC (Millennium Stage with K.C. and the Sunshine Band)\n\nApril 10, 1999 Landmark Theatre, Richmond, VA (with Richmond Symphony)\n\nApril 11, 1999 Performing Arts Center, Emporia, VA (with Richmond Symphony)\n\nApril 18 - Boulder Theatre, E-Town's 8th B'Earthday, Boulder, Colorado, with David Crosby, Gram Nash, Jeff Pevar, and Leo Kottke. Randy sang several songs and sang, \"The House of the Rising Sun\" with other artists at end of show. Tickets were $25-$50.\n\nMay 1, 1999 Contemporary Arts Center Warehouse, New Orleans, LA\n\nMay 2, 1999 Sunfest, West Palm Beach, FL\n\nMay 5, 1999 Variety Playhouse, Atlanta, GA\n\nMay 6, 1999 The Ryman, Nashville, TN\n\nMay 16, 1999 Cultural Center Theater, Charleston, WV (Mountain Stage, with Richard Thompson, & Matapat)\n\nMay 22, 1999 Warfield, San Francisco, CA\n\nMay 23, 1999 House of Blues, Las Vegas, NV\n\nMay 25 - KCRW Radio interview on \"Morning Becomes Eclectic\", Los Angeles, California\n\nMay 26-29, 1999 House of Blues, West Hollywood, CA\n\nJune 2, 1999 Tower Records, Los Angeles, CA (In-store appearance)\n\nJune 2 - American On-Line Chat\n\nJune 23 - KLSX - Jonathan Brandmeier Show, Los Angeles, California\n\nJuly 8, 1999 Performing Arts Center, Redondo Beach, CA\n\nOctober 17 - Santa Monica at The Canyon Charter School for the Second Annual Jammin' in the Canyon benefit for the instrumental music program at Canyon Charter School. $20, noon-4 PM, 421 Entrada Dr. Santa Monica, California\n\nNovember 22 - AOL Live - Internet On-line Chat\n\nNovember 22 - Entertainment Asylum [www.asylum.com] chat\n\nDecember 11 - 2nd Annual Benefit Concert & Auction, KINK Christmas Party, Roseland Theatre, Portland, Oregon with Karla Bonhoff, Catie Curtis, and William Topley\n\nDecember 14 - Virgin Megastore, Downtown Disney West Side, Orlando, Florida. A signing, no live performance.\n\n2000\n\nJanuary 13, 2000 Mitch Albom, 15 minute Detroit radio interview via telephone.\n\nJanuary 20, 2000 Stadsschouwburg De Harmonie, Leeuwarden, NED\n\nJanuary 21, 2000 International Convention Center, Ghent, BEL\n\nJanuary 23, 2000 Stadsschouwburg, Bruges, BEL\n\nJanuary 24, 2000 Luxor Theatre, Rotterdam, NED\n\nJanuary 25, 2000 Theatre Aan't Vrijhof, Maastricht, NED\n\nJanuary 27, 2000 Stadstheatre, Zoetermeer, NED\n\nJanuary 28, 2000 MC Frits Philips, Eindhoven, NED\n\nJanuary 29, 2000 Concertgebouw, Haarlem, NED\n\nJanuary 31, 2000 Carre Theatre, Amsterdam, NED [KRO Radio broadcast in February]\n\nFebruary 1, 2000 De Oosterpoort, Gronigen, NED\n\nFebruary 3, 2000 Shouwburg Orpheus, Appledoorn, NED\n\nFebruary 4, 2000 Chasse Theatre, Breda, NED\n\nFebruary 5, 2000 Stadsgchoorzaal, Leiden, NED\n\nFebruary 7, 2000 Koningin Elisabeth, Antwerp, BEL\n\nFebruary 8, 2000 Ancienne Belgique, Brussels, BEL\n\nFebruary 10, 2000 De Warande, Turnhout, BEL\n\nFebruary 11, 2000 Cultureel Centrum Casino, Beringen, BEL\n\nFebruary 12, 2000 TBA\n\nFebruary 14, 2000 Kammermusiksaal, Berlin, GER\n\nFebruary 15, 2000 Kulturhaus, Linz, AUT\n\nFebruary 16, 2000 Gessellschaftshaus, Frankfurt, GER\n\nFebruary 18, 2000 C.C.H.2., Hamburg, GER\n\nFebruary 19, 2000 Volkhaus, Zurich, SUI\n\nFebruary 21, 2000 Prinzregenten Theatre, Munich, GER\n\nFebruary 22, 2000 Royal Festival Hall, London, ENG\n\nFebruary 24, 2000 Kurhalle, Vienna, AUT\n\nFebruary 25, 2000 Orpheum, Graz, AUT\n\nFebruary 26, 2000 Cankarjev Dom, Ljublijana, SLN\n\nFebruary 27, 2000 The Casino, Berne, SUI\n\nFebruary 28, 2000 La Cigale, Paris, FRA\n\nMarch 1-2, 2000 Vicar Street, Dublin, IRE\n\nMay 6, 2000 Gay Street Stage, Nashville, TN (Nashville River Stages)\n\nMay 7, 2000 Budweiser Stage, Memphis, TN (Beale Street Music Festival)\n\nMay 13 - Prarie Home Companion, Pasadena Playhouse, [NPR Radio 5/13/2000] Randy plays: Great Nations of Europe, I Miss You, Sail Away\n\nJune 27, 2000 Interlochen Center For The Arts, Interlochen, MI (moved from the 4,000 capacity Kresge Auditorium, to the 1,000 capacity Corson Auditorium)\n\nJune 28, 2000 Newport, RI (3rd Annual Newport Sunset Music Festival, a benefit concert for the Rhode Island Autism Project)\n\nJuly 7, 2000 Gainey Vineyard, Santa Ynez, CA\n\nJuly 8, 2000 Redondo Beach Performing Arts Center, Redondo Beach, CA\n\nSeptember 6, 2000 Craterian Ginger Rogers Theater, Medford, OR\n\nSeptember 7, 2000 Humbolt State University John Van Duzer Theatre, Arcata, CA\n\nSeptember 8, 2000 Villa Montalvo Garden Theatre, Saratoga, CA\n\nSeptember 22, 2000 Sun Theatre, Anaheim, CA\n\nSeptember 23, 2000 Swig Field @ Osher Marin Jewish Community Center, Marin, CA\n\nSeptember 24, 2000 San Luis Obispo Co. P.A.C., San Luis Obispo, CA\n\nSeptember 26, 2000 E County Performing Arts Center, El Cajon, CA\n\nOctober 13, 2000 Capitol Theater, Concord, NH\n\nOctober 14, 2000 Flynn Theatre, Burlington, CT\n\nOctober 15, 2000 Palace Theatre, Stamford, CT\n\nOctober 16, 2000 Birchmere, Alexandria, VA\n\nOctober 25, 2000 Raymond F. Kravis Center, West Palm Beach, FL\n\nOctober 27, 2000 Van Wezel Performing Arts Center, Sarasota, FL\n\nNovember 10, 2000 Arlene Schnitzer Hall, Portland, OR (with the Oregon Symphony Orchestra)\n\nNovember 17, 2000 Paramount Theatre, Seattle, WA\n\n2001\n\nMarch 4, 2001 Gindi Auditorium at the American Jewish University, Los Angeles, CA ('Cinema Judaic', A tribute to Alfred Newman. Randy conducted The Los Angeles Jewish Symphony performing \"The Suite from Avalon\")\n\nSeptember 28, 2001 Mann Center, Philadelphia, PA\n\n2002\n\nApril 19, 2002 Mount Baker Theatre, Bellingham, WA\n\nJune 12, 2002 Arts World Financial Center Plaza, New York City, NY\n\nNovember 22, 2002 Vanderbilt University Blair School of Music, Nashville, TN (The Blair Conversation Series)\n\n2003\n\nJanuary 17, 2003 Arrowhead Pond, Anaheim, CA (The 2003 NAMM Concert To Benefit Music Education, featuring the recipient of the 'Yamaha Lifetime In Musical Excellence Award', Sir Elton John. With Randy, Ray Charles, Brian Wilson, Michael McDonald, Take 6, Vanessa Carlton, Nikka Costa, Bruce Hornsby, Jewel, Norah Jones, Diana Krall, John Mayer, Brian McKnight & Rufus Wainwright)\n\nAugust 21, 2003 Chautauqua Auditorium, Boulder, CO\n\nOctober 24, 2003 Shedd Institute Jaqua Concert Hall, Eugene, OR\n\n2004\n\nJanuary 23, 2004 UCLA Royce Hall, Los Angeles, CA\n\nFebruary 8, 2004 Koningin Elisabeth, Antwerp, BEL\n\nFebruary 9, 2004 Thtre douard-VII, Paris, FRA\n\nFebruary 19, 2004 Barbican Centre, London, ENG\n\nFebruary 25, 2004 Congress Center Messe, Frankfurt, GER\n\nJuly 2, 2004 Hollywood Bowl, Hollywood, CA\n\n2006\n\nJuly 21, 2006 Sage, Gateshead, ENG\n\nNovember 3, 2006 Symphony Center, Chicago, IL\n\nNovember 11, 2006 Jewish Community Center Kanbar Hall, San Francisco, CA\n\n2007\n\nMarch 30, 2007 Paramount Theatre, Seattle, WA (Benefit for KPLU Radio Station. Randy performed and was interviewed Bob Edwards)\n\nJuly 8, 2007 Birds Hill Provincial Park, Winnipeg, MB (Winnipeg Folk Fest 2007)\n\nJuly 5-15, 2007 Ottawa, ON (Ottawa Bluesfest 2007)\n\nRandy Newman, Dr. John and Allen Toussaint, with the Celebration House Band incl. Jon Cleary, Walter \"Wolfman\" Washington, Shannon Powell, Richard Moten, Roger Lewis, James Rivers, Eric Traub and a special appearance by Fats Domino. All proceeds will benefit the Tipitina's Foundation\n\nFebruary 23, 2008 Tipitina's, New Orleans, LA (Fats Domino 80th Birthday Celebration, with Dr. John, Allen Toussaint and Clarence \"Frogman\" Henry, Jon Cleary, Walter \"Wolfman\" Washington, Shannon Powell, Richard Moten, Roger Lewis, James Rivers, Eric Traub and a special appearance by Fats Domino. All proceeds went to benefit the Tipitina's Foundation)\n\nApril 25, 2008 Mississippi State University Riley Center for the Performing Arts, Meridian, MS\n\nApril 28, 2008 Heymann Center for the Performing Arts, Lafayette, LA\n\nMay 4, 2008 Sheldon Concert Hall, St. Louis, MO\n\nMay 5-6, 2008 Englert Theatre, Iowa City, IA\n\nMay 23, 2008 Boettcher Concert Hall, Denver, CO July 2, 2008 Hollywood Bowl, Los Angeles, CA September 19, 2008 Carnegie Hall, New York City, NY September 20, 2008 Convocation Hall, Toronto, ON September 21, 2008 Boston Symphony Hall, Boston, MA September 24, 2008 Music Center at Strathmore, North Bethesda, MD September 26, 2008 Keswick Theatre, Glenside, PA September 28, 2008 Calvin Theatre, Northampton, MA October 10, 2008 Genesee Theatre, Waukegan, IL October 11, 2008 Folly Theater, Kansas City, MO October 12, 2008 Hoyt Sherman Place, Des Moines, IA October 14, 2008 Tennessee Performing Arts Center Andrew Jackson Hall, Nashville, TN October 17, 2008 Davies Symphony Hall, San Francisco, CA October 18, 2008 Golden State Theatre, Monterey, CA October 22, 2008 Moore Theatre, Seattle, WA October 23, 2008 Aladdin Theater, Portland, OR\n\nOctober 25, 2008 Shedd Institute Jaqua Concert Hall, Eugene, OR\n\nNovember 3, 2008 Vicar Street, Dublin, IRE November 5, 2008 Concertgebouw, Amsterdam, NED November 11, 2008 Alte Oper, Frankfurt, GER November 17, 2008 Circus, Stockholm, SWE (cancelled due to a neck and back injury, and forced to postpone his entire European tour) November 18, 2008 Sentrum Scene, Oslo, NOR November 19, 2008 Royal Festival Hall, London, ENG (with Tom Jones) November 25, 2008 Teatro Auditorium, Bologna, ITY\n\n2009\n\nNovember 10, 2009 Schaustall, Langenfeld, GER\n\n2010\n\nFebruary 19, 2010 UCLA Royce Hall, Los Angeles, CA April 27, 2010 Kulttuuritalo, Helsinki, FIN April 28, 2010 Sentrum Scene, Oslo, NOR April 30, 2010 Peer Gynt Salen, Bergen, NOR May 1, 2010 Bergen, NOR (Bergenfest 2010, with Manic Street Preachers, The Proclaimers, Randy Newman, Melody Gardot, Clipse, Ultravox, New York Dolls & Jace Everett) May 2, 2010 Det Kongelige Teater, Gamle Scene, Copenhagen, DEN May 3, 2010 Passionskirche Kreuzberg, Berlin, GER May 4, 2010 Theatre Zorila, Barcelona, SPA May 6, 2010 Cultuurcentrum De Spil, Roeselare, BEL May 7, 2010 Grand Canal Theatre, Dublin, IRE May 9, 2010 Ancienne Belgique, Brussels, BEL May 11, 2010 Concertgebouw, Amsterdam, NED May 12, 2010 Muziekcentrum Frits Philips, Eindhoven, NED May 13, 2010 De Warande, Turnhout, BEL May 15, 2010 De Oosterpoort, Groningen, NED (with New Cool Collective) May 16, 2010 Sage, Gateshead, ENG May 17, 2010 Royal Concert Hall, Glasgow, SCOT May 19, 2010 Royal Festival Hall, London, ENG September 25, 2010 Kentucky Center for the Performing Arts Whitney Hall, Louisville, KY\n\nOctober 3, 2010 Golden Gate Park Speedway Meadow, San Francisco, CA (Hardly Strictly Bluegrass 2010, with Emmylou Harris) October 29, 2010 Writers Guild Theater, Beverly Hills, CA November 4, 2010 Esquire House, Beverly Hills, CA November 16, 2010 Mark Taper Forum, Los Angeles, CA December 22, 2010 Mark Taper Forum, Los Angeles, CA\n\n2011\n\nJanuary 7, 2011 Mahalia Jackson Theater of the Performing Arts, New Orleans, LA January 22, 2011 Walton Arts Center Baum Walker Hall, Fayetteville, AR January 23, 2011 Bass Performance Hall, Fort Worth, TX February 11, 2011 Shaw Center for the Arts Manship Theatre, Baton Rouge, LA February 12, 2011 Florida State University Ruby Diamond Auditorium, Tallahassee, FL February 19, 2011 Dave Finkelman Auditorium, Middletown, OH February 21, 2011 Guthrie Theater, Minneapolis, MN February 23, 2011 Opera House, Lexington, KY February 25, 2011 Sheldon Concert Hall, St Louis, MO February 26, 2011 Park West, Chicago, IL March 1, 2011 Paramount Theatre, Charlottesville, VA March 2, 2011 Music Center at Strathmore, North Bethesda, MD March 4, 2011 Music Hall, Tarrytown, NY March 5, 2011 Town Hall, New York City, NY March 6, 2011 Scottish Rite Auditorium, Collingswood, NJ March 9, 2011 Boulder Theater, Boulder, CO March 11, 2011 Wheeler Opera House, Aspen, CO March 12, 2011 Vilar Performing Arts Center, Beaver Creek, CO March 14, 2011 Lensic Performing Arts Center, Santa Fe, NM March 20, 2011 Music Center at Strathmore, North Bethesda, MD March 23, 2011 Avalon Theatre, Easton, MD March 25, 2011 Tilles Center for the Performing Arts, Greenvale, NY March 26, 2011 Convocation Hall, Toronto, ON March 28, 2011 Centrepointe Theatre, Ottawa, ON April 15, 2011 Aladdin Theater, Portland, OR April 17, 2011 Alaska Center for the Performing Arts Atwood Concert Hall, Anchorage, AK April 18, 2011 Edmonds Center for the Arts, Edmonds, WA April 21, 2011 Napa Valley Opera House, Napa, CA April 22, 2011 Davies Symphony Hall, San Francisco, CA May 28-29, 2011 Arizona Biltmore, Phoenix, AZ July 9, 2011 Comox Valley Exhibition Grounds, Courtenay, BC (Vancouver Island Musicfest) July 22, 2011 Queensland Performing Arts Centre Concert Hall, Brisbane, AUS July 29-30, 2011 Arts Centre State Theatre, Melbourne, AUS August 4-6, 2011 Sydney Opera House, Sydney, AUS (with Sydney Symphony September 18, 2011 Zilker Park, Austin, TX (supported by Courtney Jaye) September 19, 2011 Moody Theater, Austin, TX (Austin City Limits 2011) October 22, 2011 Performing Arts Center, Lancaster, CA November 4, 2011 Wesleyan University Memorial Chapel, Middletown, CT December 3, 2011 Severance Hall, Cleveland, OH\n\n2012\n\nFebruary 22, 2012 Sage Gateshead, Gateshead, ENG February 24, 2012 Royal Concert Hall, Glasgow, SCOT February 25, 2012 Ancienne Belgique, Brussels, BEL February 26, 2012 Cultuurcentrum Hasselt, Hasselt, BEL February 28, 2012 Royal Festival Hall, London, ENG March 1-2, 2012 Vicar Street, Dublin, IRE March 3, 2012 X-TRA, Zrich, SUI March 4, 2012 Alte Oper, Frankfurt, GER March 6, 2012 Liederhalle Hegelsaal, Stuttgart, GER March 8, 2012 Gasteig, Munich, GER March 10, 2012 Muziekcentrum Vredenburg, Utrecht, NED March 12, 2012 Koninklijk Theater Carr, Amsterdam, NED March 13, 2012 Admiralspalast, Berlin, GER March 15, 2012 Laeiszhalle, Hamburg, GER March 16, 2012 Vaerket, Randers, DEN March 18, 2012 Jahrhunderthalle, Bochum, GER March 19, 2012 Meistersingerhalle, Nuremberg, GER March 20, 2012 Volkshaus, Zrich, SUI March 22, 2012 Bourla Schouwburg, Antwerp, BEL March 24, 2012 013 - Dommelsch Zaal, Tilburg, NED April 25, 2012 Crawford Family Forum, Pasadena, CA\n\nMay 19, 2012 Gulf Shores Beach, Gulf Shores, AL (Hangout Music Festival 2012)\n\nJuly 28, 2012 William Hawrelak Park Heritage Amphitheatre, Edmonton, AB (Interstellar Rodeo 2012)\n\nJuly 29, 2012 Prince's Island Park, Calgary, AB (Calgary Folk Music Festival 2012)\n\n2013\n\nApril 18, 2013 Nokia Theater, Los Angeles, CA (Rock & Roll Hall Of Fame Induction Ceremony 2013) June 14, 2013 Count Basie Center for the Arts, Red Bank, NJ July 18, 2013 Montalvo Arts Center, Saratoga, CA July 24, 2013 Woodland Park Zoo, Seattle, WA (BECU Zoo Tunes 2013) July 26, 2013 Oregon Zoo Amphitheater, Portland, OR August 8, 2013 Frederik Meijer Gardens, Grand Rapids, MI August 9, 2013 Opera House, Lexington, KY August 17, 2013 Park Den Brandt, Antwerp, BEL October 5, 2013 Library of Congress, Washington, DC October 19, 2013 Grand 1894 Opera House, Galveston, TX October 29, 2013 W Hotel, Hollywood, CA\n\n2014\n\nMarch 12, 2014 Lone Tree Arts Center, Denver, CO March 13, 2014 Vilar Performing Arts Center, Beaver Creek, CO March 15, 2014 Wheeler Opera House, Aspen, CO July 1, 2014 City Center, New York City, NY August 17, 2014 Planet Bluegrass, Lyons, CO August 19, 2014 Fox Tucson Theatre, Tucson, AZ September 17, 2014 KKL Luzern, Luzern, SUI September 25, 2014 Konzerthaus, Vienna, AUT (Hollywood In Vienna) November 9, 2014 Flagler College Auditorium, Saint Augustine, FL November 15, 2014 Paramount Theatre, Austin, TX November 17, 2014 McCarter Theatre Center, Princeton, NJ November 19, 2014 Wilbur Theatre, Boston, MA November 21, 2014 State Theatre, Easton, PA November 23, 2014 Center for the Performing Arts Palladium, Carmel, CA\n\n2015\n\nJanuary 17, 2015 Mahalia Jackson Theater of the Performing Arts, New Orleans, LA June 6, 2015 Max M. & Marjorie S. Fisher Music Center Orchestra Hall, Detroit, MI ('Heroes Gala, fundraiser, with the Detroit Symphony Orchestra) June 26, 2015 Nevada County Fairgrounds, Grass Valley, CA (SummerFest) July 26, 2015 Music Hall, Tarrytown, NY August 15, 2015 Rodney Strong Vineyards, Healdsburg, CA August 27, 2015 Britt Festivals Gardens and Amphitheater, Jacksonville, OR August 29, 2015 Chateau Ste. Michelle Winery, Woodinville, WA October 3, 2015 UCLA Royce Hall, Los Angeles, CA October 10, 2015 Muziekgebouw Frits Philips Eindhoven, Eindhoven, NED October 11, 2015 Concertgebouw De Vereeniging, Nijmegen, NED October 13, 2015 De Roma, Borgerhout, BEL October 16, 2015 Concertgebouw Brugge, Bruges, BEL October 17, 2015 Ancienne Belgique, Brussels, BEL October 19, 2015 Zuiderstrandtheater, The Hague, NED October 20, 2015 Concertgebouw, Amsterdam, NED October 22, 2015 TivoliVredenburg, Utrecht, NED October 23, 2015 De Oosterpoort, Groningen, NED October 26, 2015 Royal Festival Hall, London, ENG October 27-28, 2015 Vicar Street, Dublin, IRE October 30, 2015 Royal Concert Hall, Glasgow, SCOT October 31, 2015 Sage, Gateshead, ENG November 1, 2015 Admiralspalast, Berlin, GER November 3, 2015 Das Wormser, Worms, GER November 5, 2015 Museumsquartier Halle E, Vienna, AUT November 6, 2015 Messe Eventhalle, Basel, SUI\n\n2016\n\nJanuary 15, 2016 Blumenthal Performing Arts Center Belk Theater, Charlotte, NC February 28, 2016 Lyric Theatre, Birmingham, AL March 1, 2016 Heymann Performing Arts Center, Lafayette, LA March 5, 2016 Paramount Theatre, Austin, TX April 6, 2016 The Space at Westbury, Westbury, NY June 1, 2016 Paramount Theatre, Austin, TX June 3, 2016 Flynn Center, Burlington, VT (Discover Jazz Festival 2016) June 5, 2016 Hocking College, Nelsonville, OH Nelsonville Music Festival 2016\n\n2017\n\nApril 1, 2017 BAM Howard Gilman Opera House, Brooklyn, NY (A Nonesuch Celebration 2017, paying tribute to Bob Hurwitz of Nonesuch Records, with Devendra Banhart, Thomas Barlett, k.d. lang, Kronos Quartet, Pat Metheny, Natalie Merchant, Stephen Merritt, Mandy Patinkin, Steve Reich, Chris Thile, Dawn Upshaw & Caetano Veloso. Randy didn't appear but the centerpiece of the evening was the world premiere of piano music written expressly for Hurwitz by Nonesuch artists he'd worked with over the years: John Adams, Laurie Anderson, Timo Andres, Louis Andriessen, Donnacha Dennehy, Philip Glass, Adam Guettel, Brad Mehldau, Pat Metheny, Nico Muhly, Randy & Steve Reich)\n\nJuly 11, 2017 Beacon Theatre, New York City, NY (\"Grammy Salute to Music Legends\", with Andra Day, Kirk Franklin, Dwight Yoakam, Dionne Warwick, Catherine Russell, Charlie Wilson, Charley Pride, Valerie Simpson, John Cale & Pastor Shirley Caesar) August 7, 2017 Botanic Gardens at York Street, Denver, CO\n\nSeptember 13, 2017 Sandler Center For The Performing Arts Center, Virginia Beach, VA September 15, 2017 Mayo Performing Arts Center, Morristown, NJ September 16, 2017 Savings Bank Music Hall, Troy, NY September 18-19, 2017 Birchmere, Alexandria, VA September 21, 2017 Maryland Hall for the Creative Arts, Annapolis, MD September 24, 2017 Keswick Theatre, Glenside, PA October 6, 2017 Uptown Theatre, Napa, CA October 10, 2017 Revolution Hall, Portland, OR October 12, 2017 Edmonds Center For The Arts, Edmonds, WA October 18-19, 2017 City Winery, Chicago, IL November 9, 2017 Carolina Theatre, Durham, NC November 10, 2017 Music Hall, Charleston, SC November 17, 2017 Symphony Hall, Atlanta, GA December 12, 2017 Orpheum NOLA, New Orleans, LA December 14, 2017 Count Basie Center for the Arts, Red Bank, NJ December 15, 2017 Beacon Theatre, New York City, NY (WFUV Holiday Cheer benefit concert featuring Aimee Mann, Randy Newman, Jeff Tweedy & Lo Moon)\n\n2018\n\nFebruary 24, 2018 La Cigale, Paris, FRA August 12, 2018 Hollywood Bowl, Los Angeles, CA\n\nI WAS THERE Friday 02 June 2017  Saturday 10 June 2017\n\nWichita Riverfest 2017\n\nWichita Riverfest 2017 The Flaming Lips, Common, OK Go, Randy Newman, Foxygen, Less Than Jake, Mavis Staples, and LOCASH Wichita Riverfest, Wichita, KS, US"
    }
}