{
    "id": "dbpedia_6509_3",
    "rank": 73,
    "data": {
        "url": "https://ss64.com/timezones.html",
        "read_more_link": "",
        "language": "en",
        "title": "Time Zones",
        "top_image": "https://ss64.com/favicon.ico",
        "meta_img": "https://ss64.com/favicon.ico",
        "images": [],
        "movies": [],
        "keywords": [],
        "meta_keywords": [
            ""
        ],
        "tags": null,
        "authors": [],
        "publish_date": null,
        "summary": "",
        "meta_description": "",
        "meta_lang": "en",
        "meta_favicon": "/favicon.ico",
        "meta_site_name": "",
        "canonical_link": null,
        "text": "A full, sortable list of time zones.\n\nIndex Country/Region CCode Time Zone Abbr. Offset 175 Afghanistan AF Afghanistan Standard Time AFT UTC+04:30 003 Alaska US Alaskan Standard Time AKST UTC-09:00 100 Albania: Tirana AL Central European Standard Time CET UTC+01:00 100 Algeria (former W. Central Africa Standard Time / 113 ) DZ Central European Standard Time CET UTC+01:00 201 Kazakhstan: Almaty, Russia: Novosibirsk KZ/RU N. Central Asia Standard Time NCAST UTC+06:00 001 American Samoa AS Samoa Standard Time SMST UTC-11:00 105 Andorra AD Romance Standard Time RST UTC+01:00 113 Angola AO W. Central Africa Standard Time ECT UTC+01:00 055 Anguilla AI SA Western Standard Time SAWST UTC-04:00 085 Antarctica AQ GMT Standard Time GMT UTC 055 Antigua and Barbuda AG SA Western Standard Time SAWST UTC-04:00 8000004C Argentina: Buenos Aires AR Argentina Standard Time ART UTC-03:00 170 Armenia: Yerevan AM Caucasus Standard Time AMT UTC+04:00 055 Aruba, Caracas AW SA Western Standard Time SAWST UTC-04:00 050 Atlantic Time (Canada) CA Atlantic Standard Time AST UTC-04:00 250 Australia: Adelaide AU Cen. Australia Standard Time ACST UTC+09:30 245 Australia: Darwin (no daylight saving time) AU AUS Central Standard Time ACST UTC+09:30 260 Australia: Brisbane, Coral Sea Islands\n\n(no daylight saving time) AU E. Australia Standard Time AEST UTC+10:00 255 Australia: Canberra, Melbourne, Sydney AU AUS Eastern Standard Time AEST UTC+10:00 225 Australia: Perth, Ashmore and Cartier Islands (no daylight saving time) AU W. Australia Standard Time AWST UTC+08:00 110 Austria: Vienna AT W. Europe Standard Time WET UTC+01:00 170 Azerbaijan: Baku AZ Caucasus Standard Time AMT UTC+04:00 80000040 Azerbaijan: Baku AZ Azerbaijan Standard Time AZT UTC+04:00 080 Azores PT Azores Standard Time AZOT UTC-01:00 035 Bahamas, The BS Eastern Standard Time EST UTC-05:00 150 Bahrain, Kuwait, Riyadh, Qatar, Saudi Arabia BH/KW/\n\nQA/SA Arab Standard Time ABST UTC+03:00 195 Bangladesh BD Central Asia Standard Time BTT UTC+06:00 055 Barbados BB SA Western Standard Time SAWST UTC-04:00 Belarus BY Further-Eastern European Time FET UTC+03:00 105 Belgium: Brussels BE Romance Standard Time RST UTC+01:00 033 Belize BZ Central America Standard Time CST UTC-06:00 113 Benin BJ W. Central Africa Standard Time ECT UTC+01:00 055 Bermuda BM SA Western Standard Time SAWST UTC-04:00 195 Bhutan BT Central Asia Standard Time BTT UTC+06:00 055 Bolivia: La Paz BO SA Western Standard Time SAWST UTC-04:00 100 Bosnia and Herzegovina: Sarajevo BA Central European Standard Time CET UTC+01:00 140 Botswana BW South Africa Standard Time SAST UTC+02:00 113 Bouvet Island BV W. Central Africa Standard Time ECT UTC+01:00 065 Brazil: Brasilia BR E. South America Standard Time EST UTC-03:00 195 British Indian Ocean Territory IO Central Asia Standard Time BTT UTC+06:00 215 Brunei BN Singapore Standard Time SST UTC+08:00 125 Bulgaria: Sofia BG FLE Standard Time EET UTC+02:00 090 Burkina Faso BF Greenwich Standard Time GMT UTC 140 Burundi BI South Africa Standard Time SAST UTC+02:00 205 Cambodia KH SE Asia Standard Time THA UTC+07:00 113 Cameroon CM W. Central Africa Standard Time ECT UTC+01:00 083 Cabo Verde (Cape Verde) islands CV Cabo Verde Standard Time CVT UTC-01:00 045 Cayman Islands KY SA Pacific Standard Time SAPST UTC-05:00 113 Central African Republic CF W. Central Africa Standard Time ECT UTC+01:00 113 Chad TD W. Central Africa Standard Time ECT UTC+01:00 085 Channel Islands GB GMT Standard Time GMT UTC 056 Chile: Santiago CL Pacific SA Standard Time PSAST UTC-04:00 210 China: Beijing, Hong Kong SAR, Macao SAR CN/HK/MO China Standard Time CST UTC+08:00 205 Christmas Island CX SE Asia Standard Time THA UTC+07:00 205 Cocos (Keeling) Islands CC SE Asia Standard Time THA UTC+07:00 045 Colombia: Bogota, Ecuador: Quito CO/EC SA Pacific Standard Time SAPST UTC-05:00 155 Comoros KM E. Africa Standard Time EAT UTC+03:00 113 Congo CG W. Central Africa Standard Time ECT UTC+01:00 113 Congo (DRC) CD W. Central Africa Standard Time ECT UTC+01:00 002 Cook Islands, Hawaii CK Hawaiian Standard Time HST UTC-10:00 033 Costa Rica CR Central America Standard Time CST UTC-06:00 090 Côte d'Ivoire CI Greenwich Standard Time GMT UTC 100 Croatia: Zagreb HR Central European Standard Time CET UTC+01:00 045 Cuba CU SA Pacific Standard Time SAPST UTC-05:00 130 Cyprus CY GTB Standard Time GTBST UTC+02:00 095 Czech Republic: Prague CZ Central Europe Standard Time CET UTC+01:00 105 Denmark: Copenhagen DK Romance Standard Time RST UTC+01:00 195 Diego Garcia DG Central Asia Standard Time BTT UTC+06:00 155 Djibouti DJ E. Africa Standard Time EAT UTC+03:00 055 Dominica DM SA Western Standard Time SAWST UTC-04:00 055 Dominican Republic DO SA Western Standard Time SAWST UTC-04:00 045 Ecuador EC SA Pacific Standard Time SAPST UTC-05:00 120 Egypt Cairo EG Egypt Standard Time EGST UTC+02:00 180 Russia: Ekaterinburg (Yekaterinburg) RU Ekaterinburg Standard Time YEKT UTC+05:00 033 El Salvador SV Central America Standard Time CST UTC-06:00 113 Equatorial Guinea GQ W. Central Africa Standard Time ECT UTC+01:00 155 Eritrea ER E. Africa Standard Time EAT UTC+03:00 125 Estonia: Tallinn EE FLE Standard Time EET UTC+02:00 155 Ethiopia ET E. Africa Standard Time EAT UTC+03:00 Falkland Islands (Islas Malvinas) FK Atlantic Standard Time AST UTC-03:00 085 Faroe Islands FO GMT Standard Time GMT UTC 285 Fiji Islands FJ Fiji Standard Time FJT UTC+12:00 125 Finland: Helsinki FI FLE Standard Time EET UTC+02:00 105 France: Paris FR Romance Standard Time RST UTC+01:00 070 French Guiana GF SA Eastern Standard Time SAEST UTC-03:00 275 French Polynesia PF West Pacific Standard Time WPST UTC+10:00 165 French Southern and Antarctic Lands TF Arabian Standard Time AST UTC+04:00 113 Gabon GA W. Central Africa Standard Time ECT UTC+01:00 090 Gambia, The GM Greenwich Standard Time GMT UTC 170 Georgia: Tbilisi GE Caucasus Standard Time AMT UTC+04:00 80000047 Georgia: Tbilisi GE Georgian Standard Time GET UTC+04:00 110 Germany: Berlin DE W. Europe Standard Time WET UTC+01:00 090 Ghana GH Greenwich Standard Time GMT UTC 110 Gibraltar GI W. Europe Standard Time WET UTC+01:00 130 Greece: Athens GR GTB Standard Time GTBST UTC+02:00 073 Greenland GL Greenland Standard Time GNST UTC-03:00 055 Grenada GD SA Western Standard Time SAWST UTC-04:00 055 Guadeloupe GP SA Western Standard Time SAWST UTC-04:00 275 Guam GU West Pacific Standard Time WPST UTC+10:00 035 Guantanamo Bay CU Eastern Standard Time EST UTC-05:00 033 Guatemala GT Central America Standard Time CST UTC-06:00 085 Guernsey GG GMT Standard Time GMT UTC 090 Guinea GN Greenwich Standard Time GMT UTC 090 Guinea-Bissau GW Greenwich Standard Time GMT UTC 055 Guyana: Georgetown GY SA Western Standard Time SAWST/ GYT UTC-04:00 035 Haiti HT Eastern Standard Time EST UTC-05:00 165 Heard Island and McDonald Islands HM Arabian Standard Time AST UTC+04:00 033 Honduras HN Central America Standard Time CST UTC-06:00 001 Howland Island UM Samoa Standard Time SMST UTC-11:00 095 Hungary: Budapest HU Central Europe Standard Time CET UTC+01:00 090 Iceland IS Greenwich Standard Time GMT UTC 190 India IN India Standard Time IST UTC+05:30 205 Indonesia: Jakarta ID SE Asia Standard Time THA UTC+07:00 000 International Date Line West, Baker Island UM Dateline Standard Time BIT UTC-12:00 160 Iran IR Iran Standard Time IRST UTC+03:30 158 Iraq IQ Arabic Standard Time ARST UTC+03:00 085 Ireland: Dublin IE GMT Standard Time GMT UTC 085 Isle of Man IM GMT Standard Time GMT UTC 135 Israel (occupied territory) IL Israel Standard Time IST UTC+02:00 110 Italy: Rome IT W. Europe Standard Time WET UTC+01:00 045 Jamaica JM SA Pacific Standard Time SAPST UTC-05:00 235 Japan: Osaka, Sapporo, Tokyo JP Tokyo Standard Time TST UTC+09:00 001 Jarvis Island UM Samoa Standard Time SMST UTC-11:00 085 Jersey JE GMT Standard Time GMT UTC 001 Johnston Atoll UM Samoa Standard Time SMST UTC-11:00 80000042 Jordan JO Jordan Standard Time JST UTC+02:00 195 Kazakhstan KZ Central Asia Standard Time BTT UTC+06:00 155 Kenya KE E. Africa Standard Time EAT UTC+03:00 001 Kingman Reef UM Samoa Standard Time SMST UTC-11:00 300 Kiribati KI Tonga Standard Time TOT UTC+13:00 230 Korea KR Korea Standard Time KST UTC+09:00 0207 Russia: Krasnoyarsk RU North Asia Standard Time KRAT UTC+07:00 195 Kyrgyzstan KG Central Asia Standard Time BTT UTC+06:00 205 Laos LA SE Asia Standard Time THA UTC+07:00 125 Latvia: Riga, Vilnius LV FLE Standard Time EET UTC+02:00 80000041 Lebanon LB Middle East Standard Time MEST UTC+02:00 140 Lesotho LS South Africa Standard Time SAST UTC+02:00 090 Liberia: Monrovia LR Greenwich Standard Time GMT UTC 140 Libya: Tripoli LY Libya Standard Time CET UTC+01:00 110 Liechtenstein LI W. Europe Standard Time WET UTC+01:00 125 Lithuania LT FLE Standard Time EET UTC+02:00 110 Luxembourg LU W. Europe Standard Time WET UTC+01:00 110 Macedonia FYROM (Former Yugoslav Republic of Macedonia) MK W. Europe Standard Time WET UTC+01:00 155 Madagascar MG E. Africa Standard Time EAT UTC+03:00 140 Malawi MW South Africa Standard Time SAST UTC+02:00 215 Malaysia: Kuala Lumpur MY Singapore Standard Time SST UTC+08:00 185 Maldives MV West Asia Standard Time WAST UTC+05:00 090 Mali ML Greenwich Standard Time GMT UTC 110 Malta MT W. Europe Standard Time WET UTC+01:00 285 Marshall Islands MH Fiji Standard Time FJT UTC+12:00 055 Martinique MQ SA Western Standard Time SAWST UTC-04:00 090 Mauritania MR Greenwich Standard Time GMT UTC Mauritius MU Mauritius Standard Time MUT UTC+04:00 155 Mayotte, Nairobi YT E. Africa Standard Time EAT UTC+03:00 80000043 Mexico: Guadalajara, Mexico City, Monterrey MX Central Standard Time (Mexico) CST UTC-06:00 80000044 Mexico: Chihuahua, Mazatlan, La Paz MX Mountain Standard Time (Mexico) MSTM UTC-07:00 80000045 Mexico Tijuana MX Pacific Standard Time (Mexico) PST UTC-08:00 013 Mexico: deprecated, now use Mountain Standard Time (Mexico) Mexico Standard Time 2 UTC-07:00 030 Mexico: deprecated, now use Central Standard Time (Mexico) Mexico Standard Time UTC-06:00 285 Micronesia FM Fiji Standard Time FJT UTC+12:00 001 Midway Islands MI Samoa Standard Time SMST UTC-11:00 125 Moldova MD FLE Standard Time EET UTC+02:00 110 Monaco MC W. Europe Standard Time WET UTC+01:00 227 Mongolia: Ulaanbaatar, Russia: Irkutsk, MN/RU North Asia East Standard Time IRKT UTC+08:00 055 Montserrat MS SA Western Standard Time SAWST UTC-04:00 090 Morocco: Casablanca MA Morocco Standard Time MOST UTC 140 Mozambique MZ South Africa Standard Time SAST UTC+02:00 203 Myanmar: Yangon Rangoon MM Myanmar Standard Time MYST UTC+06:30 80000046 Namibia NA Namibia Standard Time NMST UTC+01:00 285 Nauru NR Fiji Standard Time FJT UTC+12:00 193 Nepal: Kathmandu NP Nepal Standard Time NPT UTC+05:45 055 Netherlands Antilles BQ SA Western Standard Time SAWST UTC-04:00 110 Netherlands: Amsterdam NL W. Europe Standard Time WET UTC+01:00 280 New Caledonia NC Central Pacific Standard Time SBT UTC+11:00 290 New Zealand NZ New Zealand Standard Time NZST UTC+12:00 060 Newfoundland and Labrador CA Newfoundland and Labrador Standard Time NST UTC-03:30 033 Nicaragua NI Central America Standard Time CST UTC-06:00 113 Niger NE W. Central Africa Standard Time ECT UTC+01:00 113 Nigeria NG W. Central Africa Standard Time ECT UTC+01:00 001 Niue NU Samoa Standard Time SMST UTC-11:00 280 Norfolk Island NF Central Pacific Standard Time SBT UTC+11:00 235 North Korea KP Tokyo Standard Time TST UTC+09:00 275 Northern Mariana Islands MP West Pacific Standard Time WPST UTC+10:00 110 Norway NO W. Europe Standard Time WET UTC+01:00 165 Oman OM Arabian Standard Time AST UTC+04:00 Pakistan PK Pakistan Standard Time PKT UTC+05:00 185 Pakistan: Islamabad, Karachi PK West Asia Standard Time WAST UTC+05:00 235 Palau PW Tokyo Standard Time TST UTC+09:00 130 State of Palestine (former Palestinian Authority)1 PS GTB Standard Time GTBST UTC+02:00 001 Palmyra Atoll UM Samoa Standard Time SMST UTC-11:00 045 Panama PA SA Pacific Standard Time SAPST UTC-05:00 275 Papua New Guinea: Port Moresby PG West Pacific Standard Time WPST UTC+10:00 045 Paraguay PY SA Pacific Standard Time SAPST UTC-05:00 045 Peru: Lima PE SA Pacific Standard Time SAPST UTC-05:00 210 Philippines, China: Chongqing, China: Ürümqi PH/CN China Standard Time CST UTC+08:00 004 Pitcairn Islands PN Pacific Standard Time PST UTC-08:00 100 Poland: Warsaw, Skopje PL Central European Standard Time CET UTC+01:00 085 Portugal: Lisbon PT GMT Standard Time GMT UTC 055 Puerto Rico PR SA Western Standard Time SAWST UTC-04:00 165 Réunion RE Arabian Standard Time AST UTC+04:00 115 Romania: Bucharest RO E. Europe Standard Time EET UTC+02:00 130 Romania RO GTB Standard Time GTBST UTC+02:00 275 Rota Island MP West Pacific Standard Time WPST UTC+10:00 145 Russia: Moscow, St. Petersburg, Volgograd RU Russian Standard Time MSK UTC+03:00 140 Rwanda RW South Africa Standard Time SAST UTC+02:00 085 Saint Helena, Ascension, Tristan da Cunha SH GMT Standard Time GMT UTC 275 Saipan MP West Pacific Standard Time WPST UTC+10:00 001 Samoa (former Western Samoa) WS Samoa Standard Time SMST UTC-11:00 110 San Marino SM W. Europe Standard Time WET UTC+01:00 090 São Tomé and Príncipe ST Greenwich Standard Time GMT UTC 025 Saskatchewan CA Canada Central Standard Time CT UTC-06:00 090 Senegal SN Greenwich Standard Time GMT UTC 095 Serbia: Belgrade RS Central Europe Standard Time CET UTC+01:00 165 Seychelles SC Arabian Standard Time AST UTC+04:00 090 Sierra Leone SL Greenwich Standard Time GMT UTC 215 Singapore SG Singapore Standard Time SST UTC+08:00 095 Slovakia: Bratislava SK Central Europe Standard Time CET UTC+01:00 095 Slovenia: Ljubljana SI Central Europe Standard Time CET UTC+01:00 280 Solomon Islands SB Central Pacific Standard Time SBT UTC+11:00 155 Somalia SO E. Africa Standard Time EAT UTC+03:00 140 South Africa: Pretoria ZA South Africa Standard Time SAST UTC+02:00 075 South Georgia and the South Sandwich Islands GS Mid-Atlantic Standard Time GST UTC-02:00 105 Spain Madrid ES Romance Standard Time RST UTC+01:00 200 Sri Lanka: Sri Jayawardenepura LK Sri Lanka Standard Time SLST UTC+05:30 090 St. Helena: Tristan da Cunha SH Greenwich Standard Time GMT UTC 055 St. Kitts and Nevis KN SA Western Standard Time SAWST UTC-04:00 055 St. Lucia LC SA Western Standard Time SAWST UTC-04:00 070 St. Pierre and Miquelon PM SA Eastern Standard Time SAEST UTC-03:00 055 St. Vincent and the Grenadines VC SA Western Standard Time SAWST UTC-04:00 155 Sudan SD E. Africa Standard Time EAT UTC+03:00 070 Suriname SR SA Eastern Standard Time SRT/SAEST UTC-03:00 110 Svalbard: Jan Mayen SJ W. Europe Standard Time WET UTC+01:00 140 Eswatini (former Swaziland) SZ South Africa Standard Time SAST UTC+02:00 110 Sweden: Stockholm SE W. Europe Standard Time WET UTC+01:00 110 Switzerland: Bern CH W. Europe Standard Time WET UTC+01:00 140 Syria SY South Africa Standard Time SAST UTC+02:00 220 Taiwan: Taipei TW Taipei Standard Time TIST UTC+08:00 155 Tanzania TZ E. Africa Standard Time EAT UTC+03:00 265 Tasmania: Hobart AU Tasmania Standard Time TAST UTC+10:00 205 Thailand: Bangkok TH SE Asia Standard Time THA UTC+07:00 235 Timor-Leste (East Timor) TL Tokyo Standard Time TST UTC+09:00 275 Tinian Island MP West Pacific Standard Time WPST UTC+10:00 090 Togo TG Greenwich Standard Time GMT UTC 002 Tokelau TK Hawaiian Standard Time HST UTC-10:00 300 Tonga: Nuku'alofa TO Tonga Standard Time TOT UTC+13:00 055 Trinidad and Tobago TT SA Western Standard Time SAWST UTC-04:00 110 Tunisia TN W. Europe Standard Time WET UTC+01:00 Turkey: Istanbul TR Turkey Standard Time EET UTC+02:00 185 Turkmenistan, Tajikistan TM/TJ West Asia Standard Time WAST UTC+05:00 045 Turks and Caicos Islands TC SA Pacific Standard Time SAPST UTC-05:00 285 Tuvalu TV Fiji Standard Time FJT UTC+12:00 155 Uganda UG E. Africa Standard Time EAT UTC+03:00 125 Ukraine: Kiev UA FLE Standard Time EET UTC+02:00 165 United Arab Emirates AE Arabian Standard Time AST UTC+04:00 085 United Kingdom: London, Edinburgh GB GMT Standard Time GMT UTC 070 Uruguay UY SA Eastern Standard Time UYT/SAEST UTC-03:00 035 United States (US) and Canada CA/US Eastern Standard Time EST UTC-05:00 020 United States (US) and Canada CA/US Central Standard Time CT/CCST UTC-06:00 010 United States (US) and Canada CA/US Mountain Standard Time MT/MST UTC-07:00 004 United States (US) and Canada CA/US Pacific Standard Time PST UTC-08:00 015 United States (US) Arizona, Clipperton Island US Mountain Standard Time MST UTC-07:00 040 United States (US) Indiana (East) US U.S. Eastern Standard Time EST UTC-05:00 185 Uzbekistan: Tashkent UZ West Asia Standard Time WAST UTC+05:00 280 Vanuatu: Port Vila, Russia: Magadan VU/RU Central Pacific Standard Time SBT UTC+11:00 110 Vatican City VA W. Europe Standard Time WET UTC+01:00 Venezuela VE Venezuela Standard Time VET UTC-04:30 205 Vietnam: Hanoi VN SE Asia Standard Time THA UTC+07:00 055 Virgin Islands VI SA Western Standard Time SAWST UTC-04:00 055 Virgin Islands, British VG SA Western Standard Time SAWST UTC-04:00 270 Russia: Vladivostok RU Vladivostok Standard Time VLAT UTC+10:00 285 Wake Island UM Fiji Standard Time FJT UTC+12:00 285 Wallis and Futuna WF Fiji Standard Time FJT UTC+12:00 240 Russia: Yakutsk RU Yakutsk Standard Time YAKT UTC+09:00 155 Yemen YE E. Africa Standard Time EAT UTC+03:00 140 Zambia ZM South Africa Standard Time SAST UTC+02:00 140 Zimbabwe: Harare ZW South Africa Standard Time SAST UTC+02:00\n\nMany countries also have Daylight Saving Time (DST) for part of the year, the time service will automatically switch to this at the appropriate time unless DST has been disabled.\n\nFor example 'Eastern Standard Time' represents both EST (UTC-05:00) and EDT (UTC-04:00)\n\nThe Microsoft Deployment Toolkit (MDT) will use these values in a scripted install, e.g.\n\nTimeZone=004\n\nTimeZoneName=Pacific Standard Time\n\n'GMT Standard Time' is a Microsoft term, and should not be confused with 'Greenwich Mean Time' (GMT)\n\nGreenwich Mean Time implies no daylight savings.\n\nThis table is intended as an aid to help select time zone data appropriate for your practical needs. It is not intended to take or endorse any position on legal or territorial claims.\n\n“These are really terribly rough times, and we really should try to be as nice to each other as possible” ~ Lou Reed, 2003 interview.\n\nRelated commands\n\nWindows Locales - Regional standards for date and time formatting.\n\nQ3162835 - June 2016 DST and time zone update for Windows.\n\nQ3013410 - December 2014 cumulative time zone update for Windows Operating Systems.\n\nTZUTIL - Time Zone Utility.\n\nW32TM - Time Service.\n\nPowerShell: Get-TimeZone / Set-TimeZone\n\nWikipedia - List of TZ database time zones (use these for Unix/macOS)\n\nThe IANA Time Zone Database - Github, data with local time for many locales around the globe (tz, tzdb or zoneinfo).\n\nTime.is - Atomic clock.\n\nTime Zone News - TimeandDate.com"
    }
}