{
    "id": "dbpedia_3587_0",
    "rank": 13,
    "data": {
        "url": "https://www.worlddata.info/america/usa/areacodes.php",
        "read_more_link": "",
        "language": "en",
        "title": "US state telephone codes",
        "top_image": "https://cdn.worlddata.info/pics/og/telephone2.jpg",
        "meta_img": "https://cdn.worlddata.info/pics/og/telephone2.jpg",
        "images": [
            "https://cdn.worlddata.info/pics/logo-en750.png",
            "https://cdn.worlddata.info/pics/telephone2.jpg",
            "https://cdn.worlddata.info/maps/us-areacodes.en.svg",
            "https://cdn.worlddata.info/pics/telephone2.jpg",
            "https://cdn.worlddata.info/pics/population-northamerica.jpg",
            "https://cdn.worlddata.info/pics/telephone.jpg",
            "https://cdn.worlddata.info/pics/white-house.jpg"
        ],
        "movies": [],
        "keywords": [],
        "meta_keywords": [
            ""
        ],
        "tags": null,
        "authors": [],
        "publish_date": null,
        "summary": "",
        "meta_description": "List of telephone area codes in the USA by state and region",
        "meta_lang": "en",
        "meta_favicon": "//cdn.worlddata.info/pics/favs/64x64.png",
        "meta_site_name": "Worlddata.info",
        "canonical_link": "https://www.worlddata.info/america/usa/areacodes.php",
        "text": "Structure of North American telephone numbers\n\nThe area code is always followed by 7 additional digits of the actual phone number (with the exception of special phone numbers). The first 3 digits originally belong to the respective telecommunications provider. However, these are not the same throughout the country, but are reassigned within each area code. With the introduction of number portability, i.e., the transfer of an existing phone number to another provider, this assignment has been diluted to a large extent. If you apply for a new phone number, you can usually choose from several of these provider-specific numbers. Only the last 4 digits of the number are actually freely assigned.\n\nMap of US area codes\n\nAllocation of the area codes\n\nAn area code does not always have to stand for a single city. It can also apply to a larger area with several cities. Conversely, the New York metropolitan area, for example, is divided into several areas because a particularly large number of people live here. Especially in the rapidly growing metropolitan areas, this is hardly sufficient over time. Thus, one assigns additional area codes to a region bit by bit, but not consecutively. Such an assignment of several codes to the same area is called an \"overlay\". It began in 1947 with 86 numbers. In the meantime, there are more than 450, of which 357 are in the USA alone. Codes with a 0 or 1 at the beginning do not exist. Also, several combinations are reserved for special numbers.\n\nThese area codes are assigned according to the North American numbering plan. There, number assignment is planned years in advance for all of North America, including Canada and many Caribbean and Pacific islands.\n\nNot even a rough geographical classification can be made from the numbers. There is no ascending order from west to east or from north to south. Densely populated California alone has 40 area codes ranging from 209 to 951. The District of Columbia has only two area codes (202 and 771).\n\nTherefore, to identify where a phone number originates, extensive lists are used that are already programmed into most phones. This automatically signals to the called party which region the call is coming from.\n\nUnrecognizable mobile numbers\n\nUnlike in most other countries, no individual number ranges or even area codes are provided specifically for mobile communications in the United States. This means that callers cannot tell whether they are calling a fixed-network line or a cell phone. Of course, connections to a mobile network also cost more in the USA than within the traditional fixed network. The surcharge for the mobile connection is therefore borne by the called party. In the past, this could quickly cost a lot of money. Now, however, all U.S. providers offer flat rates that often cost no more than a few dollars per month. This keeps the costs for incoming calls manageable.\n\nList of area codes by state and region\n\nAlaska (AK)\n\nCodeRegions907Anchorage, College, Fairbanks, Juneau, Ketchikan, Sitka\n\nAlabama (AL)\n\nCodeRegions205, 659Alabaster, Bessemer, Birmingham, Center Point, Homewood, Hoover, Mountain Brook, Tuscaloosa, Vestavia Hills251Mobile, Prichard256Anniston, Decatur, Florence, Gadsden, Huntsville, Madison334Auburn, Dothan, Enterprise, Montgomery, Opelika, Phenix City, Prattville, Selma\n\nArkansas (AR)\n\nCodeRegions479Fayetteville, Fort Smith, Rogers, Russellville, Springdale501Benton, Conway, Hot Springs, Jacksonville, North Little Rock, Sherwood870, 327El Dorado, Jonesboro, Paragould, Pine Bluff, Texarkana, West Memphis\n\nArizona (AZ)\n\nCodeRegions520Casa Grande, Catalina Foothills, Drexel Heights, Nogales, Oro Valley, Sierra Vista, Tucson623, 480, 602Phoenix metropolitan area928Bullhead City, Flagstaff, Fortuna Foothills, Kingman, Lake Havasu City, Prescott, Prescott Valley, Yuma\n\nCalifornia (CA)\n\nCodeRegions209, 350Atwater, Ceres, Lodi, Los Banos, Manteca, Merced, West Modesto, Stockton, Tracy, Turlock323, 738, 213Los Angeles, Bell, Cudahy, Florence-Graham, Maywood, Montebello, South Gate, West Hollywood, Westmont310, 424Beverly Hills, West Carson, Culver City, Gardena, Hawthorne, Inglewood, Lawndale, Lennox, Lomita, Lynwood, Manhattan Beach, Rancho Palos Verdes, Redondo Beach, Santa Monica, Torrance408, 669Campbell, Gilroy, Los Gatos, Milpitas, Morgan Hill, San Jose, Santa Clara, Saratoga, Sunnyvale415, 628Novato, San Anselmo, South San Francisco, San Rafael442La Quinta, Oceanside, Palm Desert, Palm Springs, Ridgecrest, San Marcos, Victorville, Vista, Apple Valley, Barstow, Brawley, Calexico, Carlsbad, Cathedral City, Coachella, El Centro, Encinitas, Escondido, Fallbrook, Hesperia, Indio510, 341Alameda, Berkeley, Castro Valley, El Cerrito, Fremont, Hayward, Newark, Oakland, Richmond, San Leandro, San Lorenzo, San Pablo, Union City530, 837Chico, Davis, Paradise, Redding, South Lake Tahoe, Woodland, Yuba City559Clovis, Fresno, Hanford, Madera, Porterville, Reedley, Tulare, Visalia562Bellflower, Cerritos, Downey, La Habra, La Mirada, Lakewood, Long Beach, Norwalk, Paramount, Pico Rivera, Seal Beach, South Whittier, West Whittier-Los Nietos, Whittier619, 858Chula Vista, Coronado, El Cajon, Imperial Beach, La Mesa, La Presa, Lemon Grove, National City, Rancho San Diego, San Diego, Poway, Santee, Spring Valley626Alhambra, Altadena, Arcadia, Azusa, Baldwin Park, West Covina, Duarte, South El Monte, Glendora, Hacienda Heights, La Puente, Monrovia, Monterey Park, South Pasadena, Rosemead, Rowland Heights, South San Gabriel, South San Jose Hills, Temple City, Valinda, Walnut, West Puente Valley650Belmont, Burlingame, Daly City, East Palo Alto, Foster City, Los Altos, Menlo Park, Millbrae, Mountain View, Pacifica, Palo Alto, Redwood City, San Bruno, San Carlos, San Mateo, South San Francisco657, 714Anaheim, Brea, Buena Park, Cypress, Fountain Valley, Fullerton, Garden Grove, Huntington Beach, Orange, Placentia, Santa Ana, Stanton, North Tustin, Westminster, Yorba Linda661Bakersfield, Delano, Lancaster, Oildale, Palmdale, Santa Clarita, Wasco707, 369Benicia, Eureka, Fairfield, Napa, Petaluma, Rohnert Park, Santa Rosa, Suisun, Vacaville, Vallejo, Windsor747, 818Agoura Hills, Burbank, Calabasas, North Glendale, La Cañada Flintridge, San Fernando760Apple Valley, Barstow, Brawley, Calexico, Carlsbad, Cathedral City, Coachella, El Centro, Encinitas, Escondido, Fallbrook, Hesperia, Indio, La Quinta, Oceanside, Palm Desert, Palm Springs, Ridgecrest, San Marcos, Victorville, Vista805, 820Atascadero, Camarillo, Paso Robles, Goleta, Lompoc, Moorpark, Orcutt, Oxnard, Port Hueneme, Ventura, San Luis Obispo, Santa Barbara, Santa Maria, Santa Paula, Simi Valley, Thousand Oaks831Hollister, Marina, Monterey, Salinas, Santa Cruz, Seaside, Watsonville909, 840Chino, Chino Hills, Claremont, Colton, Diamond Bar, Fontana, Highland, La Verne, Montclair, Ontario, Pomona, Rancho Cucamonga, Redlands, Rialto, San Bernardino, San Dimas, Upland, Yucaipa916, 279Arden-Arcade, Carmichael, Citrus Heights, Elk Grove, North Fair Oaks, Florin, Folsom, La Riviera, Laguna, North Highlands, Orangevale, Rancho Cordova, Rocklin, Rosemont, Roseville, West Sacramento925Antioch, Bay Point, Brentwood, Concord, Danville, Dublin, Lafayette, Livermore, Martinez, Oakley, Pittsburg, Pleasant Hill, Pleasanton, San Ramon, Walnut Creek949Aliso Viejo, Costa Mesa, Dana Point, Irvine, Laguna Beach, Laguna Hills, Laguna Niguel, Lake Forest, Mission Viejo, Newport Beach, Rancho Santa Margarita, San Clemente, San Juan Capistrano951Banning, Corona, Hemet, Moreno Valley, Murrieta, Norco, Perris, Riverside, Rubidoux, Temecula\n\nColorado (CO)\n\nCodeRegions303, 983, 720Denver metropolitan area719Colorado Springs, Pueblo West, Security-Widefield970Fort Collins, Grand Junction, Greeley, Loveland\n\nConnecticut (CT)\n\nCodeRegions203, 475Bridgeport, Danbury, East Haven, Meriden, Milford, Naugatuck, New Haven, North Haven, Norwalk, Shelton, Stamford, Stratford, Trumbull, Waterbury, West Haven, Westport860, 959Bristol, Manchester, East Hartford, West Hartford, Middletown, New Britain, New London, Newington, Norwich, West Torrington, Wethersfield\n\nDistrict of Columbia (DC)\n\nCodeRegions202, 771Washington\n\nDelaware (DE)\n\nCodeRegions302Dover, Newark, Wilmington\n\nFlorida (FL)\n\nCodeRegions239Bonita Springs, Cape Coral, North Fort Myers, Golden Gate, Lehigh Acres, Naples305, 786, 645Aventura, Carol City, Coral Gables, Coral Terrace, Country Club, Cutler Ridge, Doral, Golden Glades, Hialeah, Homestead, Kendale Lakes, Kendall West, Key West, Leisure City, West Miami, North Miami Beach, Miami Lakes, Miramar, Norland, North Miami, Richmond West, Richmond Heights, South Miami Heights, Tamiami, West Little River, Westchester321Altamonte Springs, South Apopka, Casselberry, Kissimmee, West Melbourne, Merritt Island, Oak Ridge, Ocoee, Orlando, Oviedo, Palm Bay, Pine Hills, Rockledge, Sanford, Saint Cloud, Titusville, University Park, Wekiwa Springs, Winter Park, Winter Springs352Gainesville, Oakland Park, Ocala, Spring Hill386Daytona Beach, DeLand, Deltona, New Smyrna Beach, Ormond Beach, Palm Coast, Port Orange407, 689Altamonte Springs, South Apopka, Casselberry, Kissimmee, Oak Ridge, Ocoee, Orlando, Oviedo, Pine Hills, Sanford, Saint Cloud, University Park, Wekiwa Springs, Winter Park, Winter Springs561, 728Boca Del Mar, Boca Raton, Boynton Beach, Delray Beach, Jupiter, Lake Worth, Palm Beach, Riviera Beach, University Park, Wellington727Bayonet Point, Clearwater, Dunedin, Holiday, Largo, Lealman, Palm Harbor, Pinellas Park, Saint Petersburg, Tarpon Springs754, 954Coconut Creek, Cooper City, Coral Springs, Dania Beach, Davie, Deerfield Beach, Fort Lauderdale, Hallandale Beach, Hollywood, Lauderdale Lakes, Lauderhill, Margate, North Lauderdale, Pembroke Pines, Plantation, Pompano Beach, Sunrise, Tamarac, Weston772Fort Pierce South, Palm City, Port Saint Lucie, Vero Beach South813, 656Brandon, Citrus Park, Greater Northdale, Lake Magdalene, Land O' Lakes, Plant City, Tampa, Temple Terrace, Town 'n' Country850, 448Bellview, Brent, Ferry Pass, Fort Walton Beach, Panama City, West Pensacola, Tallahassee, Wright863Lakeland, Winter Haven904, 324Jacksonville, Jacksonville Beach, Lakeside941South Bradenton, North Port, Port Charlotte, Punta Gorda, Sarasota\n\nGeorgia (GA)\n\nCodeRegions229Albany, Valdosta478Macon, Warner Robins678, 770, 404Metro Atlanta706, 762Athens, Augusta, Columbus, Dalton, La Grange, Martinez, Rome912Hinesville, Savannah, Statesboro\n\nHawaii (HI)\n\nCodeRegions808Hilo, Honolulu, Kahului, Kailua-Kona, Kāne‘ohe, Mililani Town, Pearl City, Waimalu, Waipahu\n\nIowa (IA)\n\nCodeRegions319Burlington, Cedar Falls, Cedar Rapids, Iowa City, Marion, Waterloo515Ames, Ankeny, West Des Moines, Fort Dodge, Urbandale563Bettendorf, Clinton, Davenport, Dubuque, Muscatine641Marshalltown, Mason City, Ottumwa712Council Bluffs, Sioux City\n\nIdaho (ID)\n\nCodeRegions208, 986Boise, Caldwell, Coeur d'Alene, Idaho Falls, Lewiston, Meridian, Moscow, Nampa, Pocatello, Twin Falls\n\nIllinois (IL)\n\nCodeRegions217, 447Champaign, Charleston, Danville, Decatur, Quincy, Springfield, Urbana224, 847Algonquin, Arlington Heights, Buffalo Grove, Carpentersville, Des Plaines, South Elgin, Elk Grove Village, Evanston, Glenview, Gurnee, Highland Park, Hoffman Estates, Lake Forest, Lake in the Hills, Libertyville, Morton Grove, Mount Prospect, Mundelein, Niles, North Chicago, Northbrook, Palatine, Park Ridge, Rolling Meadows, Round Lake Beach, Schaumburg, Skokie, Vernon Hills, Waukegan, Wheeling, Wilmette, Zion309, 861Bloomington, East Moline, East Peoria, Galesburg, Moline, Normal, Pekin, Peoria, Rock Island312, 773West Chicago331, 630Addison, North Aurora, Bartlett, Batavia, Bensenville, Bloomingdale, Bolingbrook, Carol Stream, Darien, Downers Grove, Elmhurst, Glen Ellyn, Glendale Heights, Hanover Park, Lisle, Lombard, Naperville, Roselle, Saint Charles, Streamwood, Villa Park, West Chicago, Westmont, Wheaton, Woodridge618, 730East Alton, Belleville, Carbondale, Collinsville, East Saint Louis, Edwardsville, Granite City, O'Fallon708, 464Bellwood, Berwyn, Blue Island, Burbank, Calumet City, Chicago Heights, Cicero, Dolton, Elmwood Park, Evergreen Park, Harvey, Lansing, Maywood, Melrose Park, Oak Forest, Oak Lawn, Oak Park, Orland Park, Park Forest, South Holland, Tinley Park779, 815Belvidere, Crystal Lake, DeKalb, Freeport, Joliet, Kankakee, Loves Park, Machesney Park, McHenry, Rockford, Romeoville, Woodstock\n\nIndiana (IN)\n\nCodeRegions219East Chicago, Gary, Hammond, Highland, Hobart, LaPorte, Merrillville, Michigan City, Munster, Portage, Schererville, Valparaiso260Fort Wayne317, 463Carmel, Fishers, Greenwood, Indianapolis, Lawrence, Noblesville574Elkhart, Goshen, Granger, Mishawaka, South Bend765Anderson, Kokomo, West Lafayette, Marion, Muncie, Richmond812, 930Bloomington, Clarksville, Columbus, Evansville, Jeffersonville, New Albany, Terre Haute\n\nKansas (KS)\n\nCodeRegions316Wichita620Dodge City, Emporia, Garden City, Hutchinson785Hays, Lawrence, Manhattan, Salina, Topeka913Kansas City, Leavenworth, Leawood, Lenexa, Olathe, Overland Park, Prairie Village, Shawnee\n\nKentucky (KY)\n\nCodeRegions270, 364Bowling Green, Elizabethtown, Henderson, Hopkinsville, Owensboro, Paducah, Radcliff502Frankfort, Louisville606Ashland859Covington, Florence, Lexington, Richmond\n\nLouisiana (LA)\n\nCodeRegions225Baton Rouge318, 457Alexandria, Bossier City, West Monroe, Ruston, Shreveport337Lafayette, Lake Charles, New Iberia, Opelousas, Sulphur504Chalmette, Harvey, Kenner, Marrero, Metairie, New Orleans, Terrytown985Houma, Laplace, Slidell\n\nMassachusetts (MA)\n\nCodeRegions339, 781Arlington, Braintree, Burlington, Dedham, Lexington, Lynn, Malden, Marblehead, Medford, Melrose, Needham, Norwood, Randolph, Reading, Revere, Saugus, Stoneham, Wakefield, Waltham, Wellesley, Weymouth, Winchester, Woburn351, 978Beverly, Chelmsford, Danvers, Fitchburg, Gardner, Gloucester, Haverhill, Lawrence, Leominster, Lowell, Methuen, South Peabody, Salem, Wilmington413Agawam, North Chicopee, Holyoke, Northampton, Pittsfield, West Springfield, Westfield508, 774Attleboro, Barnstable, Brockton, Fall River, Framingham, Franklin, Marlborough, Milford, New Bedford, Taunton, Worcester617, 857Belmont, South Boston, Brookline, Cambridge, Chelsea, Everett, Milton, Newton, Quincy, Somerville, Watertown\n\nMaryland (MD)\n\nCodeRegions240, 301, 227Aspen Hill, North Bethesda, Bowie, Chillum, Clinton, College Park, Cumberland, Fairland, Fort Washington, Frederick, Gaithersburg, Germantown, Greenbelt, Hagerstown, Landover, Montgomery Village, South Laurel, North Potomac, Olney, Potomac, Rockville, Silver Spring, Saint Charles, Suitland, Waldorf, White Oak410, 443, 667Annapolis, Arbutus, Arnold, Baltimore, Bel Air North, Bel Air South, Carney, Catonsville, Columbia, Crofton, Dundalk, Edgewood, Eldersburg, West Elkridge, Ellicott City, Essex, Glen Burnie, Lochearn, Middle River, Milford Mill, Odenton, Parkville, Perry Hall, Pikesville, Randallstown, Reisterstown, Salisbury, Severn, Severna Park, South Gate, Towson\n\nMaine (ME)\n\nCodeRegions207Auburn, Augusta, Bangor, Biddeford, Brunswick, Lewiston, South Portland\n\nMichigan (MI)\n\nCodeRegions231Muskegon, Norton Shores, Shelby248, 947West Bloomfield Township, Farmington Hills, Ferndale, Madison Heights, Novi, Oak Park, Pontiac, Rochester Hills, Royal Oak, Southfield, Troy, Waterford269Battle Creek, Kalamazoo, Portage313, 679Allen Park, Dearborn, Dearborn Heights, Detroit, Hamtramck, Inkster, Lincoln Park, Redford, Taylor517Adrian, Clinton, East Lansing, Jackson, Lansing, Okemos586Clinton, Eastpointe, Roseville, Shelby, Saint Clair Shores, Sterling Heights, Warren616Forest Hills, Grand Rapids, Holland, Kentwood, Walker, WY734Ann Arbor, Canton, Garden City, Livonia, South Monroe, Plymouth, Romulus, Southgate, Westland, Wyandotte, Ypsilanti810Burton, Flint, Port Huron989Bay City, Midland, Mount Pleasant, Saginaw\n\nMinnesota (MN)\n\nCodeRegions218Andover, Duluth, Moorhead320Saint Cloud507, 924Austin, Faribault, North Mankato, Owatonna, Rochester, Winona612Crystal, Golden Valley, Minneapolis, Richfield, Saint Louis Park651Apple Valley, Cottage Grove, Eagan, Inver Grove Heights, Lakeville, Maplewood, New Brighton, Oakdale, Roseville, Shoreview, South Saint Paul, Saint Paul, White Bear Lake, Woodbury763Blaine, Brooklyn Center, Brooklyn Park, Champlin, West Coon Rapids, Fridley, Maple Grove, New Hope, Plymouth952Bloomington, Burnsville, Chanhassen, Eden Prairie, Edina, Minnetonka, Savage, Shakopee\n\nMissouri (MO)\n\nCodeRegions314, 557Kirkwood, Maryland Heights, Mehlville, Oakville, Spanish Lake, St. Louis, University City, Webster Groves, Affton, Ferguson, Florissant, Hazelwood417Joplin, Springfield573, 235Cape Girardeau, Columbia, Jefferson City636Ballwin, Chesterfield, O'Fallon, Saint Charles, Saint Peters, Wildwood660Sedalia816, 975Belton, Blue Springs, Gladstone, Grandview, Independence, Kansas City, Lee's Summit, Liberty, Raytown, Saint Joseph\n\nMississippi (MS)\n\nCodeRegions228Biloxi, West Gulfport, Pascagoula601, 769Clinton, West Hattiesburg, Jackson, Meridian, Pearl, Ridgeland, Vicksburg662Clarksdale, Columbus, Greenville, Olive Branch, Southaven, Starkville, Tupelo\n\nMontana (MT)\n\nCodeRegions406Billings, Bozeman, Butte, Great Falls, Helena, Missoula\n\nNorth Carolina (NC)\n\nCodeRegions252Greenville, Havelock, Kinston, New Bern, Rocky Mount, Wilson336, 743Asheboro, Burlington, Greensboro, High Point, Winston-Salem704, 980Charlotte, Concord, South Gastonia, Huntersville, Kannapolis, Matthews, Monroe, Salisbury, Statesville828Asheville, Hickory910, 472Fayetteville, Fort Bragg, Jacksonville, Lumberton, Wilmington919, 984Apex, Cary, Chapel Hill, Durham, Goldsboro, West Raleigh, Sanford\n\nNorth Dakota (ND)\n\nCodeRegions701Bismarck, West Fargo, Grand Forks, Minot\n\nNebraska (NE)\n\nCodeRegions308Grand Island, Kearney, North Platte402, 531Bellevue, Columbus, Fremont, Hastings, Lincoln, Norfolk, Omaha\n\nNew Hampshire (NH)\n\nCodeRegions603East Concord, Derry, Dover, Keene, Manchester, Nashua, Portsmouth, Rochester\n\nNew Jersey (NJ)\n\nCodeRegions201, 551Bayonne, Bergenfield, Cliffside Park, Englewood, Fair Lawn, Fort Lee, Hackensack, Hoboken, Jersey City, Kearny, North Bergen, Paramus, Ridgewood, Teaneck, Union City, West New York609, 640Atlantic City, Ewing, Trenton, Willingboro732, 848Carteret, East Brunswick, Edison, Lakewood, West Long Branch, New Brunswick, North Plainfield, South Old Bridge, Perth Amboy, Rahway, Sayreville, Somerset, Toms River856Bridgeton, Camden, Cherry Hill, Millville, Pennsauken, Vineland, Willingboro862Belleville, Bloomfield, Clifton, East Orange, Garfield, Hillside, Irvington, Kearny, Livingston, Lodi, Maplewood, Montclair, Morristown, Newark, Nutley, West Orange, Passaic, Paterson, Wayne, West Milford908Cranford, Elizabeth, Hillside, Linden, South Plainfield, Roselle, Scotch Plains, Summit, Union City, Westfield973Belleville, Bloomfield, Clifton, East Orange, Garfield, Irvington, Livingston, Lodi, Maplewood, Montclair, Morristown, Newark, Nutley, West Orange, Passaic, Paterson, Wayne, West Milford\n\nNew Mexico (NM)\n\nCodeRegions505Albuquerque, Farmington, Gallup, Rio Rancho, Santa Fe, South Valley575Alamogordo, Carlsbad, Clovis, Hobbs, Las Cruces, Roswell\n\nNevada (NV)\n\nCodeRegions702, 725Henderson, North Las Vegas, Paradise, Spring Valley, Sunrise Manor, Winchester775Carson City, Pahrump, Reno, Sparks\n\nNew York (NY)\n\nCodeRegions212, 332, 646New York City315, 680Auburn, Rome, Syracuse, Utica, Watertown347, 718, 929The Bronx, Brooklyn, New York City, Borough of Queens, Staten Island516, 363Baldwin, East Meadow, Elmont, Franklin Square, Freeport, Garden City, Glen Cove, West Hempstead, Hicksville, Levittown, Long Beach, North Massapequa, North Merrick, North Bellmore, Oceanside, Plainview, Rockville Centre, Uniondale, Valley Stream518, 838West Albany, Rotterdam, Saratoga Springs, Schenectady, Troy585Brighton, Irondequoit, Rochester607Binghamton, Elmira, Ithaca631, 934North Bay Shore, Brentwood, Centereach, Central Islip, Commack, Copiague, Coram, Deer Park, Dix Hills, East Northport, East Patchogue, Hauppauge, Holbrook, Huntington Station, West Islip, North Lindenhurst, Medford, Ronkonkoma, Selden, Shirley, Smithtown, West Babylon716, 624Buffalo, Cheektowaga, Jamestown, South Lockport, Niagara Falls, North Tonawanda, Tonawanda, West Seneca845, 329Kingston, Middletown, New City, Newburgh, Poughkeepsie, Spring Valley914Harrison, Mount Vernon, New Rochelle, Ossining, Peekskill, Port Chester, White Plains, Yonkers917The Bronx, Brooklyn, New York City, Borough of Queens, Staten Island\n\nOhio (OH)\n\nCodeRegions216Brook Park, East Cleveland, Cleveland Heights, South Euclid, Garfield Heights, Lakewood, Maple Heights, Parma, Shaker Heights220, 740Athens, Chillicothe, DE, Lancaster, Marion, Newark, Portsmouth, Zanesville234, 330Akron, Alliance, Austintown, Barberton, Boardman, Brunswick, North Canton, Cuyahoga Falls, Green, Hudson, Kent, Massillon, Medina, Niles, Stow, Warren, Wooster, Youngstown419, 567Ashland, Bowling Green, Findlay, Lima, Mansfield, Sandusky, Toledo440Ashtabula, Eastlake, Elyria, Lorain, Mentor, North Olmsted, North Ridgeville, North Royalton, Parma, Parma Heights, Rocky River, Solon, Strongsville, Westlake, Willoughby513, 283Cincinnati, Fairfield, Hamilton, Mason, Middletown, Norwood, Oxford614, 380Columbus, Dublin, Gahanna, Grove City, Hilliard, Reynoldsburg, Upper Arlington, Westerville937, 326Beavercreek, Centerville, Dayton, Fairborn, Huber Heights, Kettering, Piqua, Riverside, Sidney, Springfield, Trotwood, Troy, Xenia\n\nOklahoma (OK)\n\nCodeRegions405, 572Bethany, Del City, Edmond, Midwest City, Moore, Norman, Oklahoma City, Shawnee, Stillwater, Yukon539, 918Bartlesville, Broken Arrow, Muskogee, Tulsa580Altus, Ardmore, Duncan, Enid, Lawton, Ponca City\n\nOregon (OR)\n\nCodeRegions458, 541Albany, North Bend, Corvallis, Gresham, Grants Pass, Medford, Roseburg North, Springfield503, 971Aloha, Beaverton, Gresham, Hillsboro, Keizer, Lake Oswego, McMinnville, Milwaukie, Oregon City, Portland, Salem, Tigard, Tualatin, West Linn, Woodburn\n\nPennsylvania (PA)\n\nCodeRegions215, 445, 267Levittown, Philadelphia272, 570Back Mountain, Hazleton, Scranton, Wilkes-Barre, Williamsport412Bethel Park, McKeesport, Mount Lebanon, Monroeville, Penn Hills, Pittsburgh, Plum, Upper Saint Clair, West Mifflin484, 835, 610Allentown, Bethlehem, West Chester, Drexel Hill, Easton, Norristown, Pottstown, Radnor, Reading, Springfield717, 223Harrisburg, Lancaster, Lebanon, York724Monroeville, New Castle, Plum, Upper Saint Clair814, 582Altoona, Erie, Johnstown, State College878Bethel Park, McKeesport, Mount Lebanon, Monroeville, New Castle, Penn Hills, Pittsburgh, Plum, Upper Saint Clair, West Mifflin\n\nRhode Island (RI)\n\nCodeRegions401Bristol, Cranston, East Providence, Newport East, North Providence, Pawtucket, Providence, West Warwick, Woonsocket\n\nSouth Carolina (SC)\n\nCodeRegions803, 839Aiken, West Columbia, Rock Hill, Saint Andrews, Sumter843, 854North Charleston, Florence, Goose Creek, Hilton Head Island, Mount Pleasant, North Myrtle Beach, Summerville864, 821Anderson, Greenville, Greenwood, Spartanburg, Taylors, Wade Hampton\n\nSouth Dakota (SD)\n\nCodeRegions605Aberdeen, Pierre, Rapid City, Sioux Falls, Watertown\n\nTennessee (TN)\n\nCodeRegions423Bristol, East Chattanooga, South Cleveland, East Ridge, Johnson City, Kingsport, Morristown615, 629Brentwood, Franklin, Gallatin, Hendersonville, Lebanon, Murfreesboro, Nashville, Smyrna731Jackson865Knoxville, Maryville, Oak Ridge901Bartlett, Collierville, Germantown, Memphis931Clarksville, Columbia, Cookeville\n\nTexas (TX)\n\nCodeRegions210, 726San Antonio254Copperas Cove, Fort Hood, Killeen, Temple, Waco281, 346, 713, 832Alvin, Atascocita, Baytown, Channelview, Cloverleaf, Deer Park, Friendswood, South Houston, La Porte, League City, Mission Bend, Missouri City, Pasadena, Pearland, Rosenberg, Spring, Sugar Land, The Woodlands325Abilene, San Angelo361Corpus Christi, Kingsville, Victoria409Beaumont, Galveston, Port Arthur, Texas City432Big Spring, Midland, West Odessa469, 945, 214Dallas metropolitan area512, 737Austin, Cedar Park, Georgetown, Round Rock, San Marcos682, 817Arlington, Bedford, Benbrook, Burleson, Cleburne, Euless, Fort Worth, Grapevine, Haltom City, Hurst, Keller, Mansfield, North Richland Hills, Southlake, Watauga806Amarillo, Lubbock, Plainview830Del Rio, Eagle Pass, Kerrville, New Braunfels, Seguin903Corsicana, Denison, Greenville, Longview, Marshall, Paris, Sherman, Texarkana, Tyler915El Paso, Socorro936Conroe, Huntsville, Lufkin, Nacogdoches940Denton, Lewisville, Wichita Falls956Brownsville, Edinburg, Harlingen, Laredo, McAllen, Mission, Pharr, San Benito, San Juan, Weslaco972Allen, Carrollton, Cedar Hill, Coppell, Dallas, DeSoto, Duncanville, Farmers Branch, Flower Mound, Frisco, Garland, Grand Prairie, Irving, Lancaster, Lewisville, McKinney, Mesquite, Plano, Richardson, Rowlett, The Colony, University Park, Waxahachie979Bryan, College Station, Lake Jackson\n\nUtah (UT)\n\nCodeRegions385, 801American Fork, West Bountiful, Clearfield, Cottonwood Heights, Draper, East Millcreek, Kaysville, Kearns, Layton, Magna, Midvale, Millcreek, Murray, South Ogden, Orem, Pleasant Grove, Provo, Riverton, Roy, Salt Lake City, Sandy City, South Jordan, South Salt Lake, Spanish Fork, Springville, Taylorsville, West Jordan, West Valley City435Cedar City, North Logan, Saint George, Tooele\n\nVirginia (VA)\n\nCodeRegions276Richmond434Charlottesville, Danville, West Lynchburg540, 826Blacksburg, Cave Spring, Harrisonburg, Roanoke, Salem, Staunton, Winchester571, 703Alexandria, Annandale, Arlington, Burke, Centreville, Chantilly, Dale City, Fairfax, Franconia, Groveton, Herndon, Lake Ridge, Leesburg, Manassas, McLean, Mount Vernon, Oakton, Reston, West Springfield757, 948Chesapeake, Hampton, Newport News, Norfolk, Portsmouth, Suffolk, Virginia Beach804, 686Hopewell, Mechanicsville, Petersburg, Richmond, Tuckahoe\n\nVermont (VT)\n\nCodeRegions802South Burlington, Montpelier\n\nWashington (WA)\n\nCodeRegions206Bainbridge Island, Burien, Des Moines, Mercer Island, Seattle, Shoreline, White Center253Auburn, East Hill-Meridian, Federal Way, Lakewood, Parkland, Puyallup, South Hill, Spanaway, Tacoma, University Place360, 564Bellingham, Bremerton, Lacey, Longview, Marysville, Mount Vernon, Olympia, Vancouver425Bellevue, Bothell, Fairwood, Cottage Lake, Edmonds, Everett, Inglewood-Finn Hill, Kirkland, Lynnwood, Mountlake Terrace, North Creek, Redmond, Renton, City of Sammamish509Kennewick, Opportunity, Pasco, Pullman, West Richland, Spokane, Walla Walla, Wenatchee, Yakima\n\nWisconsin (WI)\n\nCodeRegions262Brookfield, Caledonia, Kenosha, Menomonee Falls, Mequon, Muskego, New Berlin, Racine, Waukesha, West Bend414Franklin, Greenfield, South Milwaukee, Oak Creek, Wauwatosa, West Allis608, 353Beloit, Fitchburg, Janesville, North La Crosse, Madison, Sun Prairie715Eau Claire, Stevens Point, Superior, Wausau920, 274Appleton, De Pere, North Fond du Lac, Green Bay, Manitowoc, Neenah, Oshkosh, Sheboygan, Watertown\n\nWest Virginia (WV)\n\nCodeRegions304, 681South Charleston, Huntington, Morgantown, Parkersburg, Weirton, Wheeling\n\nWyoming (WY)\n\nCodeRegions307Casper, Cheyenne, Gillette, Laramie"
    }
}