{
    "id": "dbpedia_5688_1",
    "rank": 2,
    "data": {
        "url": "https://en.wikipedia.org/wiki/Territories_of_Catholic_dioceses_in_India",
        "read_more_link": "",
        "language": "en",
        "title": "Territories of Catholic dioceses in India",
        "top_image": "https://upload.wikimedia.org/wikipedia/commons/thumb/c/cb/India_Catholic_Dioceses.svg/1200px-India_Catholic_Dioceses.svg.png",
        "meta_img": "https://upload.wikimedia.org/wikipedia/commons/thumb/c/cb/India_Catholic_Dioceses.svg/1200px-India_Catholic_Dioceses.svg.png",
        "images": [
            "https://en.wikipedia.org/static/images/icons/wikipedia.png",
            "https://en.wikipedia.org/static/images/mobile/copyright/wikipedia-wordmark-en.svg",
            "https://en.wikipedia.org/static/images/mobile/copyright/wikipedia-tagline-en.svg",
            "https://upload.wikimedia.org/wikipedia/commons/thumb/c/cb/India_Catholic_Dioceses.svg/400px-India_Catholic_Dioceses.svg.png",
            "https://upload.wikimedia.org/wikipedia/commons/thumb/7/77/Roman_Catholic_Diocese_of_Ajmer_in_India.jpg/150px-Roman_Catholic_Diocese_of_Ajmer_in_India.jpg",
            "https://upload.wikimedia.org/wikipedia/commons/thumb/e/ed/Map_of_Allahabad_Diocese.png/150px-Map_of_Allahabad_Diocese.png",
            "https://upload.wikimedia.org/wikipedia/commons/thumb/4/41/Map_of_Syro-Malabar_Catholic_Eparchy_of_Gorakhpur.png/150px-Map_of_Syro-Malabar_Catholic_Eparchy_of_Gorakhpur.png",
            "https://upload.wikimedia.org/wikipedia/commons/thumb/3/33/Map_of_Roman_Catholic_Diocese_of_Jaipur.png/150px-Map_of_Roman_Catholic_Diocese_of_Jaipur.png",
            "https://upload.wikimedia.org/wikipedia/commons/thumb/c/c3/Map_of_Roman_Catholic_Diocese_of_Jhansi.png/150px-Map_of_Roman_Catholic_Diocese_of_Jhansi.png",
            "https://upload.wikimedia.org/wikipedia/commons/thumb/2/29/Map_of_Roman_Catholic_Diocese_of_Lucknow.png/150px-Map_of_Roman_Catholic_Diocese_of_Lucknow.png",
            "https://upload.wikimedia.org/wikipedia/commons/thumb/2/2f/Map_of_Roman_Catholic_Diocese_of_Udaipur.png/150px-Map_of_Roman_Catholic_Diocese_of_Udaipur.png",
            "https://upload.wikimedia.org/wikipedia/commons/thumb/1/10/Map_of_Roman_Catholic_Diocese_of_Varanasi.png/150px-Map_of_Roman_Catholic_Diocese_of_Varanasi.png",
            "https://upload.wikimedia.org/wikipedia/commons/thumb/5/53/Map_of_Roman_Catholic_Archdiocese_of_Bangalore.png/150px-Map_of_Roman_Catholic_Archdiocese_of_Bangalore.png",
            "https://upload.wikimedia.org/wikipedia/commons/thumb/9/97/Map_of_Roman_Catholic_Diocese_of_Bellary.png/150px-Map_of_Roman_Catholic_Diocese_of_Bellary.png",
            "https://upload.wikimedia.org/wikipedia/commons/thumb/e/e7/Map_of_Roman_Catholic_Diocese_of_Chikmagalur.png/150px-Map_of_Roman_Catholic_Diocese_of_Chikmagalur.png",
            "https://upload.wikimedia.org/wikipedia/commons/thumb/6/6e/Map_of_Roman_Catholic_Diocese_of_Gulbarga.png/150px-Map_of_Roman_Catholic_Diocese_of_Gulbarga.png",
            "https://upload.wikimedia.org/wikipedia/commons/thumb/0/0e/Roman_Catholic_Diocese_of_Mangalore_in_India.jpg/150px-Roman_Catholic_Diocese_of_Mangalore_in_India.jpg",
            "https://upload.wikimedia.org/wikipedia/commons/thumb/b/b0/Map_of_Roman_Catholic_Diocese_of_Mysore.png/150px-Map_of_Roman_Catholic_Diocese_of_Mysore.png",
            "https://upload.wikimedia.org/wikipedia/commons/thumb/e/e4/Map_of_Roman_Catholic_Diocese_of_Shimoga.png/150px-Map_of_Roman_Catholic_Diocese_of_Shimoga.png",
            "https://upload.wikimedia.org/wikipedia/commons/thumb/1/19/Map_of_Roman_Catholic_Archdiocese_of_Bhopal.png/150px-Map_of_Roman_Catholic_Archdiocese_of_Bhopal.png",
            "https://upload.wikimedia.org/wikipedia/commons/thumb/3/35/Map_of_Roman_Catholic_Diocese_of_Gwailor.png/150px-Map_of_Roman_Catholic_Diocese_of_Gwailor.png",
            "https://upload.wikimedia.org/wikipedia/commons/thumb/1/12/Map_of_Roman_Catholic_Diocese_of_Khandwa.png/150px-Map_of_Roman_Catholic_Diocese_of_Khandwa.png",
            "https://upload.wikimedia.org/wikipedia/commons/thumb/6/66/Map_of_Syro-Malabar_Catholic_Eparchy_of_Sagar.png/150px-Map_of_Syro-Malabar_Catholic_Eparchy_of_Sagar.png",
            "https://upload.wikimedia.org/wikipedia/commons/thumb/8/8b/Map_of_Syro-Malabar_Catholic_Eparchy_of_Satna.png/150px-Map_of_Syro-Malabar_Catholic_Eparchy_of_Satna.png",
            "https://upload.wikimedia.org/wikipedia/commons/thumb/8/8e/Map_of_Syro-Malabar_Catholic_Eparchy_of_Ujjain.png/150px-Map_of_Syro-Malabar_Catholic_Eparchy_of_Ujjain.png",
            "https://upload.wikimedia.org/wikipedia/commons/thumb/b/b8/Roman_Catholic_Archdiocese_of_Bombay_in_India.jpg/150px-Roman_Catholic_Archdiocese_of_Bombay_in_India.jpg",
            "https://upload.wikimedia.org/wikipedia/commons/thumb/d/d4/Roman_Catholic_Diocese_of_Nashik_in_India.jpg/150px-Roman_Catholic_Diocese_of_Nashik_in_India.jpg",
            "https://upload.wikimedia.org/wikipedia/commons/thumb/9/9c/Roman_Catholic_Archdiocese_of_Calcutta_in_India.jpg/150px-Roman_Catholic_Archdiocese_of_Calcutta_in_India.jpg",
            "https://upload.wikimedia.org/wikipedia/commons/thumb/5/51/Map_of_Roman_Catholic_Archdiocese_of_Cuttack-Bhubaneswar.png/150px-Map_of_Roman_Catholic_Archdiocese_of_Cuttack-Bhubaneswar.png",
            "https://upload.wikimedia.org/wikipedia/commons/thumb/1/16/Map_of_Roman_Catholic_Diocese_of_Balasore.png/150px-Map_of_Roman_Catholic_Diocese_of_Balasore.png",
            "https://upload.wikimedia.org/wikipedia/commons/thumb/c/c6/Map_of_Roman_Catholic_Diocese_of_Berhampur.png/150px-Map_of_Roman_Catholic_Diocese_of_Berhampur.png",
            "https://upload.wikimedia.org/wikipedia/commons/thumb/3/31/Map_of_Roman_Catholic_Diocese_of_Rayagada.png/150px-Map_of_Roman_Catholic_Diocese_of_Rayagada.png",
            "https://upload.wikimedia.org/wikipedia/commons/thumb/d/d2/Map_of_Roman_Catholic_Diocese_of_Sambalpur.png/150px-Map_of_Roman_Catholic_Diocese_of_Sambalpur.png",
            "https://upload.wikimedia.org/wikipedia/commons/thumb/1/12/Roman_Catholic_Archdiocese_of_Delhi_in_India.jpg/150px-Roman_Catholic_Archdiocese_of_Delhi_in_India.jpg",
            "https://upload.wikimedia.org/wikipedia/commons/thumb/3/35/Roman_Catholic_Diocese_of_Jammu-Srinagar_in_India.jpg/150px-Roman_Catholic_Diocese_of_Jammu-Srinagar_in_India.jpg",
            "https://upload.wikimedia.org/wikipedia/commons/thumb/9/95/Map_of_Roman_Catholic_Archdiocese_of_Gandhinagar.png/150px-Map_of_Roman_Catholic_Archdiocese_of_Gandhinagar.png",
            "https://upload.wikimedia.org/wikipedia/commons/thumb/5/5f/Map_of_Syro-Malabar_Catholic_Eparchy_of_Rajkot.png/150px-Map_of_Syro-Malabar_Catholic_Eparchy_of_Rajkot.png",
            "https://upload.wikimedia.org/wikipedia/commons/thumb/1/1a/Roman_Catholic_Archiocese_of_Goa_and_Damao_in_India.jpg/150px-Roman_Catholic_Archiocese_of_Goa_and_Damao_in_India.jpg",
            "https://upload.wikimedia.org/wikipedia/commons/thumb/4/45/Roman_Catholic_Diocese_of_Itanagar_in_India.jpg/150px-Roman_Catholic_Diocese_of_Itanagar_in_India.jpg",
            "https://upload.wikimedia.org/wikipedia/commons/thumb/0/0a/Map_of_Syro-Malabar_Catholic_Eparchy_of_Adilabad.png/150px-Map_of_Syro-Malabar_Catholic_Eparchy_of_Adilabad.png",
            "https://upload.wikimedia.org/wikipedia/commons/thumb/1/1c/Roman_Catholic_Diocese_of_Imphal_in_India.jpg/150px-Roman_Catholic_Diocese_of_Imphal_in_India.jpg",
            "https://upload.wikimedia.org/wikipedia/commons/thumb/3/3d/Roman_Catholic_Diocese_of_Palayamkottai_in_India.jpg/150px-Roman_Catholic_Diocese_of_Palayamkottai_in_India.jpg",
            "https://upload.wikimedia.org/wikipedia/commons/thumb/8/84/Map_of_Syro-Malabar_Catholic_Eparchy_of_Chanda.png/150px-Map_of_Syro-Malabar_Catholic_Eparchy_of_Chanda.png",
            "https://upload.wikimedia.org/wikipedia/commons/thumb/0/0a/Roman_Catholic_Diocese_of_Muzaffarpur_in_India.jpg/150px-Roman_Catholic_Diocese_of_Muzaffarpur_in_India.jpg",
            "https://upload.wikimedia.org/wikipedia/commons/thumb/c/c1/Roman_Catholic_Archdiocese_of_Pondicherry_Cuddalore.jpg/150px-Roman_Catholic_Archdiocese_of_Pondicherry_Cuddalore.jpg",
            "https://upload.wikimedia.org/wikipedia/commons/thumb/3/37/Roman_Catholic_Diocese_of_Dharmapuri_in_India.jpg/150px-Roman_Catholic_Diocese_of_Dharmapuri_in_India.jpg",
            "https://upload.wikimedia.org/wikipedia/commons/thumb/7/71/Roman_Catholic_Diocese_of_Raipur_in_India.jpg/150px-Roman_Catholic_Diocese_of_Raipur_in_India.jpg",
            "https://upload.wikimedia.org/wikipedia/commons/thumb/5/5f/Map_of_Syro-Malabar_Catholic_Eparchy_of_Jagdalpur.png/150px-Map_of_Syro-Malabar_Catholic_Eparchy_of_Jagdalpur.png",
            "https://upload.wikimedia.org/wikipedia/commons/thumb/3/3e/Roman_Catholic_Diocese_of_Raigarh_in_India.jpg/150px-Roman_Catholic_Diocese_of_Raigarh_in_India.jpg",
            "https://upload.wikimedia.org/wikipedia/commons/thumb/a/a4/Roman_Catholic_Diocese_of_Ranchi_in_India.jpg/150px-Roman_Catholic_Diocese_of_Ranchi_in_India.jpg",
            "https://upload.wikimedia.org/wikipedia/commons/thumb/2/2e/Roman_Catholic_Diocese_of_Port_Blair_in_India.jpg/150px-Roman_Catholic_Diocese_of_Port_Blair_in_India.jpg",
            "https://upload.wikimedia.org/wikipedia/commons/thumb/2/26/Map_of_Roman_Catholic_Archdiocese_of_Shillong.png/150px-Map_of_Roman_Catholic_Archdiocese_of_Shillong.png",
            "https://upload.wikimedia.org/wikipedia/commons/thumb/b/bb/Map_of_Roman_Catholic_Diocese_of_Jowai.png/150px-Map_of_Roman_Catholic_Diocese_of_Jowai.png",
            "https://upload.wikimedia.org/wikipedia/commons/thumb/8/8a/Map_of_Roman_Catholic_Diocese_of_Nongstoin.png/150px-Map_of_Roman_Catholic_Diocese_of_Nongstoin.png",
            "https://upload.wikimedia.org/wikipedia/commons/thumb/0/09/Map_of_Roman_Catholic_Diocese_of_Tura.png/150px-Map_of_Roman_Catholic_Diocese_of_Tura.png",
            "https://upload.wikimedia.org/wikipedia/commons/thumb/1/16/Roman_Catholic_Diocese_of_Neyyattinkara_in_India.jpg/150px-Roman_Catholic_Diocese_of_Neyyattinkara_in_India.jpg",
            "https://upload.wikimedia.org/wikipedia/commons/thumb/7/78/Roman_Catholic_Diocese_of_Cochin_in_India.jpg/150px-Roman_Catholic_Diocese_of_Cochin_in_India.jpg",
            "https://upload.wikimedia.org/wikipedia/commons/thumb/4/4e/Roman_Catholic_Diocese_of_Eluru_in_India.jpg/150px-Roman_Catholic_Diocese_of_Eluru_in_India.jpg",
            "https://upload.wikimedia.org/wikipedia/commons/thumb/0/08/Roman_Catholic_Diocese_of_Srikakulam_in_India.jpg/150px-Roman_Catholic_Diocese_of_Srikakulam_in_India.jpg",
            "https://upload.wikimedia.org/wikipedia/commons/thumb/7/77/Map_of_Syro-Malabar_Catholic_Eparchy_of_Hosur.png/150px-Map_of_Syro-Malabar_Catholic_Eparchy_of_Hosur.png",
            "https://upload.wikimedia.org/wikipedia/commons/thumb/e/e8/Eparchy_of_Shamshabad.jpg/150px-Eparchy_of_Shamshabad.jpg",
            "https://upload.wikimedia.org/wikipedia/commons/thumb/2/2b/Map_of_Syro-Malabar_Catholic_Eparchy_of_Thuckalay.png/150px-Map_of_Syro-Malabar_Catholic_Eparchy_of_Thuckalay.png",
            "https://upload.wikimedia.org/wikipedia/commons/thumb/8/8e/Map_of_Syro-Malabar_Catholic_Eparchy_of_Belthangady.png/150px-Map_of_Syro-Malabar_Catholic_Eparchy_of_Belthangady.png",
            "https://upload.wikimedia.org/wikipedia/commons/thumb/a/ab/Map_of_Syro-Malabar_Catholic_Eparchy_of_Bhadravathi.png/150px-Map_of_Syro-Malabar_Catholic_Eparchy_of_Bhadravathi.png",
            "https://upload.wikimedia.org/wikipedia/commons/thumb/f/fb/Mandya.jpg/150px-Mandya.jpg",
            "https://upload.wikimedia.org/wikipedia/commons/thumb/f/fa/Map_of_Syro-Malabar_Catholic_Eparchy_of_Thamarassery.png/150px-Map_of_Syro-Malabar_Catholic_Eparchy_of_Thamarassery.png",
            "https://upload.wikimedia.org/wikipedia/commons/thumb/b/b1/Map_of_Syro-Malabar_Catholic_Eparchy_of_Ramanathapuram.png/150px-Map_of_Syro-Malabar_Catholic_Eparchy_of_Ramanathapuram.png",
            "https://upload.wikimedia.org/wikipedia/commons/thumb/3/3e/Syro-Malankara_Catholic_Jurisdictions.png/150px-Syro-Malankara_Catholic_Jurisdictions.png",
            "https://upload.wikimedia.org/wikipedia/commons/thumb/e/e1/Map_of_Syro-Malankara_Catholic_Eparchy_of_Marthandom.png/150px-Map_of_Syro-Malankara_Catholic_Eparchy_of_Marthandom.png",
            "https://upload.wikimedia.org/wikipedia/commons/thumb/2/2a/Map_of_Syro-Malankara_Catholic_Eparchy_of_Puthur.png/150px-Map_of_Syro-Malankara_Catholic_Eparchy_of_Puthur.png",
            "https://login.wikimedia.org/wiki/Special:CentralAutoLogin/start?type=1x1",
            "https://en.wikipedia.org/static/images/footer/wikimedia-button.svg",
            "https://en.wikipedia.org/static/images/footer/poweredby_mediawiki.svg"
        ],
        "movies": [],
        "keywords": [],
        "meta_keywords": [
            ""
        ],
        "tags": null,
        "authors": [
            "Contributors to Wikimedia projects"
        ],
        "publish_date": "2012-11-16T19:19:59+00:00",
        "summary": "",
        "meta_description": "",
        "meta_lang": "en",
        "meta_favicon": "/static/apple-touch/wikipedia.png",
        "meta_site_name": "",
        "canonical_link": "https://en.wikipedia.org/wiki/Territories_of_Catholic_dioceses_in_India",
        "text": "This article gives a list of the territories of the dioceses of the Catholic Church in India.\n\nEach diocese is administered by a bishop. Dioceses are further grouped into ecclesiastical provinces. The most important diocese of the province is the archdiocese and the bishop of this diocese is an archbishop. While they each usually consist of a few Indian civil districts, dioceses can range in size from just a portion of a district to spanning entire states. The civil district should not be confused with ecclesiastical district or deanery, which is another type of subdivision of a diocese.\n\nAll Catholics in India are under the authority of the respective Syro-Malankara, Syro-Malabar or Latin bishop. Only in the Syro-Malabar dioceses of Adilabad, Bijnor, Chanda, Gorakhpur, Jagdalpur, Rajkot, Sagar, Satna and Ujjain, the authority of the Syro-Malabar bishop is over both, Syro-Malabar and Latin rite Catholics.\n\nIn the following, the names listed after the name of the state or union territory are the names of civil districts, unless otherwise mentioned. Some newly-created districts may be missing from this list.\n\nArchdiocese of Agra\n\nUttar Pradesh: Agra, Aligarh, Auraiya, Budaun, Bulandshahr, Etah, Etawah, Farrukhabad, Firozabad, Gautam Buddh Nagar, Hathras, Kannauj, Kasganj, Mainpuri and Mathura\n\nRajasthan: Bharatpur and Dholpur\n\nDiocese of Ajmer\n\nRajasthan: Ajmer, Jodhpur, Kota, Barmer, Bundi, Jalore, Jhalawar, Pali, Sirohi, Tonk, Jaisalmer and Baran\n\nDiocese of Allahabad\n\nUttar Pradesh: Allahabad, Ambedkar Nagar, Amethi, Faizabad, Fatehpur, Kanpur City, Kanpur Dehat (Akbarpur), Kaushambi, Mirzapur, Pratapgarh, Raebareli, Sonbhadra and Sultanpur\n\nDiocese of Bareilly\n\nUttar Pradesh: Bareilly, Shahjahanpur and Pilibhit\n\nUttarakhand: Almora, Bageshwar, Champawat, Nainital, Pithoragarh and Udham Singh Nagar\n\nDiocese of Bijnor\n\nUttar Pradesh: Bijnor (except Dhampur division)\n\nUttarakhand: Pauri Garhwal, Rudraprayag, Tehri Garhwal, Chamoli, Uttarkashi and a portion of Haridwar\n\nDiocese of Gorakhpur\n\nUttar Pradesh: Gorakhpur, Deoria, Sant Kabir Nagar, Basti, Kushinagar, Maharajganj and Siddharthnagar\n\nDiocese of Jaipur\n\nRajasthan: Jaipur, Karauli, Sawai Madhopur, Dausa, Alwar, Sikar, Jhunjhunu, Bikaner, Nagaur, Churu, Hanumangarh and Sri Ganganagar\n\nDiocese of Jhansi\n\nUttar Pradesh: Jhansi, Lalitpur, Jalaun, Banda, Chitrakoot, Hamirpur and Mahoba\n\nDiocese of Lucknow\n\nUttar Pradesh: Lucknow, Unnao, Barabanki, Gonda, Bahraich, Sitapur, Hardoi, Balrampur, Shravasti and Kheri\n\nDiocese of Meerut\n\nUttar Pradesh: Meerut, Muzaffarnagar, Saharanpur, Moradabad, Rampur, Jyotiba Phule Nagar, Ghaziabad, Baghpat and the Tehsil of Dhampur of Bijnor\n\nUttarakhand: Dehradun and Haridwar\n\nDiocese of Udaipur\n\nRajasthan: Udaipur, Rajsamand, Bhilwara, Chittorgarh, Dungarpur, Pratapgarh and Banswara\n\nMadhya Pradesh: Tehsil of Thandla (Jhabua district)\n\nDiocese of Varanasi\n\nUttar Pradesh: Varanasi, Azamgarh, Ballia, Bhadohi, Chandauli, Ghazipur, Jaunpur and Mau\n\nArchdiocese of Bangalore\n\nKarnataka: Bangalore, Kolar, Bangalore rural, Chikbulapur, Ramanagara and Tumkur\n\nDiocese of Belgaum\n\nKarnataka: Belgaum, Bagalkot, Dharwad, Gadag and Haveri\n\nMaharashtra: Chandgad taluka in Kolhapur District\n\nDiocese of Bellary\n\nKarnataka: Bellary, Raichur and Koppal\n\nDiocese of Chikmagalur\n\nKarnataka: Chikmagalur and Hassan\n\nDiocese of Gulbarga\n\nKarnataka: Bidar, Kalaburagi, Yadgir and Bijapur\n\nDiocese of Karwar\n\nKarnataka: Uttara Kannada (North Canara)\n\nDiocese of Mangalore\n\nKarnataka: Dakshina Kannada (South Canara)\n\nKerala: Kasargod and Manjeshwaram talukas of Kasargod\n\nDiocese of Mysore\n\nKarnataka: Mysore, Mandya, Coorg and Chamarajanagar\n\nDiocese of Shimoga\n\nKarnataka: Shimoga, Chitradurga and Davangere\n\nDiocese of Udupi\n\nKarnataka: Udupi\n\nArchdiocese of Bhopal\n\nMadhya Pradesh: Bhopal, Harda, Hoshangabad and Sehore\n\nDiocese of Gwalior\n\nMadhya Pradesh: Bhind, Datia, Gwalior, Morena, Sheopur and Shivpuri\n\nDiocese of Indore\n\nMadhya Pradesh: Indore, Dewas and Dhar except the Tehshil of Sardarpur\n\nDiocese of Jabalpur\n\nMadhya Pradesh: Jabalpur, Damoh, Mandla, Shahdol, Narsinghpur, Dindori, Umaria, Katni, Anuppur and the Tahsil of Lakhnadon in Seoni district\n\nDiocese of Jhabua\n\nMadhya Pradesh: Jhabua, Alirajpur, Ratlam, Mandsaur, Neemuch and Sardarpur Tehsil of Dhar district\n\nDiocese of Khandwa\n\nMadhya Pradesh: Khandwa (East Nimar), Bhurhanpur, Barwani and Khargone (West Nimar)\n\nDiocese of Sagar\n\nMadhya Pradesh: Sagar, Raisen, Vidisha, Ashoknagar and Guna\n\nDiocese of Satna\n\nMadhya Pradesh: Chhatarpur, Niwari, Rewa, Panna, Satna, Sidhi, Tikamgarh and Singrauli\n\nDiocese of Ujjain\n\nMadhya Pradesh: Ujjain, Shajapur and Rajgarh\n\nArchdiocese of Bombay\n\nMaharashtra: Mumbai City, Mumbai Suburban, Raigad and Thane except Bhiwandi and Shahapur talukas\n\nSyro-Malabar Diocese of Kalyan\n\nMaharashtra: Mumbai City, Mumbai Suburban, Thane, Raigad, Pune, Kolhapur, Satara, Solapur, Sangli, Sindhudurg, Ratnagiri, Nasik, Dhule, Jalgaon, Nandurbar and Ahmednagar\n\nDiocese of Nashik\n\nMaharashtra: Nashik, Dhule, Jalgaon, Nandurbar and Ahmednagar\n\nDiocese of Poona\n\nMaharashtra: Pune, Sangli, Satara and Solapur and the parish of Kolhapur\n\nDiocese of Vasai\n\nMaharashtra: Palghar district and Bhiwandi and Shahapur talukas of Thane\n\nArchdiocese of Calcutta\n\nWest Bengal: Kolkata, North 24 Parganas, Howrah, Hooghly, East Midnapore and West Midnapore and parts of Bankura.\n\nDiocese of Asansol\n\nWest Bengal: Burdwan district, nine blocks of Bankura district and 10 blocks of Birbhum district\n\nDiocese of Bagdogra\n\nWest Bengal: One sub-division (Siliguri) and part of another (Kurseong) among the four sub-divisions of Darjeeling district\n\nDiocese of Baruipur\n\nWest Bengal: South 24 Parganas district, small parts of Kolkata and of North 24 Parganas district\n\nDiocese of Darjeeling\n\nWest Bengal: Three hill sub-divisions of Darjeeling district: Darjeeling, Kurseong and Kalimpong\n\nSikkim: Entire state\n\nKingdom of Bhutan: Entire country\n\nDiocese of Jalpaiguri\n\nWest Bengal: Jalpaiguri and Cooch Behar\n\nDiocese of Krishnagar\n\nWest Bengal: Nadia and Murshidabad\n\nDiocese of Raiganj\n\nWest Bengal: North Dinajpur, South Dinajpur and Malda\n\nArchdiocese of Cuttack-Bhubaneswar\n\nOrissa: Cuttack, Jajpur, Jagatsinghpur, Kendrapara, Khurda, Phulbani (Kandhamal), Boudh, Nayagarh and Puri\n\nDiocese of Balasore\n\nOrissa: Bhadrak, Balasore, Mayurbhanj and Keonjhar\n\nDiocese of Berhampur\n\nOrissa: Ganjam and Gajapati\n\nDiocese of Rayagada\n\nOrissa: Nuapada, Koraput, Rayagada, Nabarangapur, Malkangiri and Kalahandi\n\nDiocese of Rourkela\n\nOrissa: Sundergarh\n\nDiocese of Sambalpur\n\nOrissa: Sambalpur, Anugul, Bargarh, Balangir, Debagarh, Dhenkanal, Jharsuguda and Sonapur\n\nArchdiocese of Delhi\n\nDelhi: Entire National Capital Territory\n\nHaryana: Faridabad, Gurgaon, Jhajjar, Mahendragarh, Nuh, Rewari, Rohtak and Sonepat\n\nDiocese of Jammu-Srinagar\n\nJammu and Kashmir: Entire union territory\n\nLadakh: Entire union territory\n\nDiocese of Jalandhar\n\nPunjab: Amritsar, Faridkot, Ferozepore, Fazilka, Gurdaspur, Hoshiarpur, Jalandhar, Kapurthala, Ludhiana, Moga, Muktsar, Nawanshahar, Tarn Taran and Pathankot districts and Anandpur Sahib tehsil of Ropar district\n\nHimachal Pradesh: Chamba, Hamirpur, Kangra and Una\n\nDiocese of Simla and Chandigarh\n\nHimachal Pradesh: Kinnaur, Lahaul-Spiti, Kullu, Mandi, Bilaspur, Shimla, Solan and Sirmour\n\nHaryana: Panchkula, Ambala, Yamunanagar, Kurukshetra, Karnal, Panipat, Kaithal, Jind, Hissar, Bhiwani, Fatehabad and Sirsa\n\nPunjab: Patiala, Sangrur, Mansa, Bhatinda, Fatehgarh Sahib, Barnala and Ropar\n\nChandigarh: Entire union territory\n\nArchdiocese of Gandhinagar\n\nGujarat: Gandhinagar, Mehsana, Patan, Banaskantha, Aravalli and Sabarkantha\n\nDiocese of Ahmedabad\n\nGujarat: Ahmedabad, Anand and Nadiad\n\nDiocese of Baroda\n\nGujarat: Bharuch, Dahod, Dangs, Godhra, Narmada, Navsari, Surat, Tapi, Vadodara and Valsad\n\nDiocese of Rajkot\n\nGujarat: Amreli, Bhavnagar, Jamnagar, Junagadh, Porbandar, Rajkot, Surendranagar and Kutchch\n\nArchdiocese of Goa and Daman\n\nGoa: Entire state\n\nDadra and Nagar Haveli and Daman and Diu: Entire union territory\n\nDiocese of Sindhudurg\n\nMaharashtra: Ratnagiri and Sindhudurg districts and Kolhapur district (except the city of Kolhapur)\n\nArchdiocese of Guwahati\n\nAssam: Nagaon, Morigaon, Kamrup, Kamrup Metropolitan and Goalpara\n\nDiocese of Bongaigaon\n\nAssam: Nalbari, Barpeta, Bongaigaon, Kokrajhar, Chirang, Baksa and Dhubri\n\nDiocese of Dibrugarh\n\nAssam: Tinsukia, Dibrugarh, Sivasagar, Jorhat and Golaghat\n\nDiocese of Diphu\n\nAssam: Karbi Anglong, North Cachar Hills\n\nDiocese of Itanagar\n\nArunachal Pradesh: Tawang, West Kameng, East Kameng, Papum Pare, Upper Subansiri, Lower Subansiri, Kurung Kumey, West Siang, East Siang and Upper Siang\n\nDiocese of Miao\n\nArunachal Pradesh: Changlang, Upper Dibang valley, Lower Dibang valley, Anjaw, Lohit and Tirap\n\nDiocese of Tezpur\n\nAssam: Darrang, Udalguri, Sonitpur, Lakhimpur and Dhemaji on the North bank of the Brahmaputra; Rupahihat, Kaliabor and Samuguri Subdivisions of Nagaon on the Southern Bank of Brahmaputra\n\nArchdiocese of Hyderabad\n\nTelangana: Hyderabad, Ranga Reddy, Medak and Nizamabad\n\nDiocese of Adilabad\n\nTelangana: Adilabad\n\nDiocese of Cuddapah\n\nAndhra Pradesh: Cuddapah and Chittoor\n\nDiocese of Khammam\n\nTelangana: Khammam\n\nDiocese of Kurnool\n\nAndhra Pradesh: Kurnool and Anantpur\n\nDiocese of Nalgonda\n\nTelangana: Nalgonda and Mahabubnagar\n\nDiocese of Warangal\n\nTelangana: Warangal and Karimnagar\n\nArchdiocese of Imphal\n\nManipur: entire state\n\nDiocese of Kohima\n\nNagaland: Entire state\n\nArchdiocese of Madras and Mylapore\n\nTamil Nadu: City of Chennai and Thiruvallur\n\nDiocese of Chingleput\n\nTamil Nadu: Kanchipuram, Chengalpattu and smaller parts of City of Chennai and Viluppuram.\n\nDiocese of Coimbatore\n\nTamil Nadu: Coimbatore, Tiruppur, Erode, Karur\n\nKerala: A small portion of Chittur taluk of Palakkad\n\nDiocese of Ootacamund\n\nTamil Nadu: Nilgiris, parts of Erode and a small portion of Coimbatore district which lies north of the River Bhavani\n\nDiocese of Vellore\n\nTamil Nadu: Vellore, Tirupattur, Ranipet, Tiruvannamalai and Arakkonam taluk of Tiruvallur\n\nArchdiocese of Madurai\n\nTamil Nadu: Madurai, Virudhunagar, Theni and four taluks - Nilakkottai, Kodaikanal, Batlagundu, Natham and four parishes in Dindigul taluk of Dindigul district\n\nDiocese of Dindigul\n\nTamil Nadu: remaining parts of Dindigul district\n\nDiocese of Kottar\n\nTamil Nadu: taluks of Thovalai, Agasteeswaram (minus the parish of Azhagappapuram, Rajakrishanapuram and Anjugramam) and Small portion Coastal Area of Vilavancode taluk of Kanyakumari district\n\nDiocese of Kuzhithurai\n\nTamil Nadu: taluks of Kalkulam and Vilavancode (minus seven villages along the coast belonging to the archdiocese of Trivandrum) of Kanyakumari district\n\nDiocese of Palayamkottai\n\nTamil Nadu: Ambai and Tirunelveli taluks of Tirunelveli district, full area of Tenkasi district, Kovilpatti and Kayathar taluks of Tuticorin district\n\nDiocese of Sivagangai\n\nTamil Nadu: Ramanathapuram and Sivagangai district.\n\nDiocese of Tiruchirapalli\n\nTamil Nadu: Southern Parts of Trichy City and Tiruchirapalli district and Northan parts of Pudukottai district and Small part of Karur district\n\nDiocese of Tuticorin\n\nTamil Nadu: Tuticorin district (Except Kovilpatti and Kayathar taluk), Nanguneri and Radhapuram taluks of Tirunelveli district and three parishes from Agasteeswaram taluk of Kanyakumari district\n\nArchdiocese of Nagpur\n\nMaharashtra: Nagpur, Gondia and Bhandara\n\nMadhya Pradesh: Betul, Chhindwara, Seoni (except the tehsil of Lakhnadon) and Balaghat\n\nDiocese of Amravati\n\nMaharashtra: Amravati, Akola, Buldana, Washim and Yavatmal\n\nDiocese of Aurangabad\n\nMaharashtra: Aurangabad, Jalna, Parbhani, Nanded, Latur, Bhir, Hingoli and Osmanabad\n\nDiocese of Chanda\n\nMaharashtra: Wardha, Chandrapur and Gadchiroli\n\nArchdiocese of Patna\n\nBihar: Aurangabad, Patna, Nalanda, Nawada, Lakhisarai, Sheikhpura, Arwal, Gaya, Jehanabad, parts of Jamui and Munger\n\nDiocese of Bettiah\n\nBihar: West Champaran, East Champaran, Gopalganj, Saran and Siwan\n\nDiocese of Bhagalpur\n\nBihar: Bhagalpur, Banka, Jamui, and parts of Munger\n\nJharkhand: Godda, Deoghar, Giridih and parts of Sahebganj\n\nDiocese of Buxar\n\nBihar: Bhojpur, Buxar, Kaimur and Rohtas\n\nDiocese of Muzaffarpur\n\nBihar: Vaishali, Samastipur, Sitamarhi, Darbhanga, Madhubani, Saharsa, Begusarai, Muzaffarpur, Khagaria, Sheohar, Madhepura and Supaul\n\nDiocese of Purnea\n\nBihar: Purnea, Katihar, Kishanganj and Araria\n\nArchdiocese of Pondicherry and Cuddalore\n\nPuducherry: Pondicherry and Karaikal\n\nTamil Nadu: Taluks of Cuddalore, Panruti, Vridhachalam, Tittagudi and Chidambaram (exclusive of area south of the Vellar River) of the South Arcot, and the Villupuram, Gingee, Tindivanam, Vanur, Tirukkovilur, Ulundurpet, Kallakurichi and Sankarapuram taluks of Villupuram\n\nDiocese of Dharmapuri\n\nTamil Nadu: Dharmapuri, Krishnagiri\n\nDiocese of Kumbakonam\n\nTamil Nadu: 12 taluks from 5 districts of Tiruchirapalli, Thanjavur, Perambalur, Ariyalur, Thiruvarur, Cuddalore district, a small portion of Thiruvannamalai and North part of Trichy City\n\nDiocese of Salem\n\nTamil Nadu: Salem and Namakkal\n\nDiocese of Tanjore\n\nTamil Nadu: Thanjavur(except for the two taluks Papanasam and Kumbakonam in Thanjavur), Thiruvarur, Nagapattinam and Mayiladuthurai and six taluks of Pudukottai.\n\nArchdiocese of Raipur\n\nChhattisgarh: Raipur, Bilaspur, Mahasamund, Durg, Dhamtari, Korba, Janjgir, Kawardha, Bemetara, Balod, Baloda Bazar, Gariyaband, Mungeli and Rajnandgaon\n\nDiocese of Ambikapur\n\nChhattisgarh: Surguja, Surajpur, Balrampur and Korea\n\nDiocese of Jagdalpur\n\nChhattisgarh: Bastar, Kanker, Bijapur, Narayanpur, Dantewada, Kondagaon and Sukma\n\nDiocese of Jashpur\n\nChhattisgarh: Jashpur\n\nDiocese of Raigarh\n\nChhattisgarh: Raigarh\n\nArchdiocese of Ranchi\n\nJharkhand: Ranchi and Lohardaga\n\nDiocese of Daltonganj\n\nJharkhand: Palamau, Garhwa and Latehar\n\nDiocese of Dumka\n\nJharkhand: Dumka, Sahibganj, Pakur, Jamtara and Madhupur subdivision of Deoghar\n\nWest Bengal: Rampurhat sub-division of Birbhum\n\nDiocese of Gumla\n\nJharkhand: Gumla and part of Simdega\n\nDiocese of Hazaribag\n\nJharkhand: Chatra, Hazaribag, Ramgarh, Koderma and Bokaro excluding, the Chandankiyari block of Bokaro district together with that portion of Chas block which lies to the east of National Highway 32\n\nDiocese of Jamshedpur\n\nJharkhand: East Singhbhum, West Singhbhum (excluding the parish of Bandgoan), Seraikela Kharsawan, Dhanbad, a portion of Bokaro district (namely the Chandankiyari block and the Chas block which lie East of National Highway 32)\n\nWest Bengal: Purulia\n\nDiocese of Khunti\n\nJharkhand: Khunti\n\nDiocese of Port Blair\n\nAndaman and Nicobar Islands: Entire union territory\n\nDiocese of Simdega\n\nJharkhand: Simdega\n\nArchdiocese of Shillong\n\nMeghalaya: East Khasi Hills and Ri Bhoi\n\nDiocese of Agartala\n\nTripura:Entire state\n\nDiocese of Aizawl\n\nAssam: Cachar, Hailakandi and Karimganj\n\nMizoram: Entire state\n\nDiocese of Jowai\n\nMeghalaya: Jaintia Hills, East Jaintia Hills (Khliehriat)\n\nDiocese of Nongstoin\n\nMeghalaya: West Khasi Hills, South West Khasi Hills (Mawkyrwat)\n\nDiocese of Tura\n\nMeghalaya: East Garo Hills, North Garo Hills, South Garo Hills, West Garo Hills, South West Garo Hills (Ampati) and the part of Goalpara district south of Brahmaputra River\n\nArchdiocese of Thiruvananthapuram\n\nKerala: Trivandrum and Chirayinkil taluks of Thiruvananthapuram district with a small strip of coastal belt from Kovalam to Pozhiyoor in Neyyattinkara taluk\n\nTamil Nadu: Neerody to Erayumanthurai of Kanyakumari district\n\nDiocese of Alleppey\n\nKerala: Alleppey and Ernakulam\n\nDiocese of Neyyattinkara\n\nKerala: Neyyattinkara and Nedumangad taluks of Thiruvananthapuram district\n\nDiocese of Punalur\n\nKerala: Pathanamthitta district, Chengannur and Mavelikara talukas of Alappuzha district, Kottarakara, Kunnathur, Pathanapuram and Karunagappally talukas of Kollam district\n\nDiocese of Quilon\n\nKerala: Kollam district, the taluk of Karthikapally, portions of the taluks of Mavelikara and Chengannur which lie south of the river Pamba, in Alappuzha district\n\nArchdiocese or Verapoly\n\nKerala: Ernakulam\n\nDiocese of Calicut\n\nKerala: Malappuram, Calicut and Wayanad\n\nPuducherry: Mahe\n\nDiocese of Cochin\n\nKerala: The territory of the Diocese of Cochin is situated between the Arabian Sea in the west, the Archdiocese of Verapoly in the north and in the east, and the Diocese of Alleppey in the south\n\nDiocese of Kannur\n\nKerala: Kannur (to the north of Mahé River, excluding the territory of the municipality of Mahe) and Kasargod (south of the Chandragiri river)\n\nDiocese of Kottapuram\n\nKerala: Spread across Ernakulam, Trichur, Malapuram and Palakkad\n\nDiocese of Sultanpet\n\nKerala: Palakkad\n\nDiocese of Vijayapuram\n\nKerala: Kottayam, Idukki and partial portions of Alleppey, Ernakulam and Pathanamthitta\n\nArchdiocese of Visakhapatnam\n\nAndhra Pradesh: Visakhapatnam, East Godavari and part of Vizianagaram\n\nDiocese of Eluru\n\nAndhra Pradesh: West Godavari and the Mandals of Amalapuram, Kothapeta, Rajole and Mummidivaram of East Godavari\n\nDiocese of Guntur\n\nAndhra Pradesh: Guntur district, Addanki Taluk of Prakasam district\n\nDiocese of Nellore\n\nAndhra Pradesh: Nellore and Prakasam except Adoni taluk\n\nDiocese of Srikakulam\n\nAndhra Pradesh: Srikakulam and taluks of Kurupam, Parvathipuram, Cheepurupalli and Gummalakshmipuram of Vizianagaram\n\nDiocese of Vijayawada\n\nAndhra Pradesh: Krishna\n\nSyro-Malabar Catholic Archdiocese of Eranakulam-Angamaly\n\nKerala: Almost the whole of Ernakulam, parts of Thrissur, Kottayam and Alleppey\n\nSyro-Malabar Catholic Diocese of Idukki\n\nKerala: Devikulam taluk and parts of Idukki and Udumbanchola taluks of Idukki\n\nSyro-Malabar Catholic Diocese of Kothamangalam\n\nKerala: Kothamangalam and Muvattupuzha taluks of Ernakulam and Thodupuzha taluk of Idukki\n\nSyro-Malabar Diocese of Faridabad\n\nDelhi, Chandigarh, Ladakh: Entire union territories\n\nHaryana, Punjab, Himachal Pradesh, Jammu and Kashmir: Entire states\n\nUttar Pradesh: Gautam Buddh Nagar and Ghaziabad\n\nSyro-Malabar Diocese of Hosur\n\nTamil Nadu: Chennai, Cuddalore, Dharmapuri, Kanchipuram, Krishnagiri, Tiruvallur, Tiruvannamalai, Vellore, Viluppuram, Thirupathur, Ranipet and Kallakurichi\n\nPuducherry: Pondicherry and Karaikal\n\nSyro-Malabar Diocese of Shamshabad\n\nAndhra Pradesh, Arunachal Pradesh, Assam, Bihar, Goa, Jharkhand, Manipur, Meghalaya, Mizoram, Nagaland, Orissa, Rajasthan, Sikkim, Tripura, and West Bengal: Entire states\n\nChhattisgarh: Entire state except the diocese of Jagdalpur\n\nGujarat: Entire state except the diocese of Rajkot\n\nKarnataka: Entire state except the dioceses of Belthangady, Bhadravathi, and Mandya\n\nMaharashtra: Entire state except the dioceses of Kalyan and Chanda\n\nMadhya Pradesh: Entire state except the dioceses of Sagar, Satna and Ujjain\n\nTelangana: Entire state except the diocese of Adilabad\n\nUttar Pradesh: Entire state except the dioceses of Bijnor and Gorakhpur\n\nUttarakhand : Entire state except the diocese of Bijnor\n\nAndaman and Nicobar Islands, Dadra and Nagar Haveli and Daman and Diu, Lakshadweep: Entire union territories\n\nSyro-Malabar Catholic Archdiocese of Changanassery\n\nKerala: Thiruvananthapuram, Kollam, Pathanamthitta, Alappuzha and Kottayam\n\nSyro-Malabar Catholic Diocese of Kanjirappally\n\nKerala: Kottayam, Pathanamthitta districts and Peermade taluk of Idukki\n\nSyro-Malabar Catholic Diocese of Palai\n\nKerala: Meenachil taluk of Kottayam and few villages of the neighboring taluks in Kottayam, Ernakulam and Idukki\n\nSyro-Malabar Catholic Diocese of Thuckalay\n\nTamil Nadu: Kanyakumari, Madurai, Ramanathapuram, Sivaganga, Theni, Thoothukudi, Tirunelveli and Virudhunagar\n\nSyro-Malabar Catholic Archdiocese of Tellicherry\n\nKerala: Kannur and Kasargode\n\nSyro-Malabar Catholic Diocese of Belthangady\n\nKarnataka: Kodagu, Dakshina Kannada and Udupi\n\nSyro-Malabar Catholic Diocese of Bhadravathi\n\nKarnataka: Shimoga and Chikmagalore\n\nSyro-Malabar Catholic Diocese of Mananthavady\n\nKerala: Wayanad and parts of Malapuram and Kannur\n\nTamil Nadu: Nilgiris\n\nSyro-Malabar Catholic Diocese of Mandya\n\nKarnataka: Mandya, Hassan, Mysore, Chamarajnagar, Bangalore Urban, Bangalore Rural, Chickballapur, Kolar, Tumkur and Ramnagara\n\nSyro-Malabar Catholic Diocese of Thamarassery\n\nKerala: Calicut and Malappuram\n\nSyro-Malabar Catholic Archdiocese of Thrissur\n\nKerala: Trichur district from Karuvannur River in the south till Bharathapuzha River in Malappuram in the north\n\nSyro-Malabar Catholic Diocese of Ramanathapuram\n\nTamil Nadu: Ariyalur, Coimbatore, Dindigul, Erode, Karur, Nagapattinam, Namakkal, Perambalur, Pudukkottai, Salem, Thanjavur, Tiruchirappalli, Tiruppur and Tiruvarur\n\nSyro-Malabar Catholic Diocese of Irinjalakuda\n\nKerala: Southern part of Thrissur, between the Karuvannur River in the north and the Chalakudy River in the south\n\nSyro-Malabar Catholic Diocese of Palghat\n\nKerala: Palakkad\n\nSyro-Malabar Catholic Archdiocese of Kottayam\n\nThe jurisdiction of the Bishop of Kottayam is over all Knanaya Catholics (Suddhists) of the territory of the Syro Malabar Church\n\nSyro-Malankara Major Archeparchy of Trivandrum\n\nKerala: Trivandrum except for the ecclesiastical districts of Parassala, Neyyattinkara and Kattakada, and parts of Kollam, Allapuzha and Pathanamthitta\n\nTamil Nadu: some parts of Nagorkoil in Kanyakumari\n\nSyro-Malankara Eparchy of Marthandom\n\nTamil Nadu: Kanyakumari, Tiruchirappalli, Nagapattinam, Tiruvarur, Thanjavur, Pudukkottai, Dindigul, Madurai, Theni, Thoothukudi, Tenkasi, Tirunelveli, Perambalur, Virudhunagar, Ramanathapuram, Sivagangai, Cuddalore, Namakkal, Ariyalur, Mayiladuthurai and Karur\n\nSyro-Malankara Eparchy of Mavelikara\n\nKerala: Alapuzha except for the portions that belong to the Archdiocese of Tiruvalla and parts of Kollam and Pathanamthitta\n\nSyro-Malankara Eparchy of Parassala\n\nKerala: Ecclesiastical districts of Parassala, Neyyattinkara and Kattakada and two parishes in the ecclesiastical district of Thiruvananthapuram in Thiruvananthapuram district\n\nSyro-Malankara Eparchy of Pathanamthitta\n\nKerala: Pathanamthitta\n\nSyro-Malankara Catholic Eparchy of St. Ephrem of Khadki\n\nMaharashtra, Goa, Andhra Pradesh and Telangana: Entire states\n\nKarnataka: Bagalkote, Belgaum, Bijapur, Dharwad, Gadag, Haveri, Chitradurga, Davanagere, Ballari, Bidar, Kalaburagi, Koppal, Raichur and Yadagiri\n\nTamil Nadu: Chennai, Vellore, Tiruvannamalai, Viluppuram, Kancheepuram, Tiruvallur, Kallakurichi, Chengalpattu, Tirupattur, Ranipet, Salem, Dharmapuri and Krishnagiri\n\nSyro-Malankara Catholic Archeparchy of Tiruvalla\n\nKerala: Kottayam, Idukki and part of Pathanamthitta\n\nSyro-Malankara Catholic Eparchy of Muvattupuzha\n\nKerala: Ernakulam, Thrissur and Palakkad\n\nTamil Nadu: Coimbatore, Tirupur and Erode\n\nSyro-Malankara Catholic Eparchy of Bathery\n\nKerala: Wayanad, Malapppuram, Kozhikode, Kannur and Kasargod\n\nTamil Nadu: Nilgiris\n\nSyro-Malankara Catholic Eparchy of Puthur\n\nKarnataka: Dakshina Kannada, Chamarajnagar, Chickmagalur, Hassan, Kodagu, Mandya, Mysore, Shimoga, Udupi, Uttara Kannada, Bangalore Rural, Ramanagara, Bangalore Urban, Tumakuru, Chikkaballapura and Kolar\n\nSyro-Malankara Catholic Eparchy of St. John Chrysostom of Gurgaon\n\nArunachal Pradesh, Assam, Bihar, Chhattisgarh, Gujarat, Haryana, Himachal Pradesh, Jammu and Kashmir, Jharkhand, Madhya Pradesh, Manipur, Meghalaya, Mizoram, Nagaland, Orissa, Punjab, Rajasthan, Sikkim, Tripura, Uttar Pradesh, Uttarakhand and West Bengal: Entire states\n\nDelhi, Chandigarh, Ladakh: Entire union territories\n\nCatholic Church in India\n\nList of Catholic dioceses in India\n\nList of districts of India\n\nList of cathedrals in India\n\nList of Catholic bishops of India"
    }
}