{
    "id": "dbpedia_7305_1",
    "rank": 22,
    "data": {
        "url": "http://pinkfloydarchives.com/TourDate.htm",
        "read_more_link": "",
        "language": "en",
        "title": "Pink Floyd Concert Appearances",
        "top_image": "",
        "meta_img": "",
        "images": [
            "http://pinkfloydarchives.com/PFAicon.jpg"
        ],
        "movies": [],
        "keywords": [],
        "meta_keywords": [
            ""
        ],
        "tags": null,
        "authors": [],
        "publish_date": null,
        "summary": "",
        "meta_description": "",
        "meta_lang": "",
        "meta_favicon": "",
        "meta_site_name": "",
        "canonical_link": null,
        "text": "Pink Floyd\n\nConcert Appearances\n\n© copyright Vernon Fitch / The Pink Floyd Archives\n\nWelcome to The Pink Floyd Concert Appearances Page. Here you will find a listing of all known performances by Pink Floyd. Included in this listing are festival appearances, benefit concerts, radio and television appearances, major tours, and other significant concert performances. Any comments, corrections or additions to this listing would be appreciated.\n\nQuick Click Guide\n\n[Years and Musical Compositions]\n\n[Festivals] [Benefits] [Radio and TV] [Major Tours] [Other Significant Concerts]\n\n[Syd Barrett] [David Gilmour] [Nick Mason] [Roger Waters] [Richard Wright]\n\n[Reference Directory]\n\n[Pink Floyd Archives home page]\n\nYears and Musical Compositions\n\n1965\n\n1966\n\n1967 - The Piper at the Gates of Dawn\n\n1968 - A Saucerful of Secrets\n\n1969 - The Man / The Journey\n\n1970 - Atom Heart Mother\n\n1971 - Meddle\n\n1972 - Obscured By Clouds\n\n1973 - The Dark Side of the Moon\n\n1974\n\n1975\n\n1977 - Animals\n\n1980 - The Wall\n\n1981\n\n1987 - A Momentary Lapse of Reason\n\n1988\n\n1989\n\n1990\n\n1993\n\n1994 - The Division Bell\n\n2005\n\nFestivals\n\nOctober 15, 1966 - International Times Launch Party \"All Night Rave\" at the Roundhouse\n\nDecember 3, 1966 - Psychedelia vs. Ian Smith\n\nDecember 31, 1966 - New Year's Eve All Night Rave\n\nJanuary 6, 1967 - Freak Out Ethel\n\nApril 29, 1967 - 14 Hour Technicolour Dream, Alexandra Palace\n\nJune 18, 1967 - Radio London Motor Racing & Pop Festival, Brands Hatch Race Track, Kent\n\nJuly 15, 1967 - The Stowmarket Carnival Pop Show, The Cricket Meadow, Stowmarket, Suffolk\n\nJuly 29, 1967 - Love In Festival, Alexandra Palace\n\nSeptember 1-2, 1967 - RIA Festival, UFO at the Roundhouse\n\nNovember 13, 1967 - The Hippy Happy Fair, Oude-Ahoy Hallen, Rotterdam, Netherlands\n\nNovember 27, 1967 - Festival of Arts, Whitla Hall, Queens College, Belfast, Ulster, Ireland\n\nDecember 22, 1967 - Christmas on Earth Continued, Kensington Olympia\n\nMay 6, 1968 - Rome International Pop Festival, Palazzo dello Sport EUR, Rome, Italy\n\nMay 11, 1968 - Brighton Arts Festival, Thelme House, Brighton, Sussex\n\nJune 12, 1968 - May Ball, Kings College, Cambridge\n\nJune 14, 1968 - Midsummer Ball, University College, London\n\nJune 22, 1968 - The 1st Holiness Kitch Garden for the Liberation of Love & Peace in Colours, Houtrusthallen, The Hague, Netherlands\n\nJune 26, 1968 - Sheffield Arts Festival, Students Union, Sheffield University, Yorkshire, England\n\nJune 28, 1968 - The End of It All Ball, Music Hall, Shrewsbury, Shropshire, England\n\nJune 29, 1968 - Blackhill Enterprises free concert, Hyde Park, London\n\nJuly 24, 1968 - Summer Music Festival, JFK Stadium, Philadelphia, Pennsylvania\n\nAugust 31, 1968 - Kastival 68, Kasterlee, Belgium\n\nFebruary 18, 1969 - Manchester & Salford Students Shrove Rag Ball, Main Debating Hall, Manchester University, Manchester\n\nMarch 21, 1969 - The Art Ball, Winter Gardens, Blackpool\n\nMay 9, 1969 - Camden Free Festival, Parliment Hill Fields, Hampstead, London\n\nMay 10, 1969 - Notts County Rock Festival, Football Ground, Nottingham\n\nJuly 4, 1969 - Selby Arts Festival, Selby, Yorkshire\n\nAugust 8, 1969 - 9th National Jazz & Blues Festival, Plumpton Racecourse, Sussex\n\nSeptember 13, 1969 - Rugby Rag's Blues Festival, Rainsbrook, Ashlawn Road, Rugby, Warwickshire\n\nOctober 11, 1969 - Song Days Festival, Grughalle, Essen, West Germany\n\nOctober 25, 1969 - Amougies Pop & Jazz Festival, Mont de L'Enclus, Belgium\n\nDecember 6, 1969 - AFAN Festival of Progressive Rock, AFAN Lido Indoor Sports Centre, Port Talbot, South Wales\n\nMarch 7, 1970 - University of Bristol Arts Festival, Colston Hall, Bristol\n\nMarch 30, 1970 - Music Evolution Festival, Hall des Expositions, Bourget, France\n\nJune 27, 1970 - Festival of Blues & Progressive Music, Bath, Shepton Mallet, Somerset\n\nJune 28, 1970 - Kralingen Pop Festival, Kraalinge Bos, Rotterdam, Netherlands\n\nJuly 12, 1970 - Soersfestival 3-day open air festival, Soerser Stadium, Aachen, West Germany\n\nJuly 18, 1970 - Blackhill's Garden Party, Hyde Park free concert, London\n\nJuly 26, 1970 - International Jazz Festival, Juan les Pins, France\n\nAugust 8, 1970 - San Tropez Music Festival, San Tropez, France\n\nAugust 31, 1970 - Caravan Festival, Canterbury, England\n\nMay 15, 1971 - Garden Party, Crystal Palace Bowl, London\n\nJune 26, 1971 - Amsterdam Free Concert, Amsterdamse Bos, Netherlands\n\nJuly 1, 1971 - Internationale Musikforum Ossiachersee, Stift Ossiach, Ossiach, Carinthia, Austria\n\nAugust 6-7, 1971 - Open Air Festival, Hakone Aphrodite, Tokyo, Japan\n\nSeptember 18-19, 1971 - Festival de Musique Classique, Altes Casino, Montreux, Switzerland\n\nFebruary 3, 1972 - Lanchester Polytechnic Arts Festival, Locarno Ballroom, Coventry, Warwickshire\n\nMay 21, 1972 - 2nd British Rock Meeting Open Air Festival, Insel Grun, Germersheim, West Germany\n\nMay 22, 1972 - Amsterdam Rock Circus, Olympic Stadium, Amsterdam, Netherlands\n\nJuly 5, 1975 - Knebworth Festival, Knebworth Park, Knebworth, Hertfordshire, England\n\nJune 30, 1990 - Knebworth Festival, Knebworth Park, Knebworth, Hertfordshire, England\n\nBenefit Concerts\n\nDecember 3, 1966 - Psychedelia vs. Ian Smith, benefit in aid of Zimbabwe, Roundhouse\n\nDecember 12, 1966 - You're Joking?, Oxfam benefit, Royal Albert Hall\n\nApril 29, 1967 - 14 Hour Technicolour Dream, International Times Free Speech benefit, Alexandra Palace\n\nSeptember 1-2, 1967 - Release benefit, UFO at the Roundhouse\n\nFebruary 26, 1969 - Shelter benefit, New Cavendish Ballroom, Edinburgh, Scotland\n\nFebruary 27, 1969 - Glasgow Arts Lab benefit, The Maryland, Glasgow, Scotland\n\nMay 25, 1969 - Fairport Convention benefit, Roundhouse, Chalk Farm, London\n\nFebruary 5, 1970 - Cardiff Art Center benefit, Sophia Gardens, Cardiff\n\nOctober 20-22, 1972 - War on Want benefit, Wembley Empire Pool, London\n\nMay 18-19, 1973 - SHELTER-National Campaign for the Homeless benefit, Earls Court, London\n\nNovember 4, 1973 - Robert Wyatt benefit, Rainbow Theater, London\n\nJune 30, 1990 - Nordoff-Robbins Music Therapy Center and the BPI's Brit School for the Performing Arts benefit, Knebworth, Hertfordshire, England\n\nSeptember 18, 1993 - King Edward VII Hospital benefit, Cowdry Park, Sussex\n\nOctober 13-29, 1994 - Benefit for Greenpeace, Amnesty International and others at Earls Court, London\n\nRadio and TV Appearances\n\nJanuary 20, 1967 - UFO, The Blarney Club concert filmed by Granada TV for Underground Scene documentary\n\nApril 3, 1967 - BBC Monday Monday live broadcast\n\nApril 29, 1967 - Fan Club, Dutch TV, Holland\n\nMay 14, 1967 - Look of the Week, BBC1 TV, London\n\nJuly 6, 1967 - Top of the Pops, BBC TV\n\nJuly 9, 1967 - Roundhouse concert filmed for BBC2 TV\n\nJuly 13, 1967 - Top of the Pops, BBC TV\n\nJuly 17, 1967 - Come Here Often TV Show, ITV\n\nJuly 23, 1967 - Cosmopolitan Ballroom, Carlisle radio broadcast\n\nJuly 27, 1967 - Top of the Pops, BBC TV\n\nSeptember 25, 1967 - BBC Top Gear Show recording date\n\nNovember 6, 1967 - The Pat Boone TV Show\n\nNovember 7, 1967 - American Bandstand TV Show, Hollywood, California\n\nNovember 8, 1967 - Boss City TV Show\n\nDecember 12, 1967 - Tomorrow's World TV recording date\n\nDecember 20, 1967 - BBC Top Gear Show recording date\n\nFebruary 18 & 19, 1968 - Radio et T 1 vision Belge, Brussels, Belgium TV\n\nFebruary 20 & 21, 1968 - ORTF TV Studios, Buttes Chaumont, Paris, France\n\nMarch 26, 1968 - The Sound of Change, BBC TV\n\nMarch 28, 1968 - All My Loving, BBC TV\n\nApril 11, 1968 - My Generation, BBC TV\n\nJune 25, 1968 - BBC Top Gear Show recording date\n\nJune 28, 1968 - Release, BBC2 TV recording date\n\nOctober 31, 1968 - Tous En Scene, ORTF TV, France\n\nDecember 2, 1968 - BBC Top Gear Show recording date\n\nDecember 17, 1968 - Science Session: Let's Make Pop TV recording date\n\nDecember 20, 1968 - BBC live broadcast, Paris Theater, London\n\nJanuary 22, 1969 - Samedi et Compagnie recording date\n\nMay 12, 1969 - BBC Nite Ride recording date\n\nJuly 20, 1969 - Omnibus TV recordings date\n\nJuly 22, 1969 - P-1 TV show recording date\n\nJuly 24-25, 1969 - Dutch TV, Netherlands\n\nSeptember 17, 1969 - Radio Hilversum broadcast, Concertgebow, Amsterdam\n\nJanuary 23, 1970 - French radio broadcast, Theater Comedie des Champs Elysees, Paris\n\nMarch 5, 1970 - Line Up BBC TV recording date\n\nApril 30, 1970 - KQED TV recording, Fillmore Auditorium, San Francisco, California\n\nJuly 16, 1970 - BBC recording date at the Paris Theater, London\n\nDecember 4-5, 1970 - ORTF TV, Paris, France\n\nJune 15, 1971 - ORTF TV, Abbaye de Royaumont, Paris, France\n\nSeptember 30, 1971 - BBC In Concert recorded at the Paris Theater, London\n\nDecember 1, 1972 - RTL radio broadcast, Centre Sportif ile des Vannes, Saint Oven, France\n\nNovember 16, 1974 - BBC recording at the Empire Pool, Wembley, London\n\nJuly 15, 1989 - live satellite TV broadcast, The Grand Canal, Venice, Italy\n\nOctober 20, 1994 - live satellite TV broadcast, Earls Court, London, England\n\nMajor Tours\n\nNovember 1967 - First tour of the United States\n\nNovember 1967 - The Jimi Hendrix Experience tour\n\nJuly 1968 - A Saucerful of Secrets tour\n\nMay 1969 - The Man/The Journey tour\n\nSeptember 1970 - Atom Heart Mother World Tour\n\nOctober 1971 - Meddle tour\n\nMarch 1973 - Dark Side of the Moon tour\n\nNovember 1974 - British Winter Tour 1974\n\nApril 1975 - Wish You Were Here tour\n\nJanuary 1977 - Animals tour\n\nFebruary 1980 - The Wall\n\nSeptember 1987 - A Momentary Lapse of Reason tour\n\nMarch 1994 - The Division Bell tour\n\nOther Significant Concerts\n\nMarch 13, 1966 - Spontaneous Underground\n\nNovember 18, 1966 - Philadelic Music for Simian Hominids\n\nDecember 23, 1966 - Opening of UFO \"UFO Presents Night Tripper\"\n\nDecember 30, 1966 - UFO Presents Night Tripper\n\nMarch 4, 1967 - Poly Rag Ball\n\nApril 1, 1967 - EMI press launch\n\nMay 12, 1967 - Games for May, South Bank Queen Elizabeth Hall\n\nJanuary 12, 1968 - The five-piece band with Syd Barrett and David Gilmour\n\nJanuary 26, 1968 - The start of the four-piece band with David Gilmour\n\nMarch 4, 1968 - Vanessa Redgrave party, London\n\nApril 14, 1969 - More Furious Madness From the Massed Gadgets of Auximenes, Royal Festival Hall, London\n\nApril 27, 1969 - Ummagumma recording session at Mother's Club, Birmingham\n\nMay 2, 1969 - Ummagumma recording session at Manchester College of Commerce, Manchester\n\nOctober 5-7, 1971 - Roman Ampitheater, Pompeii, Italy\n\nJanuary 20, 1972 - First performance of Dark Side of the Moon, The Dome, Brighton, England\n\nFebruary 17-20, 1972 - Press introduction to Dark Side of the Moon, Rainbow Theater, London\n\nNovember 22-26, 1972 - Roland Petit ballet, Salle Vallier, Marseille, France\n\nNovember 3-5, 1987 - Filming at The Omni, Atlanta, Georgia for promo use\n\nJune 21-22, 1988 - Filming at Place d'Armes du Chateau de Versailles, Versailles, France for A Delicate Sound of Thunder\n\nAugust 19-23, 1988 - Filming at the Nassau Coliseum, New York for A Delicate Sound of Thunder\n\nJuly 18, 1994 - Publius message shown at Giants Stadium, New Jersey\n\nOctober 20, 1994 - Filming at Earls Court, London for the P.U.L.S.E. video\n\n1964\n\nThe Tea Set\n\n(Syd Barrett, Bob Klose, Nick Mason, Roger Waters, Rick Wright)\n\nOctober\n\nHigh Pines, Oxshott, England\n\nLarge Hall, Regent Street Polytechnic, London, England\n\n[back to index]\n\n1965\n\nJanuary\n\nRAF Uxbridge, Uxbridge, England\n\n1965\n\nFebruary\n\nCountdown Club, Palace Gate, Kensington, London, England\n\nThe Pink Floyd\n\n(Syd Barrett, Nick Mason, Roger Waters, Rick Wright) 1965 May\n\n22 - Summer Dance, Homerton College, Cambridge, Cambridgeshire, England\n\n1965 June\n\n27 - Wimbledon Palais, Wimbledon, London, England (Melody Maker National Beat Contest)\n\n1965 October\n\nGreat Shelford, England (as the Tea Set)\n\nByam Shaw School of Art, Kensington, London, England\n\nCambridge University Ball, Cambridge, England\n\n[back to index]\n\n1966\n\nJanuary\n\n9 - The Goings On Club, Archer Street, Soho, London, England\n\n1966 March\n\n11 - University of Essex, Wivenhoe Park, Colchester, Essex, England (Rag Ball)\n\n12 - University of Essex, Wivenhoe Park, Colchester, Essex, England (Rag Ball)\n\n13 - Marquee Club, Wardour Street, Soho, London, England (Spontaneous Underground)\n\n27 - Marquee Club, Wardour Street, Soho, London, England (Spontaneous Underground)\n\n1966 April\n\n3 - Marquee Club, Wardour Street, Soho, London, England (Spontaneous Underground)\n\n7 - Marquee Club, Wardour Street, Soho, London, England (Spontaneous Underground)\n\n1966 May\n\n1 - Marquee Club, Wardour Street, Soho, London, England (Spontaneous Underground)\n\n8 - Marquee Club, Wardour Street, Soho, London, England (Spontaneous Underground)\n\n15 - Marquee Club, Wardour Street, Soho, London, England (Spontaneous Underground)\n\n1966 June\n\n5 - Marquee Club, Wardour Street, Soho, London, England (Spontaneous Underground)\n\n12 - Marquee Club, Wardour Street, Soho, London, England (Spontaneous Underground)\n\n1966 September\n\n28 - Chelsea College of Science & Technology, London, England (possibly last show as The Tea Set)\n\n30 - All Saints Church Hall, Powis Gardens, London, England (London Free School Celebration Dance)\n\n1966 October\n\n14 - All Saints Church Hall, Powis Gardens, London, England (London Free School's Pop Dance)\n\n15 - Roundhouse, Chalk Farm, London, England (International Times Launch Party \"All Night Rave\")\n\n19 - Top Rank Suite, Brighton, England\n\n21 - All Saints Church Hall, Powis Gardens, London, England (London Free School's Pop Dance)\n\n28 - All Saints Church Hall, Powis Gardens, London, England (London Free School's Pop Dance)\n\n1966 November\n\n4 - All Saints Church Hall, Powis Gardens, London, England (Psychedelic Pop)\n\n5 - Wilton Hall, Bletchley, Buckinghamshire, and Five Acres Nudist Colony, Bricket Wood, Watford, Hertfordshire, England\n\n8 - All Saints Church Hall, Powis Gardens, London, England (London Free School's Sound / Light Workshop)\n\n11 - All Saints Church Hall, Powis Gardens, London, England (Psychedelic Pop)\n\n12 - Corn Exchange, Bedford, England\n\n15 - All Saints Church Hall, Powis Gardens, London, England (London Free School's Sound / Light Workshop)\n\n18 - Rooms A & B, Hornsey College of Art, Hornsey, London, England (Philadelic Music for Simian Hominids)\n\n19 - Technical College, Canterbury, Kent, England\n\n22 - All Saints Church Hall, Powis Gardens, London, England (London Free School's Sound / Light Workshop)\n\n29 - All Saints Church Hall, Powis Gardens, London, England (London Free School's Sound / Light Workshop)\n\n1966 December\n\n3 - Roundhouse, Chalk Farm, London, England (Psychedelia vs. Ian Smith, benefit in aid of Zimbabwe)\n\n10 - Rivington Hall, Bolton Art College, Bolton, England (Winter Bolton Art College Ball)\n\n12 - Royal Albert Hall, Kensington, London, England (You're Joking? Oxfam benefit concert)\n\n16 - The Architects Association, Bedford Square, London England (A Students Xmas Carnival)\n\n20 - Cambridge School of Art, Cambridge, England\n\n22 - The Marquee Club, London, England\n\n23 - UFO, The Blarney Club, Tottenham Court Road, London (opening of UFO \"UFO Presents Night Tripper\")\n\n29 - The Marquee Club, Soho, London, England\n\n30 - UFO, The Blarney Club, Tottenham Court Road, London, England (UFO Presents Night Tripper)\n\n31 - Cambridge Technical College, Cambridge, Cambridgeshire, England and Roundhouse, Chalk Farm, London, England (Psychedelicamania-New Year's Eve All Night Rave)\n\n[back to index]\n\n1967\n\nJanuary\n\n5 - The Marquee Club, Soho, London, England\n\n6 - Seymour Hall, London (Freak Out Ethel) and UFO, The Blarney Club, Tottenham Court Road, London, England\n\n8 - Upper Cut, Forrest Gate, London, England\n\n13 - UFO, The Blarney Club, 31 Tottenham Court Road, London, England\n\n14 - Great Hall, University of Reading, Berkshire, England\n\n16 - The Clubroom, Institute of Contemporary Arts, London, England\n\n17 - Commonwealth Institute, Kensington, London, England (Music in Colour)\n\n19 - The Marquee Club, Soho, London, England\n\n20 - UFO, The Blarney Club, 31 Tottenham Court Road, London, England (filmed by Granada TV for Underground Scene documentary)\n\n21 - Birdcage, Portsmouth, Hampshire, England\n\n27 - UFO, The Blarney Club, 31 Tottenham Court Road, London, England\n\n28 - University of Essex, Colchester, Essex, England\n\n1967 February\n\n2 - Cadenna's, Guildford, Surrey, England\n\n3 - Queen's Hall, Leeds, Yorkshire, England (All Night Rave)\n\n9 - New Addington Hotel, New Addington, Surrey, England (All Night Rave)\n\n10 - Leicester College of Technology, Leicestershire, England\n\n11 - University of Sussex, Brighton, East Sussex, England\n\n16 - Guildhall, Southampton, Hampshire, England\n\n17 - The Dorothy Ballroom, Cambridge, England (St. Catherine's College Valentine Ball)\n\n18 - California Ballroom, Dunstable, Bedfordshire, England\n\n20 - Adelphi Ballroom, West Bromwich, Warwickshire, England\n\n24 - Ricky Tick Club, Hounslow, Middlesex, England, and UFO, The Blarney Club, Tottenham Court Road, London, England (Return of the Invisible Pink Floyd)\n\n25 - Ricky Tick Club, Thames Hotel, Windsor, Berkshire, England\n\n28 - Blaises Club, Kensington, London, England\n\n1967 March\n\n1 - Dance Hall, Eel Pie Island Hotel, Middlesex, England\n\n2 - Assembley Rooms, Worthing, East Sussex, England\n\n3 - Market Hall, St. Albans, Hertfordshire and UFO, The Blarney Club, 31 Tottenham Court Road, London, England\n\n4 - The Large Hall, Little Titchfield Street, London, England (Poly Rag Ball)\n\n5 - Saville Theater, Shaftesbury Avenue, London, England\n\n6 - Granada TV Studios, Manchester, England\n\n7 - Winter Gardens, Malvern, Worcestershire, England\n\n9 - The Marquee Club, Soho, London, England\n\n10 - UFO, The Blarney Club, 31 Tottenham Court Road, London, England (premiere of Arnold Layne promo film)\n\n11 - Technical College, Canterbury, Kent, England\n\n12 - Agincourt Ballroom, Camberley, Surrey, England\n\n16 - Middle Earth, London, England\n\n17 - Kingston Technical College, Kingston-Upon-Thames, Surrey, England\n\n18 - Enfield College of Technology, Middlesex, England\n\n22 - Canteen, London School of Economics, London, England\n\n23 - Clifton Hall, Rotherham College of Technology, Yorkshire and Doncaster, Yorkshire, England\n\n24 - Ricky Tick Club, Hounslow, Middlesex, England\n\n25 - New Yorker Dicotheque, Swindon, England and\n\nShoreline Club, The Caribbean Hotel, Bognor Regis, England\n\n28 - Chinese R & B Jazz Club, Bristol Corn Exchange, Bristol, Somerset, England (Easter Rave)\n\n29 - The Dance Hall, Eel Pie Island Hotel, Middlesex, England\n\n30 - Top Spot Ballroom, Ross-on-Wye, Herefordshire, England\n\n1967 April\n\n1 - Birdcage, Portsmouth, Hampshire, England (EMI press launch)\n\n3 - Playhouse Theater, Northumberland Avenue, London, England (BBC Monday Monday live broadcast)\n\n6 - City Hall, Salisbury, Wiltshire, England\n\n7 - Floral Hall, Belfast, Ireland\n\n8 - Rhodes Center, Bishops Stortford, Hertfordshire and Roundhouse, Chalk Farm, London, England\n\n9 - Britannia Club, Nottingham, Nottinghamshire, England\n\n10 - The Pavilion, Bath, Somerset, England\n\n13 - Railway Hotel, Tilbury, Essex, England\n\n15 - K4 Discoteque, West Pier, Brighton, Sussex, England\n\n16 - Bethnal Green, London, England\n\n19 - Bromel Club, Bromley, Kent, England\n\n20 - Queen's Hall, Barnstable, Devon, England\n\n21 - Starlight, Greenford, Middlesex and UFO, The Blarney Club, London, England\n\n22 - Benn Memorial Hall, Rugby, Warwickshire, England\n\n23 - Starlight Ballroom, Crawley, West Sussex, England\n\n24 - The Feathers Club, Ealing Broadway, London, England\n\n25 - The Stage Club, Oxford, Oxfordshire, England\n\n28 - Tabernacle Club, Stockport, Cheshire, England\n\n29 - Fan Club, Dutch TV, Amsterdam, Holland, and Alexandra Palace, London, England (14 Hour Technicolour Dream, International Times Free Speech benefit) (Pink Floyd played the morning of the 30th)\n\n30 - Plaza Teen Club, Huddersfield, Yorkshire, England\n\n1967 May\n\n3 - Moulin Rouge, Ainsdale, Lancashire, England\n\n4 - Locarno, Coventry, Warwickshire, England\n\n6 - Kitson Hall, Leeds, Yorkshire, England\n\n7 - Peter Stringfellows, King Mojo Club, Tollbar, Sheffield, Yorkshire, England\n\n12 - South Bank Queen Elizabeth Hall, London, England (Games for May)\n\n13 - St. George's Ballroom, Hinkley, Leicestershire, England\n\n14 - Studio C, BBC Lime Grove Studios, London, England (Look of the Week, BBC 1 TV)\n\n19 - Club A Go-Go, Newcastle, Northumberland, England\n\n20 - Floral Hall, Southport, Lancashire, England\n\n23 - Town Hall, High Wycomb, Buckinghamshire, England (A Psychedelic Experience in Technicolor)\n\n24 - Bromel Club, Bromley, Kent, England\n\n25 - The Barn, Grosmont Wood Farm, Cross Ash, Monmouthshire, Wales (Gwent Constabulary Spring Holiday Barn Dance)\n\n26 - Empress Ballroom, Blackpool, Lancashire, England\n\n27 - Civic Hall, Nantwich, Cheshire, England (Bank Holiday Beano)\n\n29 - Tulip Bulb Auction Hall, Spalding, Lincolnshire, England (Barbeque `67)\n\n1967 June\n\n2 - UFO, The Blarney Club, 31 Tottenham Court Road, London, England\n\n9 - Student Union, College of Commerce, Hull, Yorkshire, England\n\n10 - The Nautilus, Lowestoft, Suffolk and UFO, The Blarney Club, Tottenham Court Road, London, England\n\n13 - Blue Opera Club, The Feathers, Ealing, London, England\n\n15 - Abbey Wood Park, London, England (Free Concert)\n\n16 - Tiles Club, Oxford Street, London, England (filmed by BBC TV for the Redifussion TV programme-parts broadcast on Come Here Often, ITV, July 18, 1967)\n\n17 - The Ballroom, Margate, Kent, England\n\n18 - Brands Hatch Race Track, Kent, England (Radio London Motor Racing & Pop Festival)\n\n20 - Main Marquee, Magdalen College, Oxford, Oxfordshire, England (Commemoration Ball)\n\n21 - Rivington Barn, Bolton, Lancashire, England (Bolton College of Art Midsummer Ball)\n\n23 - The Locarno, Derby, Derbyshire, England (Rolls-Royce Ball) and The 8 Hour Psycho-Chromatic Fantasy, Great and Small Halls, Bradford University, Yorkshire, England\n\n26 - Warwick University, Coventry, Warwickshire, England\n\n28 - The Dance Hall, Eel Pie Island, Middlesex, England\n\n1967 July\n\n1 - The Swan, Yardley, Birmingham, England\n\n2 - Civic Hall, Digbeth, Birmingham, Warwickshire, England\n\n3 - The Pavilion, Bath, Somerset, England\n\n5 - The Dance Hall, Eel Pie Island, Twickenham, England\n\n6 - BBC Lime Grove Studios, London, England (Top of the Pops, BBC TV)\n\n7 - The Birdcage Club, Eastney, Portsmouth, England\n\n8 - Memorial Hall, Northwich, Cheshire, England\n\n9 - Roundhouse, Chalk Farm, London, England (filmed by BBC-2 TV)\n\n13 - BBC Lime Grove Studios, London, England (Top of the Pops, BBC TV)\n\n15 - The Cricket Meadow, Stowmarket, Suffolk, England (The Stowmarket Carnival Pop Show)\n\n16 - Redcar Jazz Club, Coatham Hotel, Yorkshire, England\n\n17 - Come Here Often TV Show, ITV, Rediffusion Studios, London\n\n18 - The Palace, Douglas, Isle of Man, England\n\n19 - The Floral Hall, Gorleston, Norfolk, England (filmed by BBC-2 TV for the Impressarios programme)\n\n20 - The Red Shoes Ballroom, Elgin, Scotland\n\n21 - Ballerina Ballroom, Nairn, Scotland\n\n22 - The Beach Ballroom, Aberdeen, Scotland\n\n23 - Cosmopolitan Ballroom, Carlisle, Cumbria, England (radio broadcast)\n\n24 - The Maryland, Glasgow, Scotland\n\n25 - Greenock Palladium, Lanarkshire, Scotland\n\n27 - BBC Lime Grove Studios, London (Top of the Pops, BBC TV)\n\n28 - UFO, The Blarney Club, 31 Tottenham Court Road, London, England\n\n29 - Wellington Club, East Dereham, Norfolk and Alexandra Palace, London, England (Love In Festival)\n\n1967 September\n\n1 - UFO at the Roundhouse, Chalk Farm, London, England (RIA Festival-benefit for Release)\n\n2 - UFO at the Roundhouse, Chalk Farm, London, England (RIA Festival-benefit for Release)\n\n9 - Boom Dancing Center, Arhus, Denmark\n\n10 - Gyllene Cirkeln, Stockholm, Sweden\n\n11 - Star Club, Copenhagen, Denmark\n\n12 - Star Club, Copenhagen, Denmark\n\n13 - Star Club, Copenhagen, Denmark\n\n15 - Starlight Ballroom, Belfast, Ireland\n\n16 - Flamingo, Ballymena, Ireland\n\n17 - Arcadia Ballroom, Cork, Ireland\n\n19 - Speakeasy, West End, London, England\n\n21 - Assembley Hall, Worthing, West Sussex, England\n\n22 - Tiles Club, London, England\n\n23 - Corn Exchange, Chelmsford, Essex, England\n\n25 - BBC Playhouse Theater, London, England (BBC Top Gear Show recording date)\n\n27 - 5th Dimension, Leicester, Leicestershire, England\n\n28 - Skyline Club, Hull, Yorkshire, England\n\n30 - Imperial Club, Nelson, Lancashire, England\n\n1967 October\n\n1 - Saville Theater, London, England\n\n6 - Top Rank, Brighton, East Sussex, England (Miss Teenage Brighton Contest)\n\n7 - Victoria Rooms, Bristol, England\n\n13 - The Pavilion, Weymouth, Dorset, England\n\n14 - Caesars Club, Bedford, Bedfordshire, England\n\n16 - The Pavilion, Bath, Somerset, England\n\n21 - University of York, Hesslington, York, Yorkshire, England\n\n23 - The Pavilion, Bath, England\n\n28 - Dunelm House, Durham University Students' Centre, Durham University, Durham City, England\n\n1967\n\nNovember\n\nFirst tour of the United States\n\n(Note: all scheduled U.S. appearances prior to November 4th were cancelled due to Visa problems)\n\n4 - Winterland, San Francisco, California\n\n5 - The Cheetah Club, Santa Monica, California (two shows)\n\n6 - The Pat Boone TV Show, Los Angeles, California (\"The Gnome\" and \"Chapter 24\")\n\n7 - American Bandstand TV Show, ABC Television Center, Los Angeles, California (\"Apples & Oranges\")\n\n8 - Boss City TV Show, Los Angeles, California (\"Apples & Oranges\")\n\n9 - Fillmore Auditorium, San Francisco, California\n\n10 - Winterland, San Francisco, California\n\n11 - Winterland, San Francisco, California\n\n12 - The Cheetah Club, New York\n\n13 - Ahoy Heliport, Rotterdam, Netherlands (The Hippy Happy Fair)\n\nThe Jimi Hendrix Experience tour\n\nwith the Pink Floyd, Move, Amen Corner, Nice, Eire Apparent and the Outer Limits\n\n14 - Royal Albert Hall, Kensington, London, England\n\n15 - Winter Gardens, Bournemouth, Hampshire, England (two shows)\n\n17 - City Hall, Sheffield, Yorkshire, England (two shows), and Queen's Hall, Leeds, England (All Night Garden Party-not part of Hendrix tour)\n\n18 - Empire Theater, Liverpool, Lancashire, England (two shows) (with David O'List substituting for Syd Barrett)\n\n19 - Coventry Theater, Warwickshire, England (two shows)\n\n22 - Guildhall, Portsmouth, Hampshire, England (two shows)\n\n23 - Sophia Gardens Pavilion, Cardiff, Glamorgan, Wales (two shows)\n\n24 - Colston Hall, Bristol, Gloucestershire, England (two shows)\n\n25 - Opera House, Blackpool, Lancashire, England (two shows)\n\n26 - Palace Theater, Manchester, Lancashire, England (two shows)\n\n27 - Whitla Hall, Queens College, Belfast, Ulster, Ireland (two shows) (Festival of Arts)\n\n1967 December\n\n1 - Central Hall, Chatham, Kent, England (two shows)\n\n2 - The Dome, Brighton, East Sussex, England (two shows)\n\n3 - Theatre Royal, Nottingham, Nottinghamshire, England (two shows)\n\n4 - City Hall, Newcastle-Upon-Tyne, Northumberland, England (two shows)\n\n5 - Green's Playhouse, Glasgow, Scotland (two shows) (last show of Hendrix tour)\n\n6 - Royal College of Art, Kensington, London, England\n\n10 - The Birdcage, Harlow, England (Teenagers Sunday Club)\n\n12 - Mike Leonards house, Stanhope Gardens, London, England (Tomorrows World TV recording date-broadcast January 17, 1968)\n\n13 - Flamingo Club, Redruth, Cornwall, England\n\n14 - Pavilion, Bournemouth, Hampshire, England\n\n15 - Middle Earth, 43 King Street, Covent Garden, London, England\n\n16 - Ritz Ballroom, Birmingham, Warwickshire and The Penthouse, Birmingham, Warwickshire, England\n\n20 - Maida Vale Studio 4, London, England (BBC Top Gear Show recording date)\n\n21 - Speakeasy, West End, London, England\n\n22 - Grand and National Halls, Kensington Olympia, London, England (Christmas on Earth Continued)\n\n[back to index]\n\n1968\n\nPink Floyd\n\n(Syd Barrett, David Gilmour, Nick Mason, Roger Waters, Rick Wright)\n\nJanuary\n\n12 - University of Aston, Birmingham, Warwickshire, England\n\n13 - Winter Gardens Pavilion, Weston-Super-Mare, Avon, England (Saturday Dance Date)\n\n19 - Town Hall, Lewes, Sussex, England (two shows)\n\n20 - Hastings Pier, Hastings, Sussex, England\n\nPink Floyd\n\n(David Gilmour, Nick Mason, Roger Waters, Rick Wright)\n\n26 - Southampton University, Southampton, Hampshire, England\n\n27 - Leicester College of Technology, Leicester, Leicestershire, England 1968 February\n\n10 - The Imperial Ballroom, Nelson, Lancashire\n\n16 - ICI Fibres Club, Pontypool, Monmouthshire\n\n17 - Patronaatsgebouw, Terneuzen, Netherlands, and Concertgebouw, Vlissingen, Netherlands\n\n18 - Radio et T 1 vision Belge, Brussels, Belgium TV\n\n19 - Radio et T 1 vision Belge, Brussels, Belgium TV (with additional filming outdoors at Parc de Laeken)\n\n20 - ORTF TV Studios, Buttes Chaumont, Paris, France\n\n21 - ORTF TV Studios, Buttes Chaumont, Paris, France\n\n22 - Rij-School, Leuven, Belgium\n\n23 - Pannenhuis, Antwerp, Belgium\n\n24 - Cheetah Club, Brussels, Belgium\n\n25 - t Smurf, De Engh, Bussum, Netherlands (show was cancelled)\n\n26 - Domino Club, Lion Hotel, Cambridge\n\n1968 March\n\n4 - Vanessa Redgrave party, London, England\n\n9 - Manchester Technical College, Manchester, Lancashire, England\n\n14 - Whitla Hall, Belfast, Ireland\n\n15 - The Stage Club, Oxford, Oxfordshire, England\n\n16 - Crawdaddy, Hampton Court, London and Middle Earth Club, London, England\n\n20 - New Grafton Rooms, Liverpool, England\n\n22 - Woolwich Polytechnic, London, England\n\n26 - The Sound of Change, BBC Lime Grove Studios, Shepherds Bush, London, England (broadcast September 10, 1968)\n\n28 - Abbey Mills Pumping Station, East Stratford, London, England (All My Loving TV recording date)\n\n1968 April\n\n11 - Studio 4, BBC TV Centre, London, England (My Generation TV recording date-never broadcast)\n\n18 - Piper Club, Rome, Italy (two shows)\n\n19 - Piper Club, Rome, Italy (two shows)\n\n20 - Raven Club, RAF Waddington, Lincolnshire, England\n\n30 - Moef Ga Ga, Avro, Amsterdam, Netherlands\n\n1968 May\n\n3 - Westfield College, Kidderpore Avenue, Hampstead, London, England\n\n4 - Theatre 140, Brussels, Belgium\n\n5 - Theatre 140, Brussels, Belgium (two shows)\n\n6 - Palazzo dello Sport EUR, Rome, Italy (Rome International Pop Festival)\n\n11 - Thelme House, Brighton, Sussex (Brighton Arts Festival)\n\n17 - Middle Earth Club, London\n\n22 - Hotel Billard Palace, Antwerp, Belgium\n\n23 - Paradiso, Amsterdam, Netherlands (two shows) and Whiskey A Go Go, RK Vereiniginsgebouw, Zaandam, Netherlands\n\n24 - The Punchbowl Hotel, Lapworth, Warwickshire, England\n\n25 - Mayfair Suite, The Belfry Hotel, Wishaw, Sutton Coldfield, Warwickshire, England\n\n26 - Oz Benefit, London, England\n\n27 - Belfry Hotel, Sutton Coldfield, England\n\n31 - Paradiso, Amsterdam, Netherlands, and Fantasio, Amsterdam, Netherlands\n\n1968 June\n\n1 - Lijn 3, Amsterdam, Netherlands (two shows), and t Smurf, De Engh, Bussum, Netherlands, and Eurobeurs, Apeldoorn, Netherlands\n\n2 - Vlissingen, Concertgebouw, Amsterdam, Netherlands, and Recta Club 67, Ertvelde, Belgium\n\n3 - De Bas, Heesch, Netherlands, and Parochieel Ontspannings Centrum, Weesp, Netherlands\n\n8 - Market Hall, Haverfordwest, Pembrokeshire, Wales\n\n12 - Kings College, Cambridge (May Ball)\n\n14 - University College, London (Midsummer Ball)\n\n15 - Magic Village, Manchester\n\n21 - Commemoration Ball, Balliol College, Oxford, England, and Middle Earth Club, Covent Garden, London, England\n\n22 - University of East Anglia, Norwich, Norfolk, England, and Houtrusthallen, The Hague, Netherlands (The 1st Holiness Kitch Garden for the Liberation of Love & Peace in Colours Festival)\n\n25 - 201 Piccadilly, Studio 1, London (BBC Top Gear Show recording date)\n\n26 - Students Union, Sheffield University, Yorkshire, England (Sheffield Arts Festival)\n\n28 - Studio 7, BBC TV Centre, London, England (Release recording date-broadcast on BBC2 June 29, 1968) and Music Hall, Shrewsbury, Shropshire, England (The End of It All Ball)\n\n29 - Hyde Park, London (Blackhill Enterprises free concert)\n\n1968 July A Saucerful of Secrets tour\n\nSecond tour of the United States\n\n8 - Kinetic Playground, Chicago, Illinois\n\n12 - Grande Ballroom, Detroit, Michigan\n\n13 - Fifth Dimension, Ann Arbor, Michigan\n\n14 - Fifth Dimension, Ann Arbor, Michigan\n\n15 - The Scene, New York City, New York\n\n16 - The Scene, New York City, New York\n\n17 - The Scene, New York City, New York\n\n23 - The Auditorium, Chicago, Illinois\n\n24 - JFK Stadium, Philadelphia, Pennsylvania (Summer Music Festival)\n\n26 - The Shrine Exposition Hall, Los Angeles, California (Pinnacle Dance Concert)\n\n27 - The Shrine Exposition Hall, Los Angeles, California (Pinnacle Dance Concert)\n\n1968 August\n\n2 - Avalon Ballroom, San Francisco, California\n\n3 - Avalon Ballroom, San Francisco, California\n\n4 - Avalon Ballroom, San Francisco, California\n\n9 - Seattle Center Arena, Seattle, Washington\n\n10 - Seattle Center Arena, Seattle, Washington\n\n16 - Sound Factory, Sacramento, California\n\n17 - Sound Factory, Sacramento, California\n\n23 - The Bank, Torrance, California\n\n24 - The Bank, Torrance, California\n\n31 - Kastival `68 Festival, Kasterlee, Belgium (Kastival 68)\n\n1968 September\n\n4 - Middle Earth, The Club House, Richmond Athletic Club, Richmond, Surrey\n\n6 - ORTF TV Studios, Buttes Chaumont, Paris, France ('Samedi et Compagnie' ORTF French TV)\n\n13 - Mothers, Erdington, Birmingham, Warwickshire\n\n20 - Victoria Rooms, Clifton, Bristol, Gloucestershire\n\n26 - The Mayfair Ballroom, Newcastle upon Tyne, England\n\n27 - Queens Hall, Dunoon, Argyllshire, Scotland\n\n1968 October\n\n1 - The Mayfair, Glasgow, Lanarkshire, Scotland\n\n4 - Mothers, Erdington, Birmingham, Warwickshire\n\n6 - The Country Club, Belsize Park, London\n\n12 - ORTF TV Studios, Buttes Chaumont, Paris, France (Special Angleterre: La Nouvelle Vague de la Pop Music, A LAffiche du Monde ORTF French TV)\n\n16 - Theatre du Huitieme, Lyon, France\n\n18 - University College, Bloomsbury, London, and The Industrial Club, Norwich, England\n\n19 - Theatre 140, Brussels, Belgium\n\n20 - Theatre 140, Brussels, Belgium (two shows)\n\n25 - The Boat House, Kew, London\n\n26 - Union Hall, Imperial College, Kensington, London and Middle Earth, The Roundhouse, Chalk Farm, London\n\n30 - Le Bilboquet, Paris, France, and Le Psychedelic Club, Paris, France\n\n31 - LAntenne du Chapiteau du Kremlin-Bicêtre, Val de Marne, Paris, France ('Tous En Scene,' ORTF French TV)\n\n1968 November\n\n1 - Le Bilboquet, St. Germain des Pres, Paris, France (Surprise Partie ORTF French TV)\n\n2 - Student Union Bar, Farnborough Technical College, Farnborough, Hampshire, England\n\n7 - Porchester Hall, Bayswater, London, England\n\n8 - Fishmonger's Arms, Wood Green, London, England\n\n15 - Blow Up Club, Munich, West Germany\n\n16 - Restaurant Olten-Hammer, Olten and Grosse Tanzparty, Abtwil, Switzerland\n\n17 - Kongresshaus, Zurich, Switzerland\n\n22 - Crawdaddy, Richmond, Surrey, England\n\n23 - Regent Street Polytechnic, London, England\n\n24 - Country Club, Hampstead, London, England\n\n27 - University of Keele, Newcastle, England\n\n29 - Bedford College, London, England\n\n1968 December\n\n2 - Maida Vale Studio 4, London (BBC Top Gear Show recording date)\n\n5 - Students Union, Royal Arcade Ballrooms, Bournemouth College, Boscombe, Bournemouth, Hampshire, England\n\n7 - Liverpool Stadium, Liverpool, England (Kaleidoscope 68)\n\n9 - ABC Cinema, Merthyr Tydfil, South Wales\n\n11 - Saint Andrews University, Saint Andrews, Scotland\n\n12 - Christmas Revels Ball, Dundee College of Art, Dundee, Scotland\n\n13 - The New Marquee, Leeds, England\n\n15 - City Hall, Newcastle\n\n17 - Abbey Road Studios, London, England (Science Session: Let's Make Pop TV - broadcast BBC1 TV, March 5, 1969)\n\n20 - The Paris Theater, London (live BBC broadcast)\n\n27 - De Doelen, Rotterdam, Netherlands\n\n28 - Jaarbeure-Margriethal, Utrecht, Netherlands (Flight to Lowlands Paradise)\n\n[back to index]\n\n1969\n\nJanuary\n\n10 - Fishmonger's Arms, Wood Green, London\n\n12 - Mother's Club, Birmingham, Warwickshire\n\n18 - London College of Printing, and Homerton College, Cambridge, and Middle Earth Club, Roundhouse, Chalk Farm, London\n\n22 - ORTF Studios, Buttes Chaumont, Paris, France (Forum Musiques, ORTF French TV)\n\n25 - 69 Club, Royal York Hotel, Isle of Wight\n\n1969 February\n\n12 - Cardiff Inter-college Charities Appeal, Top Rank Suite, Cardiff, Wales\n\n14 - Edward Herbert Building, University of Loughborough, England (Valentine's Ball)\n\n15 - Junior Common Room, Derwent College, York University, England\n\n16 - Younger Hall, St. Andrews University, St. Andrew's, Scotland\n\n17 - The Bay Hotel, Whitburn, Sunderland, England\n\n18 - Main Debating Hall, Manchester University, Manchester, England (Manchester & Salford Students Shrove Rag Ball)\n\n21 - Alhambra Theatre, Bordeaux, France (Le Festival Sigma de Bordeaux)\n\n24 - The Dome, Brighton, Sussex\n\n25 - Marlowe Theater, Canterbury, Kent, England\n\n26 - New Cavendish Ballroom, Edinburgh, Scotland (benefit for Shelter)\n\n27 - The Maryland, Glasgow, Scotland (Glasgow Arts Lab benefit)\n\n28 - Queen Elizabeth College, Kensington, London (Commemoration Ball)\n\n1969 March\n\n1 - University College, Bloomsbury, London, England\n\n3 - Victoria Rooms, Clifton, Bristol\n\n8 - The New Union, Reading University, Reading, Berkshire (Rag Ball)\n\n11 - Lawns Center, Cottingham, Yorkshire, England\n\n14 - The Van Dike Club, Devonport, Plymouth, England\n\n15 - Kee Club, Glamorgan, Glamorganshire, England\n\n19 - The Refectory, University College, Swansea, England\n\n21 - Empress Ballroom, Winter Gardens, Blackpool, England (The Art Ball)\n\n22 - Refectory Hall, University Union, Leeds University, England (Easter Endsville)\n\n24 - The Dome, Brighton, England (benefit for the Brighton Combination)\n\n27 - St. James Hall, Chesterfield, Derbyshire, England\n\n1969 April\n\n12 - Leas Cliff Hall, Folkestone, Kent, England\n\n14 - Royal Festival Hall, London, England (More Furious Madness From the Massed Gadgets of Auximenes)\n\n26 - Technical College, Bromley, Kent, England\n\n27 - Mother's Club, Birmingham, England ( Ummagumma recording date)\n\n1969 May\n\n2 - College of Commerce, Manchester( Ummagumma recording date)\n\n3 - Queen Mary College, Mile End, London\n\n9 - Parliment Hill Fields, Hampstead, London (Camden Free Festival) and Southampton University, Hampshire\n\n10 - Notts County Football Ground, Nottingham (Notts County Rock Festival)\n\n12 - Paris Cinema, Lower Regent Street, London (BBC Night Ride recording date)\n\nThe Man / The Journey tour\n\n15 - Locarno Ballroom, Coventry, Warwickshire, England\n\n16 - Town Hall, Leeds, Yorkshire, England\n\n17 - Lanchester College, Coventry, Leicestershire, England\n\n24 - City Hall, Sheffield, Yorkshire, England\n\n25 - Roundhouse, Chalk Farm, London, England (Fairport Convention benefit)\n\n29 - Fusion, HTV Studios, Bristol, England (broadcast date)\n\n30 - Fairfield Hall, Croydon, Surrey, England\n\n31 - Main Marquee, Pembroke College, Oxford, England 1969 June\n\n8 - Rex Ballroom, Cambridge, England\n\n10 - Ulster Hall, Belfast, Ireland\n\n14 - Colston Hall, Bristol, Somerset, England\n\n15 - Guildhall, Portsmouth, Hampshire, England\n\n16 - The Dome, Brighton, Sussex, England\n\n20 - The Town Hall, Birmingham, Warwickshire, England\n\n21 - Royal Philharmonic, Liverpool, Lancashire, England\n\n22 - Free Trade Hall, Manchester, Lancashire, England\n\n24 - Main Marquee, Queens College, Oxford, England\n\n26 - Royal Albert Hall, Kensington, London, England\n\n28 - Winter Gardens Pavillion, Weston-Super-Mare, Somerset, England\n\n30 - Top Rank Suite, Cardiff, Glamorgan, England\n\n1969 July\n\n4 - Selby, Yorkshire, England (Selby Arts Festival)\n\n20 - Studio 5, BBC Television Centre, Wood Lane, London, England (BBC TV Omnibus recording session & broadcast)\n\n22 - SDR TV Villa Berg Studios, Stuttgart, West Germany (P-1 TV recording date)\n\n24 - Netherland 1 TV Studios, Zaandam, Netherlands\n\n25 - Netherland 1 TV Studios, Zaandam, Netherlands\n\n1969 August\n\n1 - Van Dike Club, Exmouth Road, Plymouth, England\n\n8 - Plumpton Racecourse, Sussex (9th National Jazz & Blues Festival)\n\n9 - Paradiso, Amsterdam, Netherlands\n\n1969 September\n\n13 - Rainsbrook, Ashlawn Road, Rugby, Warwickshire (Rugby Rag's Blues Festival)\n\n17 - Concertgebouw, Amsterdam, Netherlands (Radio Hilversum recording date)\n\n19 - Grote Zaal, De Dolen, Rotterdam, Netherlands\n\n20 - De Jong, Groningen, Netherlands (two shows)\n\n21 - Het Kolpinghuis, Nijmegen, Netherlands\n\n24 - Stadsgehoorzaal, Leiden, Netherlands\n\n25 - Staargebouw, Maastricht, Netherlands\n\n26 - Theater 140, Brussels, Belgium\n\n27 - Theater 140, Brussels, Belgium\n\n28 - Theater 140, Brussels, Belgium\n\n1969 October\n\n3 - Debating Hall, Birmingham University, Edgbaston, Warwickshire\n\n4 - New Union, Reading University, Berkshire\n\n10 - University of Loughborough, Leicestershire\n\n11 - Gruga Halle, Essen, West Germany (Internationales Essener Pop & Blues Festival)\n\n18 - University College, London\n\n24 - Locarno Ballroom, Sunderland\n\n25 - Mont de L'Enclus, Amougies, Belgium (Festival \"Actuel\")\n\n1969 November\n\n1 - Main Debating Hall, Manchester University, Lancashire\n\n7 - Main Hall, Waltham Forest Technical College, London\n\n8 - Refectory Hall, Leeds University, Yorkshire\n\n26 - Queensway Hall, Civic Center, Dunstable\n\n27 - Mountford Hall, Liverpool University\n\n28 - Refectory Hall, Brunel University, Uxbridge, Middlesex\n\n30 - The Lyceum, London\n\n1969 December\n\n6 - AFAN Lido Indoor Sports Centre, Port Talbot, South Wales (AFAN Festival of Progressive Rock)\n\n[back to index]\n\n1970\n\nJanuary\n\n10 - The Ballroom, University of Nottingham, Beeston, England\n\n17 - Lawns Center, Cottingham, Yorkshire, England\n\n18 - Fairfield Hall, Croydon, Surrey, England\n\n19 - The Dome, Brighton, Sussex, England\n\n23 - Theater Comedie des Champs Elysees, Paris, France (French radio broadcast)\n\n24 - Theater Comedie des Champs Elysees, Paris, France\n\n1970 February\n\n2 - Palais des Sports, Lyon, France\n\n5 - Sophia Gardens, Cardiff, Wales, England (Cardiff Art Center benefit)\n\n6 - Free Trade Hall, Manchester, England\n\n7 - Royal Albert Hall, Kensington, London, England\n\n8 - Opera House, Manchester, Lancashire, England\n\n11 - The Town Hall, Birmingham, England\n\n12 - The City Hall, Sheffield, England\n\n14 - The King's Hall, Stoke-On-Trent, Staffordshire, England\n\n15 - The Empire Theater, Liverpool, England\n\n17 - City Hall, Newcastle, England\n\n23 - McEwan Hall, University of Edinburgh, Lothian, Scotland\n\n28 - Refectory Hall, Leeds University, Yorkshire, England\n\n1970 March\n\n5 - Studio B, BBC TV Centre, England (Line Up recording date- broadcast March 13, 1970)\n\n6 - Great Hall, Imperial College, London, England\n\n7 - Colston Hall, Bristol, England (University of Bristol Arts Festival)\n\n8 - Mother's, Birmingham, Warwickshire, England\n\n9 - City Hall, Sheffield, Yorkshire, England\n\n11 - Stadthalle, Offenbach, West Germany\n\n12 - Auditorium Maximum, Hamburg University, West Germany\n\n13 - Audimax der Technische University, West Berlin, West Germany (two shows)\n\n14 - Meistersinger Halle, Nuremberg, West Germany\n\n15 - Niedersachsenhalle, Hannover, West Germany\n\n19 - Konserthuset, Stockholm, Sweden\n\n20 - Akademiska Foreningens Stora Sal, Lund, Sweden\n\n21 - Tivolis Koncertsal, Copenhagen, Denmark\n\n30 - Hall des Expositions, Bourget, France (Music Evolution 70 Festival)\n\n1970 April Third tour of the United States\n\n9 - Fillmore East, New York City, New York\n\n10 - Aragon Ballroom, Chicago, Illinois\n\n11 - Gymnasium, State University of New York, Stony Brook, New York\n\n12 - The Tea Party, Boston, Massachusetts\n\n16 - Fillmore East, New York City, New York\n\n17 - The Electric Factory, Philadelphia, Pennsylvania\n\n18 - The Electric Factory, Philadelphia, Pennsylvania\n\n22 - Capitol Theater, Port Chester, New York\n\n24 - Easttown Theater, Detroit, Michigan\n\n25 - Easttown Theater, Detroit, Michigan\n\n29 - Fillmore West, San Francisco, California\n\n30 - KQED TV recording, Fillmore Auditorium, San Francisco, California (originally recorded for \"The 10 O'clock Mix,\" later reedited for broadcast as \"An Hour with Pink Floyd\")\n\n1970 May\n\n1 - Civic Auditorium, Santa Monica, California\n\n6 - Royce Hall, University of California, Los Angeles, California\n\n9 - Blue Mountain Eagle, Terrace Ballroom, Salt Lake City, Utah\n\n12 - Municipal Auditorium, Atlanta, Georgia\n\n15 - The Warehouse, New Orleans, Louisiana\n\n16 - The Warehouse, New Orleans, Louisiana\n\n[Note: All subsequent concerts on this U.S. tour were cancelled due to equipment theft in New Orleans.]\n\n1970 June\n\n27 - Bath Showground, Shepton Mallet, Somerset, England (Bath Festival of Blues and Progressive Music 70)\n\n28 - Kralingse Bos, Rotterdam, Netherlands (Holland Pop Festival 70)\n\n1970 July\n\n12 - Soerser Stadium, Aachen, West Germany (Soersfestival 3-day open air festival)\n\n16 - Paris Theater, Regent Street, London, England (BBC recording date)\n\n18 - Hyde Park, London, England (Blackhill's Garden Party - Hyde Park free concert)\n\n22 - University of Essex, Colchester, England\n\n26 - Antibes, Juan les Pins, France (International Jazz Festival)\n\n1970 August\n\n8 - Les Caves du Roy, St. Tropez, France (Festival de St. Tropez)\n\n12 - Fete de Saint Raphael, Les Arenas, St. Raphael, France (Pop Festival Saint Raphael)\n\n31 - Canterbury, England (Caravan Festival)\n\n1970 The Atom Heart Mother World Tour\n\nSeptember\n\n12 - Fete de L'Humanite, Bois de Vincennes, Paris, France\n\nFourth tour of the United States\n\n26 - The Electric Factory, Philadelphia, Pennsylvania\n\n27 - Fillmore East, New York City, New York (two shows)\n\n1970 October\n\n1 - Memorial Coliseum, Portland, Oregon\n\n2 - Moore Theater, Seattle, Washington\n\n3 - Moore Theater, Seattle, Washington\n\n6 - Central Washington University, Ellensburg, Washington\n\n7 - Vancouver Gardens, Vancouver, B.C., Canada\n\n8 - Jubilee Auditorium, Calgary, Alberta, Canada\n\n9 - Sales Pavilion Annex, Edmonton, Alberta, Canada\n\n10 - Centennial Auditorium, Saskatoon, Saskatchewan, Canada\n\n11 - Centre of the Arts, Regina, Saskatchewan, Canada\n\n13 - Centennial Concert Hall, Winnipeg, Manitoba, Canada\n\n15 - Terrace Ballroom, Salt Lake City, Utah\n\n16 - Pepperland Auditorium, San Rafael, California\n\n17 - Pepperland Auditorium, San Rafael, California\n\n18 - Intercollegiate Baseball Facility, University of California, San Diego, California\n\n21 - Fillmore West, San Francisco, California\n\n23 - Civic Center, Santa Monica, California\n\n25 - The Tea Party, Boston, Massachusetts\n\n1970 November\n\n6 - Concertgebouw, Amsterdam, Netherlands\n\n7 - Grote Zaal, De Doelen, Rotterdam, Netherlands\n\n11 - Konserthuset, Gothenburg, Sweden\n\n12 - Falkoner Centret, Copenhagen, Denmark (two shows)\n\n13 - Vejlby-Risskov Hallen, Arhus, Denmark\n\n14 - Ernst-Merck Halle, Hamburg, West Germany\n\n21 - Altes Casino, Montreux, Switzerland\n\n22 - Altes Casino, Montreux, Switzerland\n\n25 - Friedrich Ebert Halle, Ludwigshafen, West Germany\n\n26 - Killesberghalle, Stuttgart, West Germany\n\n27 - Niedersachsenhalle, Hannover, West Germany\n\n28 - Saarlandhalle, Saarbrucken, West Germany\n\n29 - Circus Crone, Munich, West Germany\n\n1970 December\n\n3 - Audimax, Hamburg, West Germany\n\n4 - ORTF TV Studios, Buttes Chaumont, Paris, France (Show Roland Petite ORTF French TV)\n\n5 - ORTF TV Studios, Buttes Chaumont, Paris, France (Show Roland Petite ORTF French TV)\n\n11 - The Big Apple, Brighton, Sussex, England\n\n12 - The Roundhouse, Dagenham, Essex, England\n\n18 - Town Hall, Birmingham, Warwickshire, England\n\n20 - Colston Hall, Bristol, Somerset, England\n\n21 - Free Trade Hall, Manchester, England\n\n22 - City Hall, Sheffield, Yorkshire, England\n\n[back to index]\n\n1971\n\nJanuary\n\n17 - The Roundhouse, Chalk Farm, London (The Implosion)\n\n23 - Refectory Hall, Leeds University, Yorkshire, England\n\n1971 February\n\n3 - Great Hall, University of Exeter, Devon\n\n12 - Lecture Theater, University of Essex, Colchester\n\n13 - Students Union Bar, Technical College, Farnborough, Hampshire\n\n20 - Student Union, Queen Mary College, Twickenham, London\n\n24 - Munsterlandhalle, Munster, West Germany\n\n25 - Grosser Saal, Musikhalle, Hamburg, West Germany\n\n26 - Stadthalle, Offenbach, West Germany\n\n27 - Festhalle, Frankfurt, West Germany\n\n1971 April\n\n3 - Sportpaleis Ahoy, Rotterdam, Netherlands\n\n12 - Locarno, Sunderland, England\n\n16 - Top Rank Suite, Doncaster, Yorkshire\n\n22 - Norwich Lads Club, Norwich, Norfolk\n\n1971 May\n\n7 - Central Hall, University of Lancaster, Lancaster\n\n15 - Crystal Palace Bowl, London (Garden Party at the Crystal Palace Bowl)\n\n18 - Stirling University, Stirling, Scotland\n\n19 - Caledonian Cinema, Edinburgh, Lothian, Scotland\n\n20 - The Ballroom, University of Strathclyde, Glasgow, Scotland\n\n21 - Trent Polytechnic, Nottingham, Nottinghamshire\n\n1971 June\n\n2 - Student Health Centre & Refectory, Edinburgh University, Scotland\n\n4 - Philips Veranstaltungshalle, Dusseldorf, West Germany\n\n5 - Sportpalast, West Berlin, West Germany\n\n12 - Palais des Sports, Lyon, France\n\n15 - Abbaye de Royaumont, Royaumont, France (Cinq Grand Sur la Deux ORTF French TV)\n\n19 - Palazzo dello Mostra, Brescia, Italy\n\n20 - Palaeur, Rome, Italy\n\n23 - Hatfield Polytechnic, England\n\n26 - Amsterdamse Bos, Amsterdam, Netherlands (Amsterdam Free Concert)\n\n1971 July\n\n1 - Stift Ossiach, Ossiach, Carinthia, Austria (Internationale Musikforum Ossiachersee)\n\n1971 August\n\n6 - 71 Hakone Aphrodite, Seikei Gakuen Jofundai, Hakone, Kanagawa, Japan (71 Hakone Aphrodite Open Air Festival)\n\n7 - 71 Hakone Aphrodite, Seikei Gakuen Jofundai, Hakone, Kanagawa, Japan (71 Hakone Aphrodite Open Air Festival)\n\n9 - Festival Hall, Osaka, Japan\n\n13 - Festival Hall, Melbourne, Australia\n\n15 - S. Leger Stand, Randwick Racecourse, Randwick, Sydney, Australia\n\n1971 September\n\n18 - Pavillion de Montreux, Montreux, Switzerland (Festival de Musique Classique)\n\n19 - Pavillion de Montreux, Montreux, Switzerland (Festival de Musique Classique)\n\n22 - Kungliga Tennishallen, Lindingovagen, Stockholm, Sweden\n\n23 - KB Hallen, Copenhagen, Denmark\n\n28 - Kungliga Tennishallen, Stockholm, Sweden\n\n30 - Paris Theater, London (BBC In Concert recording date)\n\n1971 October\n\n3 - Naples, Italy\n\n4 - Roman Ampitheater, Pompeii, Italy (recording for Live in Pompeii movie)\n\n5 - Roman Ampitheater, Pompeii, Italy (recording for Live in Pompeii movie)\n\n6 - Roman Ampitheater, Pompeii, Italy (recording for Live in Pompeii movie)\n\n7 - Roman Ampitheater, Pompeii, Italy (recording for Live in Pompeii movie)\n\n10 - The Great Hall, Bradford University, Bradford, Yorkshire\n\n11 - Town Hall, Birmingham, Warwickshire\n\nMeddle tour\n\nFifth tour of the United States\n\n15 - Winterland, San Francisco, California\n\n16 - Civic Center, Santa Monica, California\n\n17 - Golden Hall, San Diego, California\n\n19 - National Guard Armory, Eugene, Oregon\n\n21 - Willamette University, Salem, Oregon\n\n22 - Paramount Theater, Seattle, Washington\n\n23 - Vancouver Gardens, Vancouver, B.C., Canada\n\n26 - Ford Auditorium, Detroit, Michigan\n\n27 - Auditorium Theater, Chicago, Illinois\n\n28 - Hill Auditorium, Ann Arbor, Michigan\n\n31 - Fieldhouse, University of Toledo, Ohio\n\n1971 November\n\n2 - McCarter Theater, Princeton University, New Jersey\n\n3 - Central Theater, Passaic, New Jersey\n\n4 - Lowes Theater, Providence, Rhode Island\n\n5 - Assembley Hall, Hunter College, New York City, New York\n\n6 - Emerson Gym, Case Western Reserve University, Cleveland, Ohio\n\n8 - Peace Bridge Center, Buffalo, New York\n\n9 - Centre Sportif, University of Montreal, Montreal, Canada\n\n10 - Pavillion de la Jeunesse, Quebec, Canada\n\n11 - Music Hall, Boston, Massachusetts\n\n12 - Irvine Auditorium, University of Pennsylvania, Philadelphia, Pennsylvania\n\n13 - Chapin Hall, Williams College, Williamstown, Massachusetts\n\n14 - Gymnasium, State University of New York, Stony Brook, Long Island, New York\n\n15 - Carnegie Hall, New York City, New York\n\n16 - Lisner Auditorium, George Washington University, Washington D.C.\n\n19 - Syria Mosque, Pittsburgh, Pennsylvania\n\n20 - Taft Auditorium, Cincinnati, Ohio\n\n[back to index]\n\n1972\n\nJanuary\n\n20 - The Dome, Brighton, Sussex, England (first performance of Dark Side of the Moon)\n\n21 - Guildhall, Portsmouth, Hampshire\n\n22 - Wintergardens, Bournemouth, Hampshire\n\n23 - Guildhall, Southampton, Hampshire\n\n27 - City Hall, Newcastle-Upon-Tyne, Northumberland\n\n28 - City Hall, Leeds, Yorkshire\n\n1972 February\n\n3 - Locarno Ballroom, Coventry, Warwickshire (Lanchester Polytechnic Arts Festival)\n\n5 - Colston Hall, Bristol, Somerset\n\n10 - De Montfort Hall, Leicester, Leicestershire\n\n11 - Free Trade Hall, Manchester, England\n\n12 - City Hall, Sheffield, Yorkshire\n\n13 - The Empire Theater, Liverpool, Lancashire\n\n17 - Rainbow Theater, Finsbury Park, London (press introduction to Dark Side of the Moon)\n\n18 - Rainbow Theater, Finsbury Park, London\n\n19 - Rainbow Theater, Finsbury Park, London\n\n20 - Rainbow Theater, Finsbury Park, London\n\n1972 March\n\n6 - Taiikukan, Tokyo, Japan\n\n7 - Taiikukan, Tokyo, Japan\n\n8 - Festival Hall, Osaka, Japan\n\n9 - Festival Hall, Osaka, Japan\n\n10 - Taiikukan Hall, Kyoto, Japan\n\n13 - Nakanoshima Sports Center, Sapporo, Hokkaido, Japan\n\n17 - Festival Hall, Melbourne, Australia\n\n18 - Sydney, Australia\n\n29 - Free Trade Hall, Manchester\n\n30 - Free Trade Hall, Manchester\n\n1972 April Sixth tour of the United States\n\n14 - Fort Homer Hesterly Armory, Tampa, Florida\n\n15 - Sportatorium, Hollywood, Florida\n\n16 - Township Auditorium, Columbia, South Carolina\n\n18 - Symphony Hall, Memorial Arts Center, Atlanta, Georgia\n\n20 - The Syria Mosque Theater, Pittsburgh, Pennsylvania\n\n21 - Lyric Theater, Baltimore, Maryland\n\n22 - Civic Theater, Akron, Ohio\n\n23 - Music Hall, Cincinnati, Ohio\n\n24 - Sports Arena, Toledo, Ohio\n\n25 - Allen Theater, Cleveland, Ohio\n\n26 - Ford Auditorium, Detroit, Michigan\n\n27 - Ford Auditorium, Detroit, Michigan\n\n28 - The Auditorium Theater, Chicago, Illinois\n\n29 - The Spectrum, Philadelphia, Pennsylvania\n\n1972 May\n\n1 - Carnegie Hall, New York City, New York\n\n2 - Carnegie Hall, New York City, New York\n\n3 - Concert Hall, Kennedy Center, Washington D.C.\n\n4 - The Music Hall, Boston, Massachusetts\n\n18 - Deutschlandhalle, West Berlin, West Germany\n\n20 - Stuttgart, West Germany\n\n21 - Insel Grun, Germersheim, West Germany (2nd British Rock Meeting Open Air Fesitval)\n\n22 - Olympic Stadium, Amsterdam, Netherlands (The Amsterdam Rock Circus 1972) 1972 June\n\n28 - The Dome, Brighton, Sussex, England\n\n29 - The Dome, Brighton, Sussex, England\n\n1972 September Seventh tour of the United States\n\n8 - Municipal Auditorium, Austin, Texas\n\n9 - Music Hall, Houston, Texas\n\n10 - McFarlin Auditorium, Southern Methodist University, Dallas, Texas\n\n11 - Memorial Hall, Kansas City, Kansas\n\n12 - Civic Center, Oklahoma City, Oklahoma\n\n13 - Henry Arena, Wichita, Kansas\n\n15 - Community Center, Tuscon, Arizona\n\n16 - Golden Hall, San Diego, California\n\n17 - Big Surf, Tempe, Arizona\n\n19 - Fieldhouse, University of Denver, Denver, Colorado\n\n22 - The Hollywood Bowl, Los Angeles, California\n\n23 - Winterland Auditorium, San Francisco, California\n\n24 - Winterland Auditorium, San Francisco, California\n\n27 - Vancouver Gardens, Vancouver, B.C., Canada\n\n28 - Memorial Coliseum, Portland, Oregon\n\n29 - HEC Edmundson Pavilion, University of Washington, Seattle, Washington\n\n30 - Vancouver Gardens, Vancouver, B.C., Canada\n\n1972 October\n\n20 - Wembley Empire Pool, London, England (benefit for War on Want)\n\n21 - Wembley Empire Pool, London, England (benefit for War on Want)\n\n22 - Wembley Empire Pool, London, England (benefit for War on Want)\n\n1972 November\n\n10 - KB Hallen, Copenhagen, Denmark\n\n11 - KB Hallen, Copenhagen, Denmark\n\n12 - Ernst Merck Halle, Hamburg, West Germany\n\n14 - Philips Veranstaltungshalle, Dusseldorf, West Germany\n\n15 - Sporthalle, Boblingen, West Germany\n\n16 - Festhalle, Frankfurt, West Germany\n\n17 - Festhalle, Frankfurt, West Germany\n\n22 - Salle Vallier, Marseille, France (Roland Petit ballet)\n\n23 - Salle Vallier, Marseille, France (Roland Petit ballet)\n\n24 - Salle Vallier, Marseille, France (Roland Petit ballet)\n\n25 - Salle Vallier, Marseille, France (Roland Petit ballet)\n\n26 - Salle Vallier, Marseille, France (Roland Petit ballet)\n\n28 - Palais des Sports, Toulouse, France\n\n29 - Les Arenas, Parc des Expositions, Poitiers, France\n\n1972 December\n\n1 - Centre Sportif ile des Vannes, Saint Ouen, France (RTL radio broadcast)\n\n2 - Centre Sportif ile des Vannes, Saint Ouen, France\n\n3 - Palais des Sports, Caen, France\n\n4 - Sport Paleis Vorst National, Brussels, Belgium\n\n5 - Sport Paleis Vorst National, Brussels, Belgium\n\n6 - Strasbourg, France\n\n7 - Palais des Sports, Lille, France\n\n8 - Parc des Expositions, Nancy, France\n\n9 - Hallenstadion, Zurich, Switzerland\n\n10 - Palais des Sports, Lyon, France\n\n[back to index]\n\n1973\n\nJanuary\n\n13 - Palais des Sports de la Porte de Versailles, Paris France (Roland Petit Ballet) (two shows)\n\n14 - Palais des Sports de la Porte de Versailles, Paris France (Roland Petit Ballet) (two shows)\n\nFebruary\n\n3 - Palais des Sports de la Porte de Versailles, Paris France (Roland Petit Ballet) (two shows)\n\n4 - Palais des Sports de la Porte de Versailles, Paris France (Roland Petit Ballet) (two shows)\n\nThe Dark Side of the Moon\n\nPink Floyd\n\n(David Gilmour, Nick Mason, Roger Waters & Richard Wright)\n\nwith Dick Parry and Black Grass (Nawasa Crowder, Mary Ann Lindsey & Phyllis Lindsey)\n\nMarch\n\n4 - Dane County Memorial Coliseum, Madison, Wisconsin\n\n5 - Cobo Hall, Detroit, Michigan\n\n6 - Kiel Auditorium, St. Louis, Missouri\n\n7 - The Ampitheater, Chicago, Illinois\n\n8 - The Fieldhouse, University of Cincinnati, Cincinnati, Ohio\n\n10 - Gymnasium, Kent State University, Ohio\n\n11 - Maple Leaf Gardens, Toronto, Ontario, Canada\n\n12 - The Forum, Montreal, Quebec, Canada\n\n14 - Music Hall, Boston, Massachusetts\n\n15 - The Spectrum, Philadelphia, Pennsylvania\n\n17 - Radio City Music Hall, New York City, New York\n\n18 - The Palace Theater, Waterbury, Connecticut\n\n19 - The Civic Center, Providence, Rhode Island\n\n22 - The Coliseum, Hampton, Virginia\n\n23 - Park Center, Charlotte, North Carolina\n\n24 - Municipal Auditorium, Atlanta, Georgia\n\n25 - The Bayfront Center, St. Petersburg, Florida (cancelled)\n\nPink Floyd\n\n(David Gilmour, Nick Mason, Roger Waters & Richard Wright)\n\nwith Dick Parry and Black Grass (Nawasa Crowder, Mary Ann Lindsey & Phyllis Lindsey) May\n\n18 - Earls Court Exhibition Hall, London, England (SHELTER-National Campaign for the Homeless benefit)\n\n19 - Earls Court Exhibition Hall, London, England (SHELTER-National Campaign for the Homeless benefit)\n\nPink Floyd\n\n(David Gilmour, Nick Mason, Roger Waters & Richard Wright)\n\nwith Dick Parry and Black Grass (Mary Ann Lindsey & Phyllis Lindsey) June\n\n16 - Roosevelt Stadium, Jersey City, New Jersey\n\n17 - Performing Arts Center, Saratoga, New York\n\n19 - Civic Center Arena, Pittsburgh, Pennsylvania\n\n20 - Merriweather Post Pavillion, Columbia, Maryland\n\n21 - Merriweather Post Pavillion, Columbia, Maryland\n\n22 - Memorial Auditorium, Buffalo, New York\n\n23 - Olympia Stadium, Detroit, Michigan\n\n24 - Blossom Music Center, Cuyahoga Falls, Ohio\n\n25 - Convention Center, Louisville, Kentucky\n\n26 - Lake Spivey Park, Jonesboro, Georgia (cancelled)\n\n27 - Veterans Memorial Coliseum, Jacksonville, Florida\n\n28 - The Sportatorium, Hollywood, Florida\n\n29 - Tampa Stadium, Tampa, Florida\n\nPink Floyd\n\n(David Gilmour, Nick Mason, Roger Waters & Richard Wright)\n\nwith Dick Parry and the Blackberries (Billy Barnum, Venetta Fields & Clydie King) October\n\n12 - Olympiahalle, Munich, West Germany\n\n13 - Stadthalle, Vienna, Austria\n\nPink Floyd\n\n(David Gilmour, Nick Mason, Roger Waters & Richard Wright)\n\nwith Dick Parry, Vicki Brown, Liza Strike, and Clare Torry November\n\n4 - Rainbow Theater, Finsbury Park, London, England (two shows) (Robert Wyatt benefit concerts)\n\n[back to index]\n\n1974\n\nPink Floyd\n\n(David Gilmour, Nick Mason, Roger Waters & Richard Wright)\n\nwith Dick Parry and the Blackberries (Venetta Fields & Carlena Williams)\n\nJune\n\n18 - Palais des Exposition, Toulouse, France\n\n19 - The Arena, Poitiers, France\n\n21 - Palais des Expositions, Dijon, France\n\n22 - Parc des Expositions, Colmar, France\n\n24 - Palais des Sports de la Porte de Versailles, Paris, France\n\n25 - Palais des Sports de la Porte de Versailles, Paris, France\n\n26 - Palais des Sports de la Porte de Versailles, Paris, France\n\nBritish Winter Tour 1974\n\nPink Floyd\n\n(David Gilmour, Nick Mason, Roger Waters & Richard Wright)\n\nwith Dick Parry and the Blackberries (Venetta Fields & Carlena Williams)\n\nNovember\n\n4 - Usher Hall, Edinburgh, Lothian, Scotland\n\n5 - Usher Hall, Edinburgh, Lothian, Scotland\n\n8 - The Odeon, Newcastle-upon-Tyne, Tyne and Wear, England\n\n9 - The Odeon, Newcastle-upon-Tyne, Tyne and Wear, England\n\n14 - Empire Pool, Wembley, London, England\n\n15 - Empire Pool, Wembley, London, England\n\n16 - Empire Pool, Wembley, London, England (BBC recording date)\n\n17 - Empire Pool, Wembley, London, England\n\n19 - Trentham Gardens, Stoke-on-Trent, Staffordshire, England\n\n22 - Sophia Gardens, Cardiff, Wales\n\n28 - Empire Theater, Liverpool Merseyside, Lancashire, England\n\n29 - Empire Theater, Liverpool Merseyside, Lancashire, England\n\n30 - Empire Theater, Liverpool Merseyside, Lancashire, England\n\n1974 December\n\n3 - The Hippodrome, Birmingham, West Midlands, England\n\n4 - The Hippodrome, Birmingham, West Midlands, England\n\n5 - The Hippodrome, Birmingham, West Midlands, England\n\n9 - The Palace Theater, Manchester, England\n\n10 - The Palace Theater, Manchester, England\n\n13 - The Hippodrome, Bristol, Avon, England\n\n14 - The Hippodrome, Bristol, Avon, England\n\n[back to index]\n\n1975\n\n1975 North American Tour\n\nApril\n\n8 - Pacific National Exhibition Park, Vancouver, B.C., Canada\n\n10 - Seattle Center Coliseum, Seattle, Washington\n\n12 - The Cow Palace, Daly City, California\n\n13 - The Cow Palace, Daly City, California\n\n17 - The Coliseum, Denver, Colorado\n\n19 - The Community Center, Tuscon, Arizona\n\n20 - Activity Center, Arizona State University, Tempe, Arizona\n\n21 - Sports Arena, San Diego, California\n\n23 - Sports Arena, Los Angeles, California\n\n24 - Sports Arena, Los Angeles, California\n\n25 - Sports Arena, Los Angeles, California\n\n26 - Sports Arena, Los Angeles, California\n\n27 - Sports Arena, Los Angeles, California\n\n1975 June\n\n7 - Atlanta Stadium, Atlanta, Georgia\n\n9 - Capitol Center, Landover, Maryland\n\n10 - Capitol Center, Landover, Maryland\n\n12 - The Spectrum, Philadelphia, Pennsylvania\n\n13 - The Spectrum, Philadelphia, Pennsylvania\n\n15 - Roosevelt Stadium, Jersey City, New Jersey\n\n16 - Nassau Coliseum, Uniondale, Long Island, New York\n\n17 - Nassau Coliseum, Uniondale, Long Island, New York\n\n18 - Boston Gardens, Boston, Massachusetts\n\n20 - Three Rivers Stadium, Pittsburgh, Pennsylvania\n\n22 - County Stadium, Milwaukee, Wisconsin\n\n23 - Olympia Stadium, Detroit, Michigan\n\n24 - Olympia Stadium, Detroit, Michigan\n\n26 - Autostade, Montreal, Quebec, Canada\n\n28 - Ivor Wynne Stadium, Hamilton, Ontario, Canada\n\n1975 July\n\n5 - Knebworth Park, Knebworth, Hertfordshire, England (Knebworth Festival)\n\n[back to index]\n\n1977\n\nAnimals\n\n\"In the Flesh\"\n\nPink Floyd\n\n(David Gilmour, Nick Mason, Roger Waters & Richard Wright\n\nwith Dick Parry and Snowy White)\n\nJanuary\n\n23 - Westfalenhalle, Dortmund, West Germany [1]*\n\n24 - Westfalenhalle, Dortmund, West Germany [2]\n\n26 - Festhalle, Frankfurt, West Germany\n\n27 - Festhalle, Frankfurt, West Germany [-]\n\n29 - Deutschlandhalle, West Berlin, West Germany [5]\n\n30 - Deutschlandhalle, West Berlin, West Germany [-]\n\n1977 February\n\n1 - Stadthalle, Vienna, Austria [6]\n\n3 - Hallenstadion, Zurich, Switzerland [8]\n\n4 - Hallenstadion, Zurich, Switzerland [-]\n\n17 - Oude Ahoy Hallen, Rotterdam, Netherlands\n\n18 - Oude Ahoy Hallen, Rotterdam, Netherlands [11]\n\n19 - Oude Ahoy Hallen, Rotterdam, Netherlands [12]\n\n20 - Sportpaleis, Antwerp, Belgium\n\n22 - Pavillon de Paris, Paris, France\n\n23 - Pavillon de Paris, Paris, France [14]\n\n24 - Pavillon de Paris, Paris, France [15]\n\n25 - Pavillon de Paris, Paris, France [6-1]\n\n27 - Olympiahalle, Munich, West Germany [17]\n\n28 - Olympiahalle, Munich, West Germany [18]\n\n1977 March\n\n1 - Olympiahalle, Munich, West Germany\n\n15 - Empire Pool, Wembley, London, England [21]\n\n16 - Empire Pool, Wembley, London, England [-]\n\n17 - Empire Pool, Wembley, London, England [22]\n\n18 - Empire Pool, Wembley, London, England [23]\n\n19 - Empire Pool, Wembley, London, England [24]\n\n28 - New Bingley Hall, Stafford, England\n\n29 - New Bingley Hall, Stafford, England\n\n30 - New Bingley Hall, Stafford, England [27]\n\n31 - New Bingley Hall, Stafford, England [28]\n\n1977 April\n\n22 - Baseball Stadium, Miami, Florida [30]\n\n24 - Tampa Stadium, Tampa, Florida [31]\n\n26 - The Omni, Atlanta, Georgia\n\n28 - Assembly Center, Louisiana State University, Baton Rouge, Louisiana [33]\n\n30 - Jeppesen Stadium, Houston, Texas [35]\n\n1977 May\n\n1 - Tarrant County Convention Center, Forth Worth, Texas [34]\n\n4 - The Coliseum, Phoenix, Arizona\n\n6 - Anaheim Stadium, Anaheim, California\n\n7 - Anaheim Stadium, Anaheim, California\n\n9 - Alameda Coliseum, Oakland, California [-]\n\n10 - Alameda Coliseum, Oakland, California [-]\n\n12 - Memorial Coliseum, Portland, Oregon\n\n1977 June\n\n15 - County Stadium, Milwaukee, Wisconsin\n\n17 - Freedom Hall, Louisville, Kentucky\n\n19 - Soldier Field, Chicago, Illinois\n\n21 - Kemper Arena, Kansas City, Missouri\n\n23 - Riverfront Coliseum, Cincinnati, Ohio\n\n25 - Municipal Stadium, Cleveland, Ohio [46]\n\n27 - Boston Gardens, Boston, Massachusetts [48]\n\n28 - The Spectrum, Philadelphia, Pennsylvania\n\n29 - The Spectrum, Philadelphia, Pennsylvania\n\n1977 July\n\n1 - Madison Square Garden, New York City, New York [-]\n\n2 - Madison Square Garden, New York City, New York\n\n3 - Madison Square Garden, New York City, New York [53]\n\n4 - Madison Square Garden, New York City, New York [54]\n\n6 - Olympic Stadium, Montreal, Quebec, Canada [1961]\n\n* numbers in brackets following the venue indicate the number Roger Waters yelled during Pigs (Three Different Ones), as taken from existing live recordings. A [-] indicates no number can be heard.\n\n[back to index]\n\n1980\n\nThe Wall\n\nPink Floyd\n\n(David Gilmour, Nick Mason, Roger Waters & Richard Wright\n\nwith Andy Bown, Snowy White, Willie Wilson, Peter Wood, Joe Chemay, Stan Farber, Jim Haas and Jon Joyce)\n\nFebruary\n\n7 - The Sports Arena, Los Angeles, California\n\n8 - The Sports Arena, Los Angeles, California\n\n9 - The Sports Arena, Los Angeles, California\n\n10 - The Sports Arena, Los Angeles, California\n\n11 - The Sports Arena, Los Angeles, California\n\n12 - The Sports Arena, Los Angeles, California\n\n13 - The Sports Arena, Los Angeles, California\n\n24 - Nassau Coliseum, Uniondale, Long Island, New York\n\n25 - Nassau Coliseum, Uniondale, Long Island, New York\n\n26 - Nassau Coliseum, Uniondale, Long Island, New York\n\n27 - Nassau Coliseum, Uniondale, Long Island, New York\n\n28 - Nassau Coliseum, Uniondale, Long Island, New York\n\n1980 August\n\n4 - Earls Court Exhibition Hall, London, England\n\n5 - Earls Court Exhibition Hall, London, England\n\n6 - Earls Court Exhibition Hall, London, England\n\n7 - Earls Court Exhibition Hall, London, England\n\n8 - Earls Court Exhibition Hall, London, England\n\n9 - Earls Court Exhibition Hall, London, England\n\n[back to index]\n\n1981\n\nThe Wall\n\nPink Floyd\n\n(David Gilmour, Nick Mason, Roger Waters & Richard Wright\n\nwith Andy Bown, Andy Roberts, Willie Wilson, Peter Wood, Joe Chemay, Stan Farber, Jim Haas and Jon Joyce)\n\nFebruary\n\n13 - Westfalenhalle, Dortmund, West Germany\n\n14 - Westfalenhalle, Dortmund, West Germany\n\n15 - Westfalenhalle, Dortmund, West Germany\n\n16 - Westfalenhalle, Dortmund, West Germany\n\n17 - Westfalenhalle, Dortmund, West Germany\n\n18 - Westfalenhalle, Dortmund, West Germany\n\n19 - Westfalenhalle, Dortmund, West Germany\n\n20 - Westfalenhalle, Dortmund, West Germany\n\n1981 June\n\n13 - Earls Court Exhibition Hall, London, England\n\n14 - Earls Court Exhibition Hall, London, England\n\n15 - Earls Court Exhibition Hall, London, England\n\n16 - Earls Court Exhibition Hall, London, England\n\n17 - Earls Court Exhibition Hall, London, England\n\n[back to index]\n\n1987\n\nA Momentary Lapse of Reason\n\nPink Floyd\n\n(David Gilmour, Nick Mason & Richard Wright\n\nwith Jon Carin, Scott Page, Guy Pratt, Tim Renwick, Gary Wallis, Rachel Fury and Margaret Taylor)\n\nSeptember\n\n9 - Lansdowne Park, Ottawa, Ontario, Canada\n\n12 - The Forum, Montreal, Quebec, Canada\n\n13 - The Forum, Montreal, Quebec, Canada\n\n14 - The Forum, Montreal, Quebec, Canada\n\n16 - Municipal Stadium, Cleveland, Ohio\n\n17 - Municipal Stadium, Cleveland, Ohio\n\n19 - JFK Stadium, Philadelphia, Pennsylvania\n\n21 - CNE Stadium, Toronto, Ontario, Canada\n\n22 - CNE Stadium, Toronto, Ontario, Canada\n\n23 - CNE Stadium, Toronto, Ontario, Canada\n\n25 - Rosemont Horizon, Rosemont, Illinois\n\n26 - Rosemont Horizon, Rosemont, Illinois\n\n27 - Rosemont Horizon, Rosemont, Illinois\n\n28 - Rosemont Horizon, Rosemont, Illinois\n\n30 - County Stadium, Milwaukee, Wisconsin\n\n1987 October\n\n3 - The Carrier Dome, Syracuse, New York\n\n5 - Madison Square Garden, New York\n\n6 - Madison Square Garden, New York\n\n7 - Madison Square Garden, New York\n\n10 - Brendan Byrne Arena, East Rutherford, New Jersey\n\n11 - Brendan Byrne Arena, East Rutherford, New Jersey\n\n12 - Brendan Byrne Arena, East Rutherford, New Jersey\n\n14 - The Civic Center, Hartford, Connecticut\n\n15 - The Civic Center, Hartford, Connecticut\n\n16 - The Civic Center, Providence, Rhode Island\n\n17 - The Civic Center, Providence, Rhode Island\n\n19 - Capitol Centre, Landover, Maryland\n\n20 - Capitol Centre, Landover, Maryland\n\n21 - Capitol Centre, Landover, Maryland\n\n22 - Capitol Centre, Landover, Maryland\n\n25 - Dean Smith Center, Chapel Hill, North Carolina\n\n26 - Dean Smith Center, Chapel Hill, North Carolina\n\n30 - Tampa Stadium, Tampa, Florida\n\n1987 November\n\n1 - The Orange Bowl, Miami, Florida\n\nPink Floyd\n\n(David Gilmour, Nick Mason & Richard Wright\n\nwith Jon Carin, Scott Page, Guy Pratt, Tim Renwick, Gary Wallis,\n\nRachel Fury, Margaret Taylor, Durga McBroom, Lorelei McBroom, and Roberta Freeman)\n\n3 - The Omni, Atlanta, Georgia (filmed for promo use)\n\n4 - The Omni, Atlanta, Georgia (filmed for promo use)\n\n5 - The Omni, Atlanta, Georgia (filmed for promo use)\n\nPink Floyd\n\n(David Gilmour, Nick Mason & Richard Wright\n\nwith Jon Carin, Scott Page, Guy Pratt, Tim Renwick, Gary Wallis, Rachel Fury, Durga McBroom and Margaret Taylor)\n\n7 - Rupp Arena, Lexington, Kentucky\n\n8 - Rupp Arena, Lexington, Kentucky\n\n10 - The Silverdome, Pontiac, Michigan\n\n12 - Hoosier Dome, Indianapolis, Indiana\n\n15 - The Arena, St. Louis, Missouri\n\n16 - The Arena, St. Louis, Missouri\n\n18 - Astrodome, Houston, Texas\n\n19 - Frank Erwin Center, Austin, Texas\n\n20 - Frank Erwin Center, Austin, Texas\n\n21 - Reunion Arena, Dallas, Texas\n\n22 - Reunion Arena, Dallas, Texas\n\n23 - Reunion Arena, Dallas, Texas\n\n26 - The Sports Arena, Los Angeles, California\n\n27 - The Sports Arena, Los Angeles, California\n\n28 - The Sports Arena, Los Angeles, California\n\n30 - The Sports Arena, Los Angeles, California\n\n1987 December\n\n1 - The Sports Arena, Los Angeles, California\n\n3 - The Coliseum, Oakland, California\n\n4 - The Coliseum, Oakland, California\n\n5 - The Coliseum, Oakland, California\n\n6 - The Coliseum, Oakland, California\n\n8 - The Kingdome, Seattle, Washington\n\n10 - B.C. Place Stadium, Vancouver, B.C., Canada\n\n[back to index]\n\n1988\n\n\"World Tour\"\n\nJanuary\n\n22 - Western Springs, Auckland, New Zealand\n\n27 - The Entertainment Center, Sydney, Australia\n\n28 - The Entertainment Center, Sydney, Australia\n\n29 - The Entertainment Center, Sydney, Australia\n\n30 - The Entertainment Center, Sydney, Australia\n\n31 - The Entertainment Center, Sydney, Australia\n\n1988 February\n\n1 - The Entertainment Center, Sydney, Australia\n\n2 - The Entertainment Center, Sydney, Australia\n\n3 - The Entertainment Center, Sydney, Australia\n\n4 - The Entertainment Center, Sydney, Australia\n\n5 - The Entertainment Center, Sydney, Australia\n\n7 - BNE Entertainment Centre, Brisbane, Australia\n\n8 - BNE Entertainment Centre, Brisbane, Australia\n\n11 - Thebarton Oval, Adelaide, Australia\n\n13 - Tennis Center, Melbourne, Australia\n\n14 - Tennis Center, Melbourne, Australia\n\n15 - Tennis Center, Melbourne, Australia\n\n16 - Tennis Center, Melbourne, Australia\n\n17 - Tennis Center, Melbourne, Australia\n\n18 - Tennis Center, Melbourne, Australia\n\n19 - Tennis Center, Melbourne, Australia\n\n20 - Tennis Center, Melbourne, Australia\n\n24 - East Fremantle Oval, Perth, Australia\n\n1988 March\n\n2 - Budokan Grand Hall, Tokyo, Japan\n\n3 - Budokan Grand Hall, Tokyo, Japan\n\n4 - Yoyogi Olympic Pool, Tokyo, Japan\n\n5 - Yoyogi Olympic Pool, Tokyo, Japan\n\n6 - Yoyogi Olympic Pool, Tokyo, Japan\n\n8 - Joh Hall, Osaka, Japan\n\n9 - Joh Hall, Osaka, Japan\n\n11 - Rainbow Hall, Nagoya, Japan\n\n1988 April\n\n15 - Memorial Coliseum, Los Angeles, California\n\n18 - Mile High Stadium, Denver, Colorado\n\n20 - Hughes Stadium, Sacramento, California\n\n22 - Oakland Coliseum, Oakland, California\n\n23 - Oakland Coliseum, Oakland, California\n\n25 - Municipal Stadium, Phoenix, Arizona\n\n26 - Municipal Stadium, Phoenix, Arizona\n\n28 - Texas Stadium, Irving, Texas\n\n30 - The Citrus Bowl, Orlando, Florida\n\n1988 May\n\n4 - Carter Finley Stadium, Raleigh, North Carolina\n\n6 - Sullivan Stadium, Foxboro, Massachusetts\n\n8 - Sullivan Stadium, Foxboro, Massachusetts\n\n11 - Olympic Stadium, Montreal, Quebec, Canada\n\n13 - CNE Stadium, Toronto, Ontario, Canada\n\n15 - Veterans Stadium, Philadelphia, Pennsylvania\n\n16 - Veterans Stadium, Philadelphia, Pennsylvania\n\n18 - Uni-Dome, Cedar Falls, Iowa\n\n20 - Camp Randall Stadium, Madison, Wisconsin\n\n21 - Rosemont Horizon, Rosemont, Illinois\n\n22 - Rosemont Horizon, Rosemont, Illinois\n\n24 - HHH Metrodome, Minneapolis, Minnesota\n\n26 - Arrowhead Stadium, Kansas City, Missouri\n\n28 - Ohio State University Stadium, Columbus, Ohio\n\n30 - Three Rivers Stadium, Pittsburgh, Pennsylvania\n\n1988 June\n\n1 - RFK Stadium, Washington D.C.\n\n3 - Giants Stadium, East Rutherford, New Jersey\n\n4 - Giants Stadium, East Rutherford, New Jersey\n\n10 - Stade de la Beaujoire, Nantes, France\n\n13 - Stadion Feyenoord, Rotterdam, Netherlands\n\n14 - Stadion Feyenoord, Rotterdam, Netherlands\n\n16 - Reichstagsgelande, West Berlin, West Germany\n\n18 - Maimarktgelände, Mannheim, West Germany\n\n21 - Place d'Armes du Chateau de Versailles, Versailles, France (filmed for Delicate Sound of Thunder)\n\n22 - Place d'Armes du Chateau de Versailles, Versailles, France (filmed for Delicate Sound of Thunder)\n\n25 - Niedersachsenstadion, Hannover, West Germany\n\n27 - Westfalenhalle, Dortmund, West Germany\n\n28 - Westfalenhalle, Dortmund, West Germany\n\n29 - Westfalenhalle, Dortmund, West Germany\n\n1988 July\n\n1 - Praterstadion, Vienna, Austria (with an extra guitarist during One Slip and Run Like Hell)\n\n3 - Olympiastadion, Munich, West Germany\n\n6 - Stadio Comunale, Torino, Italy\n\n8 - Stadio Comunale A. Braglia, Modena, Italy\n\n9 - Stadio Comunale A. Braglia, Modena, Italy\n\n11 - Stadio Flaminio, Rome, Italy\n\n12 - Stadio Flaminio, Rome, Italy\n\n15 - Stade Municipal Charles-Berty, Grenoble, France\n\n17 - Stade de L'Ouest, Nice, France\n\n20 - Estadio Sarria Espanol FC, Barcelona, Spain\n\n22 - Estadio Vincente Calderon, Madrid, Spain\n\n24 - Espace Richter, Montpellier, France\n\n26 - Fussballstadion, St. Jakob, Basel, Switzerland\n\n28 - Stadium du Nord, Villeneuve d'Ascq, Lille, France\n\n31 - Gentofte Stadium, Copenhagen, Denmark\n\n1988 August\n\n2 - Valle Hovin Stadion, Oslo, Norway\n\n5 - Wembley Stadium, Middlesex, England\n\n6 - Wembley Stadium, Middlesex, England\n\n8 - Manchester City Football Ground, Maine Road, Moss Side, Manchester\n\n12 - Richfield Coliseum, Cleveland, Ohio\n\n13 - Richfield Coliseum, Cleveland, Ohio\n\n14 - Richfield Coliseum, Cleveland, Ohio\n\n16 - The Palace, Auburn Hills, Michigan\n\n17 - The Palace, Auburn Hills, Michigan\n\n19 - Nassau Coliseum, Long Island, New York (filmed for Delicate Sound of Thunder)\n\n20 - Nassau Coliseum, Long Island, New York (filmed for Delicate Sound of Thunder)\n\n21 - Nassau Coliseum, Long Island, New York (filmed for Delicate Sound of Thunder)\n\n22 - Nassau Coliseum, Long Island, New York (filmed for Delicate Sound of Thunder)\n\n23 - Nassau Coliseum, Long Island, New York (filmed for Delicate Sound of Thunder)\n\n[back to index]\n\n1989\n\n\"Another Lapse\"\n\nPink Floyd\n\n(David Gilmour, Nick Mason & Richard Wright\n\nwith Jon Carin, Scott Page, Guy Pratt, Tim Renwick, Gary Wallis, Rachel Fury, Durga McBroom and Lorelei McBroom)\n\nMay\n\n13 - Festivalweise, Werchter Park, Belgium\n\n16 - The Arena, Verona, Italy\n\n17 - The Arena, Verona, Italy\n\n18 - The Arena, Verona, Italy\n\n20 - Arena Concerti, Autodromo, Monza, Italy\n\n22 - Stadio Comunale Ardenza, Livorno, Italy\n\n23 - Stadio Comunale Ardenza, Livorno, Italy\n\n25 - Stadio Simonetta Lamberti, Cava Dei Tirreni, Italy\n\n26 - Stadio Simonetta Lamberti, Cava Dei Tirreni, Italy\n\n31 - Olympic Stadium, Athens, Greece\n\n1989 June\n\n3 - Olympic Stadium, Moscow, Russia\n\n4 - Olympic Stadium, Moscow, Russia\n\n6 - Olympic Stadium, Moscow, Russia\n\n7 - Olympic Stadium, Moscow, Russia\n\n8 - Olympic Stadium, Moscow, Russia (rescheduled from June 5)\n\n10 - Lahden Suurhalli, Lahti, Finland\n\n12 - Globe Arena, Stockholm, Sweden\n\n13 - Globe Arena, Stockholm, Sweden\n\n14 - Globe Arena, Stockholm, Sweden\n\n16 - Festwiese Im Stadtpark, Hamburg, West Germany\n\n18 - Mungersdorfer Stadion, Cologne, West Germany\n\n20 - Festhalle, Frankfurt, West Germany\n\n21 - Festhalle, Frankfurt, West Germany\n\n23 - Linzer Stadion, Linz, Austria\n\n25 - Neckarstadion, Stuttgart, West Germany\n\n27 - Palais des Sports de Paris Bercy, Paris, France\n\n28 - Palais des Sports de Paris Bercy, Paris, France\n\n29 - Palais des Sports de Paris Bercy, Paris, France\n\n30 - Palais des Sports de Paris Bercy, Paris, France\n\n1989 July\n\n1 - Palais des Sports de Paris Bercy, Paris, France\n\n4 - Docklands Arena, London, England\n\n5 - Docklands Arena, London, England\n\n6 - Docklands Arena, London, England\n\n7 - Docklands Arena, London, England\n\n8 - Docklands Arena, London, England\n\n9 - Docklands Arena, London, England\n\n10 - Goffertpark, Nijmegen, Netherlands\n\n12 - Stade Olympique de la Pontaise, Lausanne, Switzerland\n\n15 - The Grand Canal, Venice, Italy (live satellite TV broadcast)\n\n18 - Stade Velodrome de Marseille, Marseille, France\n\n[back to index]\n\n1990\n\nPink Floyd\n\n(David Gilmour, Nick Mason & Richard Wright\n\nwith Jon Carin, Candy Dulfer, Guy Pratt, Tim Renwick, Gary Wallis,\n\nDurga McBroom, Sam Brown, Vicki Brown, Clare Torry & Michael Kamen)\n\nJune\n\n30 - Knebworth Park, Knebworth, Hertfordshire, England (Knebworth Festival-benefit for Nordoff-Robbins Music Therapy Center and the BPI's Brit School for the Performing Arts)\n\n[back to index]\n\n1993\n\nPink Floyd\n\n(David Gilmour, Nick Mason & Richard Wright\n\nwith Tim Renwick, Gary Wallis, Adrian Milne, Mike Rutherford and Paul Young)\n\nSeptember\n\n18 - Cowdry Park, Midhurst, East Sussex, England (King Edward VII Hospital benefit)\n\n[back to index]\n\n1994\n\nThe Division Bell\n\nPink Floyd\n\n(David Gilmour, Nick Mason & Richard Wright\n\nwith Jon Carin, Dick Parry, Guy Pratt, Tim Renwick, Gary Wallis, Durga McBroom, Sam Brown, Claudia Fontaine)\n\nMarch\n\n30 - Joe Robbie Stadium, Miami, Florida [A]\n\n1994 April\n\n3 - Alamo Dome, San Antonio, Texas\n\n5 - Rice Stadium, Houston, Texas\n\n9 - Autodromo Hnos. Rodriguez, Mexico City, Mexico\n\n10 - Autodromo Hnos. Rodriguez, Mexico City, Mexico\n\n14 - Jack Murphy Stadium, San Diego, California\n\n16 - The Rose Bowl, Pasadena, California\n\n17 - The Rose Bowl, Pasadena, California\n\n20 - Alameda Oakland Coliseum, Oakland, California\n\n21 - Alameda Oakland Coliseum, Oakland, California\n\n22 - Alameda Oakland Coliseum, Oakland, California\n\n24 - Sun Devil Stadium, Tempe, Arizona\n\n26 - Sun Bowl, El Paso, Texas\n\n28 - Texas Stadium, Irving, Texas\n\n29 - Texas Stadium, Irving, Texas\n\n1994 May\n\n1 - Legion Field, Birmingham, Alabama\n\n3 - Bobbie Dodd Stadium, Atlanta, Georgia\n\n4 - Bobbie Dodd Stadium, Atlanta, Georgia\n\n6 - Tampa Stadium, Tampa, Florida\n\n8 - Vanderbilt University Stadium, Nashville, Tennessee\n\n10 - Carter Finley Stadium, Raleigh, North Carolina\n\n12 - Death Valley Stadium, Clemson, South Carolina\n\n14 - The Superdome, New Orleans, Louisiana\n\n18 - Foxboro Stadium, Foxboro, Massachusetts\n\n19 - Foxboro Stadium, Foxboro, Massachusetts\n\n20 - Foxboro Stadium, Foxboro, Massachusetts\n\n22 - Stade du Parc Olympique, Montreal, Canada\n\n23 - Stade du Parc Olympique, Montreal, Canada\n\n24 - Stade du Parc Olympique, Montreal, Canada\n\n26 - Municipal Stadium, Cleveland, Ohio\n\n27 - Municipal Stadium, Cleveland, Ohio\n\n29 - Buckeyes Stadium, Columbus, Ohio\n\n31 - Three Rivers Stadium, Pittsburgh, Pennsylvania\n\n1994 June\n\n2 - Veterans Stadium, Philadelphia, Pennsylvania\n\n3 - Veterans Stadium, Philadelphia, Pennsylvania\n\n4 - Veterans Stadium, Philadelphia, Pennsylvania\n\n6 - Carrier Dome, Syracuse, New York\n\n10 - Yankee Stadium, New York City, New York City\n\n11 - Yankee Stadium, New York City, New York City\n\n14 - Hoosier Dome, Indianapolis, Indiana\n\n16 - Cyclone Stadium, Ames, Iowa\n\n18 - Mile High Stadium, Denver, Colorado\n\n20 - Arrowhead Stadium, Kansas City, Missouri\n\n22 - HHH Metrodome, Minneapolis, Minnesota\n\n25 - B.C. Place Stadium, Vancouver, B.C., Canada\n\n26 - B.C. Place Stadium, Vancouver, B.C., Canada\n\n28 - Commonwealth Stadium, Edmonton, Alberta, Canada\n\n1994 July\n\n1 - Winnipeg Stadium, Manitoba, Canada\n\n3 - Camp Randall Stadium, Madison, Wisconsin\n\n5 - CNE Stadium, Toronto, Ontario, Canada\n\n6 - CNE Stadium, Toronto, Ontario, Canada\n\n7 - CNE Stadium, Toronto, Ontario, Canada\n\n9 - RFK Stadium, Washington D.C.\n\n10 - RFK Stadium, Washington D.C.\n\n12 - Soldier Field, Chicago, Illinois\n\n14 - The Silverdome, Pontiac, Michigan\n\n15 - The Silverdome, Pontiac, Michigan\n\n17 - Giants Stadium, East Rutherford, New Jersey\n\n18 - Giants Stadium, East Rutherford, New Jersey (Enigma Publius message)\n\n22 - Estadio Jose Alvalade, Lisbon, Portugal\n\n23 - Estadio Jose Alvalade, Lisbon, Portugal\n\n25 - Velodrome de Anoeta, San Sebastian, Spain\n\n27 - Estadio Olimpico, Barcelona, Spain\n\n30 - Chateau de Chantilly, Chantilly, France\n\n31 - Chateau de Chantilly, Chantilly, France\n\n1994 August\n\n2 - Mungersdorfer Stadion, Cologne, Germany\n\n4 - Olympiastadion, Munich, Germany\n\n6 - Fussballstadion St. Jakob, Basel, Switzerland\n\n7 - Fussballstadion St. Jakob, Basel, Switzerland\n\n9 - Amphitheatre du Chateau de Grammont, Montpellier, France\n\n11 - Esplanade des Quinconces, Bordeaux, France\n\n13 - Hockenheimring, Hockenheim, Germany\n\n16 - Niedersachsenstadion, Hannover, Germany\n\n17 - Niedersachsenstadion, Hannover, Germany\n\n19 - Wiener Neustadt - Flugfeld, Vienna, Austria\n\n21 - Maifeld am Olympiastadion, Berlin, Germany\n\n23 - Parkstadion, Gelsenkirchen, Germany\n\n25 - Parken, Copenhagen, Denmark\n\n27 - Ullevi Stadion, Gothenburg, Sweden\n\n29 - Valle Hovin Stadion, Oslo, Norway\n\n30 - Valle Hovin Stadion, Oslo, Norway\n\n1994 September\n\n2 - Festivalweise, Werchter, Belgium\n\n3 - Stadion Feyenoord, Rotterdam, Netherlands\n\n4 - Stadion Feyenoord, Rotterdam, Netherlands\n\n5 - Stadion Feyenoord, Rotterdam, Netherlands\n\n7 - Strahov Stadion, Prague, Czech Republic\n\n9 - Stade de la Meinau, Strasbourg, France\n\n11 - Stade de Gerland, Lyon, France\n\n13 - Stadio delle Alpi, Torino, Italy\n\n15 - Stadio Friuli, Udine, Italy\n\n17 - Festa Nazionale dell Unita, Modena, Italy\n\n19 - Cinecitta, Rome, Italy\n\n20 - Cinecitta, Rome, Italy\n\n21 - Cinecitta, Rome, Italy\n\n23 - Stade de Gerland, Lyon, France\n\n25 - Stade de la Pontaise, Lausanne, Switzerland\n\n1994 October\n\n12 - Earls Court Exhibition Hall, London, England (concert aborted due to collapsed stands)\n\n13 - Earls Court Exhibition Hall, London, England (benefit for Greenpeace, Amnesty International and others)\n\n14 - Earls Court Exhibition Hall, London, England (benefit for Greenpeace, Amnesty International and others)\n\n15 - Earls Court Exhibition Hall, London, England (benefit for Greenpeace, Amnesty International and others)\n\n16 - Earls Court Exhibition Hall, London, England (benefit for Greenpeace, Amnesty International and others)\n\n17 - Earls Court Exhibition Hall, London, England (benefit for Greenpeace, Amnesty International and others)\n\n19 - Earls Court Exhibition Hall, London, England (benefit for Greenpeace, Amnesty International and others)\n\n20 - Earls Court Exhibition Hall, London, England (benefit for Greenpeace, Amnesty International and others) (live satellite TV broadcast and filming for P.U.L.S.E. video)\n\n21 - Earls Court Exhibition Hall, London, England (benefit for Greenpeace, Amnesty International and others)\n\n22 - Earls Court Exhibition Hall, London, England (benefit for Greenpeace, Amnesty International and others)\n\n23 - Earls Court Exhibition Hall, London, England (benefit for Greenpeace, Amnesty International and others)\n\n26 - Earls Court Exhibition Hall, London, England (benefit for Greenpeace, Amnesty International and others)\n\n27 - Earls Court Exhibition Hall, London, England (benefit for Greenpeace, Amnesty International and others)\n\n28 - Earls Court Exhibition Hall, London, England (benefit for Greenpeace, Amnesty International and others)\n\n29 - Earls Court Exhibition Hall, London, England (benefit for Greenpeace, Amnesty International and others)\n\n2005\n\nPink Floyd\n\n(David Gilmour, Nick Mason, Roger Waters, Rick Wright\n\nwith Jon Carin, Carol Kenyon, Dick Parry, and Tim Renwick)\n\nJuly\n\n2 - Hyde Park, London, England (Live8)"
    }
}