{
    "id": "dbpedia_2904_0",
    "rank": 65,
    "data": {
        "url": "https://rothmanortho.com/locations",
        "read_more_link": "",
        "language": "en",
        "title": "Rothman Orthopaedic Institute",
        "top_image": "https://rothmanortho.com/images/rothman-orthopaedics-logo-card.jpg",
        "meta_img": "https://rothmanortho.com/images/rothman-orthopaedics-logo-card.jpg",
        "images": [
            "https://rothmanortho.com/templates/lyquix/images/rothmanlogo-lg.svg",
            "https://rothmanortho.com/templates/lyquix/images/rothmanlogo-sm.svg",
            "https://rothmanortho.com/templates/lyquix/images/rothmanlogo-1280-fixed.svg",
            "https://rothmanortho.com/templates/lyquix/images/spin.svg",
            "https://rothmanortho.com/templates/lyquix/images/Hamburger.svg",
            "https://rothmanortho.com/templates/lyquix/images/X.svg",
            "https://rothmanortho.com/templates/lyquix/images/icons/pin-white.svg",
            "https://rothmanortho.com/templates/lyquix/images/icons/x-close.svg",
            "https://rothmanortho.com/images/stories/flexicontent/s_abjeff-lenfest-exterior-photoshopped-signs.jpg",
            "https://rothmanortho.com/images/stories/flexicontent/s_l_abingtonlansdalehosp.jpg",
            "https://rothmanortho.com/images/stories/flexicontent/s_abington-surgical-center.jpg",
            "https://rothmanortho.com/images/stories/flexicontent/s_ah-kissimmee.jpg",
            "https://rothmanortho.com/images/stories/flexicontent/s_adventhealth-altamonte-springs.jpg",
            "https://rothmanortho.com/images/stories/flexicontent/s_adventhealth-apopka.jpg",
            "https://rothmanortho.com/images/stories/flexicontent/s_adventhealth-centra-care-ortho-urgent-care.jpg",
            "https://rothmanortho.com/images/stories/flexicontent/s_adventhealth east orlando-1.jpg",
            "https://rothmanortho.com/images/stories/flexicontent/s_heart-of-florida-regional-medical-center-office.jpg",
            "https://rothmanortho.com/images/stories/flexicontent/s_adventhealth_orlando.jpg",
            "https://rothmanortho.com/images/stories/flexicontent/s_adventhealth-lake-mary-surgery-center.jpg",
            "https://rothmanortho.com/images/stories/flexicontent/s_adventhealth maitland surgery center.jpg",
            "https://rothmanortho.com/images/stories/flexicontent/s_magic.jpeg",
            "https://rothmanortho.com/images/stories/flexicontent/s_adventhealth-winter-garden-1.jpg",
            "https://rothmanortho.com/images/stories/flexicontent/s_adventhealth-winter-garden.jpg",
            "https://rothmanortho.com/images/stories/flexicontent/s_atlanticare-center-for-orthpaedic-surgery-exterior.jpg",
            "https://rothmanortho.com/images/stories/flexicontent/s_armc-harmony-pavilion-at-dusk-high-res.jpg",
            "https://rothmanortho.com/images/stories/flexicontent/s_armc-mainland-expansion-with-embracing-arms.jpg",
            "https://rothmanortho.com/images/stories/flexicontent/s_surgerycentereht.jpg",
            "https://rothmanortho.com/images/stories/flexicontent/s_atlanticare-surgery-center-little-egg-harbor-township-exterior-night.jpg",
            "https://rothmanortho.com/images/stories/flexicontent/s_bensalem-pa-phase-i.jpg",
            "https://rothmanortho.com/images/stories/flexicontent/s_dsc_0821.jpg",
            "https://rothmanortho.com/images/stories/flexicontent/s_bordentown-new-1.jpg",
            "https://rothmanortho.com/images/stories/flexicontent/s_bryn-mawr-hospital-1024.jpg",
            "https://rothmanortho.com/images/stories/flexicontent/s_2017-06-08---nueterra---ortho-surgi-center-bmh-293---transform.jpg",
            "https://rothmanortho.com/images/stories/flexicontent/s_pa125529.jpg",
            "https://rothmanortho.com/images/stories/flexicontent/s_capital-health-trenton.jpg",
            "https://rothmanortho.com/images/stories/flexicontent/s_capital-health-hopewell.jpg",
            "https://rothmanortho.com/images/stories/flexicontent/s_center-city.jpg",
            "https://rothmanortho.com/images/stories/flexicontent/s_1200-manor--1-.jpg",
            "https://rothmanortho.com/images/stories/flexicontent/s_chester county hospital-1.jpg",
            "https://rothmanortho.com/images/stories/flexicontent/s_davenport-3.jpg",
            "https://rothmanortho.com/images/stories/flexicontent/s_doylestown-surgery-center-render.jpg",
            "https://rothmanortho.com/images/stories/flexicontent/s_20d64c63b1f8132dd244002e6f004bff.jpg",
            "https://rothmanortho.com/images/stories/flexicontent/s_doylestown-1.jpg",
            "https://rothmanortho.com/images/stories/flexicontent/s_east-orlando.jpg",
            "https://rothmanortho.com/images/stories/flexicontent/s_eht-nj.jpg",
            "https://rothmanortho.com/images/stories/flexicontent/s_fox-chase-cancer-center.jpg",
            "https://rothmanortho.com/images/stories/flexicontent/s_glen mills.jpg",
            "https://rothmanortho.com/images/stories/flexicontent/s_glenmillsedit.jpg",
            "https://rothmanortho.com/images/stories/flexicontent/s_pascack-valley-hsp-photo_optimized.jpg",
            "https://rothmanortho.com/images/stories/flexicontent/s_hackensack-raritan-bay-1.jpg",
            "https://rothmanortho.com/images/stories/flexicontent/s_hackensack-hsp-image.jpg",
            "https://rothmanortho.com/images/stories/flexicontent/s_hamiltonwebsite.jpg",
            "https://rothmanortho.com/images/stories/flexicontent/s_2020-01-16_13.17.05.jpg",
            "https://rothmanortho.com/images/stories/flexicontent/s_holy-name-medical-ctr.jpg",
            "https://rothmanortho.com/images/stories/flexicontent/s_innovation tower bob new-5.jpg",
            "https://rothmanortho.com/images/stories/flexicontent/s_aria-bucks-campus.jpg",
            "https://rothmanortho.com/images/stories/flexicontent/s_kennedy-cherry-hill--183-of-268.jpg",
            "https://rothmanortho.com/images/stories/flexicontent/s_kennedy-surgery-center.jpg",
            "https://rothmanortho.com/images/stories/flexicontent/s_aria-torresdale-exterior.jpg",
            "https://rothmanortho.com/images/stories/flexicontent/s_kennedy-memorial-hospital-1.jpg",
            "https://rothmanortho.com/images/stories/flexicontent/s_jersey city temp photo-1.jpg",
            "https://rothmanortho.com/images/stories/flexicontent/s_nyu-kimmel-pavilion.jpg",
            "https://rothmanortho.com/images/stories/flexicontent/s_kop-2.jpg",
            "https://rothmanortho.com/images/stories/flexicontent/s_p5135169.jpg",
            "https://rothmanortho.com/images/stories/flexicontent/s_lakemaryoffice.jpg",
            "https://rothmanortho.com/images/stories/flexicontent/s_lake-nona-new-with-signage-2024.jpg",
            "https://rothmanortho.com/images/stories/flexicontent/s_wynnewood-pa.no-copyright.lo-rez.jpg",
            "https://rothmanortho.com/images/stories/flexicontent/s_limerickuc2017.jpg",
            "https://rothmanortho.com/images/stories/flexicontent/s_rothman-limerick-office-1.jpg",
            "https://rothmanortho.com/images/stories/flexicontent/s_malvern new.jpg",
            "https://rothmanortho.com/images/stories/flexicontent/s_img_6727.jpg.jpeg",
            "https://rothmanortho.com/images/stories/flexicontent/s_ro_madison_location_banner45.jpg",
            "https://rothmanortho.com/images/stories/flexicontent/s_marltonoffice.jpg",
            "https://rothmanortho.com/images/stories/flexicontent/s_media-pa.newbuilding.jpg",
            "https://rothmanortho.com/images/stories/flexicontent/s_methodisthistory.jpg",
            "https://rothmanortho.com/images/stories/flexicontent/s_metro-surgery-center.jpg",
            "https://rothmanortho.com/images/stories/flexicontent/s_muvehealth_warminster_048.jpg",
            "https://rothmanortho.com/images/stories/flexicontent/s_nazareth_400.jpg",
            "https://rothmanortho.com/images/stories/flexicontent/s_new-britain-surgical-center.jpg",
            "https://rothmanortho.com/images/stories/flexicontent/s_nj-surgery-center.jpg",
            "https://rothmanortho.com/images/stories/flexicontent/s_m_newtown-new-1-2.jpg",
            "https://rothmanortho.com/images/stories/flexicontent/s_newtown-new-1-2.jpg",
            "https://rothmanortho.com/images/stories/flexicontent/s_northeast_office_2019.jpg",
            "https://rothmanortho.com/images/stories/flexicontent/s_northern-westchester-hospital.jpg",
            "https://rothmanortho.com/images/stories/flexicontent/s_nyu-essex-crossing-2.jpg",
            "https://rothmanortho.com/images/stories/flexicontent/s_tisch-hospital.jpg",
            "https://rothmanortho.com/images/stories/flexicontent/s_nyu-langone-ortho-hsp-.jpg",
            "https://rothmanortho.com/images/stories/flexicontent/s_nyu_langone_health_logo.jpg",
            "https://rothmanortho.com/images/stories/flexicontent/s_paolihospital-03.jpg",
            "https://rothmanortho.com/images/stories/flexicontent/s_paoli-surgery-center.jpg",
            "https://rothmanortho.com/images/stories/flexicontent/s_fullsizerender-1.jpg",
            "https://rothmanortho.com/images/stories/flexicontent/s_banner-phelps-northwell-exterior.jpg",
            "https://rothmanortho.com/images/stories/flexicontent/s_phoenixville-hospital.jpg",
            "https://rothmanortho.com/images/stories/flexicontent/s_phy-care-surgery-center.jpg",
            "https://rothmanortho.com/images/stories/flexicontent/s_phycareweb.jpg",
            "https://rothmanortho.com/images/stories/flexicontent/s_princeton-medical-center.jpg",
            "https://rothmanortho.com/images/stories/flexicontent/s_princeton.jpg",
            "https://rothmanortho.com/images/stories/flexicontent/s_riddlehospital-03retouched_0002578.jpg",
            "https://rothmanortho.com/images/stories/flexicontent/s_media-pa.newbuilding-1.jpg",
            "https://rothmanortho.com/images/stories/flexicontent/s_b58ee0b0-3262-4bba-a3af-80da74b70ca4-original.jpg",
            "https://rothmanortho.com/images/stories/flexicontent/s_rwj-hamilton.jpg",
            "https://rothmanortho.com/images/stories/flexicontent/s_bensalem-pa-phase-i-1.jpg",
            "https://rothmanortho.com/images/stories/flexicontent/s_jersey-city-medical-center.jpg",
            "https://rothmanortho.com/images/stories/flexicontent/s_seashore surgical institute.jpg",
            "https://rothmanortho.com/images/stories/flexicontent/s_shore-medical-center-facebook-940x540.jpg",
            "https://rothmanortho.com/images/stories/flexicontent/s_south-philly.jpg",
            "https://rothmanortho.com/images/stories/flexicontent/s_st-mary-medical-center.jpg",
            "https://rothmanortho.com/images/stories/flexicontent/s_summit-surgical-center.jpg",
            "https://rothmanortho.com/images/stories/flexicontent/s_surgery-center-of-westchester-photo.jpg",
            "https://rothmanortho.com/images/stories/flexicontent/s_tarrytown-new-2024.jpg",
            "https://rothmanortho.com/images/stories/flexicontent/s_st-mary-medical-center-1.jpg",
            "https://rothmanortho.com/images/stories/flexicontent/s_luckow-pavillion-image.jpg",
            "https://rothmanortho.com/images/stories/flexicontent/s_capital-health-hamilton.jpg",
            "https://rothmanortho.com/images/stories/flexicontent/s_valley-hospital-image.jpg",
            "https://rothmanortho.com/images/stories/flexicontent/s_942x630.jpg",
            "https://rothmanortho.com/images/stories/flexicontent/s_hamilton-1.jpg",
            "https://rothmanortho.com/images/stories/flexicontent/s_marltonuc2017.jpg",
            "https://rothmanortho.com/images/stories/flexicontent/s_washtwn.jpg",
            "https://rothmanortho.com/images/stories/flexicontent/s_willow-grove.jpg",
            "https://rothmanortho.com/images/stories/flexicontent/s_ro_willow_grove2-1.jpg",
            "https://rothmanortho.com/images/stories/flexicontent/s_winter-garden-2023.jpg",
            "https://rothmanortho.com/images/stories/flexicontent/s_2021-08-02_15.03.01.jpg",
            "https://rothmanortho.com/images/stories/flexicontent/l_hiker_728x90.jpg",
            "https://rothmanortho.com/templates/lyquix/images/social-media-icons/facebook.svg",
            "https://rothmanortho.com/templates/lyquix/images/social-media-icons/instagram.svg",
            "https://rothmanortho.com/templates/lyquix/images/social-media-icons/twitter.svg",
            "https://rothmanortho.com/templates/lyquix/images/social-media-icons/youtube.svg",
            "https://rothmanortho.com/templates/lyquix/images/social-media-icons/linkedin.svg",
            "https://seal-dc-easternpa.bbb.org/seals/blue-seal-120-61-bbb-1041662.png",
            "https://rothmanortho.com/templates/lyquix/images/lyquix-logo.svg"
        ],
        "movies": [],
        "keywords": [],
        "meta_keywords": [
            ""
        ],
        "tags": null,
        "authors": [],
        "publish_date": null,
        "summary": "",
        "meta_description": "Find a Rothman Orthopaedic Institute location near you.",
        "meta_lang": "en",
        "meta_favicon": "/templates/lyquix/images/favicon/apple-icon-57x57.png",
        "meta_site_name": "",
        "canonical_link": "https://rothmanortho.com/locations",
        "text": "1200 Old York Road\n\nAbington PA, 19001\n\n1200+Old+York+Rd%2C+Abington%2C+PA+19001%2C+USA\n\n100 Medical Campus Drive\n\nLansdale PA, 19446\n\nUnited States\n\nPhone Number: 800-321-9999\n\n100+Medical+Campus+Dr%2C+Lansdale%2C+PA+19446%2C+USA\n\n2701 Blair Mill Rd, Willow Grove, PA 19090, USA\n\nPhone:: 215-443-8505\n\n2701+Blair+Mill+Rd%2C+Willow+Grove%2C+PA+19090%2C+USA\n\nAdventHealth Medical Group Orthopaedic Associates of Osceola\n\n604 Oak Commons Blvd, Kissimmee, FL 34741, USA\n\nPlease note, that this location is an AdventHealth location and appointments must be made through AdventHealth. To do so, please call 407-846-6004 and select option 1. You can also email AHMG.CFL.OsceolaClinicOrtho@AdventHealth.com.\n\nAppointments: 407-846-6004\n\nMonday - Friday: 8:00AM - 5:00PM\n\n604+Oak+Commons+Blvd%2C+Kissimmee%2C+FL+34741%2C+USA\n\n601 E Altamonte Dr, Altamonte Springs, FL 32701, USA\n\nMain: 407-303-2200\n\n601+E+Altamonte+Dr%2C+Altamonte+Springs%2C+FL+32701%2C+USA\n\n2100 Ocoee Apopka Rd, Apopka, FL 32703, USA\n\nMain: 407-609-7000\n\n2100+Ocoee+Apopka+Rd%2C+Apopka%2C+FL+32703%2C+USA\n\n2325 W Fairbanks Ave, Winter Park, FL 32789, USA\n\nMain: 407-777-2235\n\nMonday - Friday: 9:00AM - 5:00PM\n\n2325+W+Fairbanks+Ave%2C+Winter+Park%2C+FL+32789%2C+USA\n\n7727 Lake Underhill Rd, Orlando, FL 32822, USA\n\nMain: 407-303-8110\n\n7727+Lake+Underhill+Rd%2C+Orlando%2C+FL+32822%2C+USA\n\n40100 US-27, Davenport, FL 33837, USA\n\nPhone: 863-422-4971\n\n40100+US-27%2C+Davenport%2C+FL+33837%2C+USA\n\n601 E Rollins St, Orlando, FL 32803\n\nPhone: 844-407-4070\n\n601+E+Rollins+St%2C+Orlando%2C+FL+32803%2C+USA\n\n917 Rinehart Rd, Suite 1001, Lake Mary, FL 32746, USA\n\nMain: 407-708-5383\n\n917+Rinehart+Rd%2C+Lake+Mary%2C+FL+32746%2C+USA\n\n790 Concourse Pkwy S, Suite 100, Maitland, FL 32751, USA\n\nMain: 407-691-3331\n\n790+Concourse+Pkwy+S%2C+Maitland%2C+FL+32751%2C+USA\n\n25 S Terry Ave, Suite 320, Orlando, FL 32805\n\n(Park on Terry Avenue side)\n\nMain Office: 844-407-4070\n\nMonday - Friday: 8:00AM - 4:30PM\n\n25+S+Terry+Ave+suite+320%2C+Orlando%2C+FL+32805%2C+USA\n\n2000 Fowler Grove Blvd, Winter Garden, FL 34787\n\nMain: 407-614-0500\n\n2000+Fowler+Grove+Blvd%2C+Winter+Garden%2C+FL+34787%2C+USA\n\n200 N Lakemont Ave, Winter Park, FL 32792\n\nPhone: 407-646-7000\n\n200+N+Lakemont+Ave%2C+Winter+Park%2C+FL+32792%2C+USA\n\n2500 English Creek Ave, Building 1200, Egg Harbor Township, NJ 08234, USA\n\nMain: 888-569-1000\n\n2500+English+Creek+Ave%2C+Egg+Harbor+Township%2C+NJ+08234%2C+USA\n\n1925 Pacific Ave\n\nAtlantic City NJ, 08401\n\nUnited States\n\nSurgical Center: 609-345-4000\n\n1925+Pacific+Ave%2C+Atlantic+City%2C+NJ+08401%2C+USA\n\n65 W Jimmie Leeds Rd\n\nGalloway NJ, 08240\n\nUnited States\n\nMainland Division: 609-652-1000\n\n65+W+Jimmie+Leeds+Rd%2C+Pomona%2C+NJ+08240%2C+USA\n\n2500 English Creek Ave\n\nEgg Harbor Township, NJ\n\n2500+English+Creek+Ave%2C+Egg+Harbor+Township%2C+NJ+08234%2C+USA\n\nAtlantiCare Surgery Center – Ocean County\n\n798 Route 539, Bldg. A, Suite 1\n\nLittle Egg Harbor, NJ 08087\n\n459+U.S.+9%2C+Little+Egg+Harbor+Township%2C+NJ+08087%2C+USA\n\nPhysical Therapy\n\n3300 Tillman Drive\n\n2nd Floor\n\nBensalem PA, 19020\n\nMain Office: 800-321-9999\n\nMonday - Friday: 8:00AM - 4:30PM\n\n3300+Tillman+Dr%2C+Bensalem%2C+PA+19020%2C+USA\n\nPhysical Therapy\n\n510 Township Line Rd\n\nSuite 110\n\nBlue Bell, PA 19422\n\nPhone: 800-321-9999\n\nMonday - Friday: 8:00AM - 4:30PM\n\n510+E+Township+Line+Rd%2C+Blue+Bell%2C+PA+19422%2C+USA\n\nPhysical Therapy\n\n100 K Johnson Boulevard N Suite 202, Bordentown Township, NJ 08505\n\n(For GPS purposes use 113 US-130, Bordentown, NJ 08505)\n\nMain Office: 800-321-9999\n\nMonday - Friday: 7:30AM - 4:30PM\n\n100+K+Johnson+Boulevard+N+Suite+101%2C+Bordentown+Township%2C+NJ+08505%2C+USA\n\n130 S. Bryn Mawr Ave\n\nBryn Mawr PA, 19010\n\nUnited States\n\nBryn Mawr Surgical Center: 866-CALL-MLH\n\n130+S+Bryn+Mawr+Ave%2C+Bryn+Mawr%2C+PA+19010%2C+USA\n\n135 S Bryn Mawr Ave\n\nBryn Mawr, PA 19010\n\nPhone: 610-229-9600\n\n135+S+Bryn+Mawr+Ave%2C+Bryn+Mawr%2C+PA+19010%2C+USA\n\nPhysical Therapy\n\n825 Old Lancaster Road\n\nSuite 100 and 200\n\nPhysical Therapy - Suite 140\n\nBryn Mawr, PA 19010\n\nMain Office: 800-321-9999\n\nMonday - Friday: 7:30AM - 4:30PM\n\n825+Old+Lancaster+Rd%2C+Bryn+Mawr%2C+PA+19010%2C+USA\n\n750 Brunswick Ave, Trenton, NJ 08638, USA\n\nPhone: 609-394-6000\n\n750+Brunswick+Ave%2C+Trenton%2C+NJ+08638%2C+USA\n\n1 Capital Way, Pennington, NJ 08534, USA\n\nPhone: 800-637-2374\n\n1+Capital+Way%2C+Pennington%2C+NJ+08534%2C+USA\n\nPhysical Therapy\n\n925 Chestnut Street\n\n5th Floor\n\nRothman Orthopaedic Institute at Jefferson\n\nPhiladelphia, PA 19107\n\nMain Office: 800-321-9999\n\nMonday - Friday: 8:00AM - 4:30PM\n\n925+Chestnut+St%2C+Philadelphia%2C+PA+19107%2C+USA\n\nPhysical Therapy\n\n1200 Manor Drive\n\nChalfont PA, 18914\n\nMain Office: 800-321-9999\n\nMonday - Friday: 8:00AM - 4:30PM\n\n1200+Manor+Dr%2C+Chalfont%2C+PA+18914%2C+USA\n\n701 E Marshall St, West Chester, PA 19380, USA\n\nMain: 610-431-5000\n\n701+E+Marshall+St%2C+West+Chester%2C+PA+19380%2C+USA\n\n410 Lionel Way, Suite 201\n\nDavenport, FL 33837\n\nMain: 844-407-4070\n\n401+Lionel+Way%2C+Davenport%2C+FL+33837%2C+USA\n\n593 W State St, Ambulatory Center Building, 3rd Floor, Doylestown, PA 18901, USA\n\nMain: 267-383-4100\n\n593+W+State+St%2C+Doylestown%2C+PA+18901%2C+USA\n\n595 West State Street\n\nDoylestown PA, 18901\n\nUnited States\n\n595+W+State+St%2C+Doylestown%2C+PA+18901%2C+USA\n\nPhysical Therapy\n\n593 W State Street\n\nDoylestown Hospital\n\nAmbulatory Center Building 2nd Floor\n\nDoylestown, PA 18901, USA\n\nMain Office: 800-321-9999\n\nMonday - Friday: 8:00AM - 4:30PM\n\n593+W+State+St%2C+Doylestown%2C+PA+18901%2C+USA\n\n7975 Lake Underhill Rd, Suite 330, Orlando, FL 32822\n\nPhone: 844-407-4070\n\nMonday - Friday: 8:00AM - 4:30PM\n\n7975+Lake+Underhill+Rd%2C+Orlando%2C+FL+32822%2C+USA\n\nPhysical Therapy\n\n2500 English Creek Avenue\n\nBuilding 1300\n\nEgg Harbor Township, NJ 08234\n\nMain Office: 800-321-9999\n\nMonday - Friday: 8:00AM - 4:30PM\n\n2500+English+Creek+Ave%2C+Egg+Harbor+Township%2C+NJ+08234%2C+USA\n\n333 Cottman Ave, Cheltenham, PA 19012, USA\n\nMain Number: 888-FOX-CHASE\n\n333+Cottman+Ave%2C+Cheltenham%2C+PA+19012%2C+USA\n\n600 Evergreen Dr, Suite 201, Glen Mills, PA 19342\n\nMain: 800-321-9999\n\nMonday - Friday: 8:00AM - 3:30PM\n\n600+Evergreen+Dr%2C+Glen+Mills%2C+PA+19342%2C+USA\n\nPhysical Therapy\n\n600 Evergreen Drive\n\nSuite 201\n\nGlen Mills, PA 19342\n\nMain Office: 800-321-9999\n\nMonday - Friday: 7:30AM - 4:30PM\n\n600+Evergreen+Dr%2C+Glen+Mills%2C+PA+19342%2C+USA\n\n250 Old Hook Rd, Westwood, NJ 07675, USA\n\nMain: 201-383-1035\n\n250+Old+Hook+Rd%2C+Westwood%2C+NJ+07675%2C+USA\n\n530 New Brunswick Ave, Perth Amboy, NJ 08861, USA\n\nMain: 732-442-3700\n\n530+New+Brunswick+Ave%2C+Perth+Amboy%2C+NJ+08861%2C+USA\n\n30 Prospect Ave, Hackensack, NJ 07601, USA\n\n30+Prospect+Ave%2C+Hackensack%2C+NJ+07601%2C+USA\n\nPhysical Therapy\n\n1079 Whitehorse Mercerville Rd, Hamilton Township, NJ 08610\n\n*Formerly in Mercerville, NJ*\n\nLocated at the site of the old K-Mart, behind Starbucks and PNC Bank.\n\nOffice: 800-321-9999\n\nMonday - Friday: 7:30AM - 4:30PM\n\n1079+Whitehorse+Mercerville+Rd%2C+Hamilton+Township%2C+NJ+08610%2C+USA\n\nPhysical Therapy\n\n450 Mamaroneck Ave,\n\nSuite 200\n\nHarrison, NY 10528\n\nOffice: 888-636-7840\n\nMonday - Friday: 8:00AM - 4:30PM\n\n450+Mamaroneck+Ave%2C+Harrison%2C+NY+10528%2C+USA\n\n718 Teaneck Rd, Teaneck, NJ 07666, USA\n\nPhone: 201-833-3000\n\n718+Teaneck+Rd%2C+Teaneck%2C+NJ+07666%2C+USA\n\nPhysical Therapy\n\n265 E Rollins St, Suite 11100, Orlando, FL 32804\n\nMain Office: 844-407-4070\n\nMonday - Friday: 8:00AM - 4:30PM\n\n265+E+Rollins+St%2C+Orlando%2C+FL+32804%2C+USA\n\n380 Oxford Valley Rd, Langhorne, PA 19047, USA\n\nPhone: 215-949-5000\n\n380+Oxford+Valley+Rd%2C+Langhorne%2C+PA+19047%2C+USA\n\n2211 Chapel Ave W, Cherry Hill, NJ 08002, USA\n\nPhone: 856-295-9062\n\n2211+Chapel+Ave+W%2C+Cherry+Hill%2C+NJ+08002%2C+USA\n\n540 Egg Harbor Rd, Sewell, NJ 08080, USA\n\nPhone: 856-582-2072\n\n540+Egg+Harbor+Rd%2C+Sewell%2C+NJ+08080%2C+USA\n\n10800 Knights Rd, Philadelphia, PA 19114, USA\n\nPhone: 215-612-4000\n\n10800+Knights+Rd%2C+Philadelphia%2C+PA+19114%2C+USA\n\n435 Hurfville-Cross Keys Road\n\nTurnersville NJ, 08012\n\nUnited States\n\nKennedy Memorial Hospital: 856-582-2500\n\n435+Hurffville+Crosskeys+Rd%2C+Sewell%2C+NJ+08080%2C+USA\n\n1 Journal Square Plaza, 2nd floor, Jersey City, NJ 07306\n\nMain Office: 888-636-7840\n\nMonday - Friday: 8:00AM - 4:30PM\n\n1+Journal+Square+Plaza+2nd+floor%2C+Jersey+City%2C+NJ+07306%2C+USA\n\n424 E 34th St, New York, NY 10016, USA\n\nPhone: 212-263-7300\n\n424+E+34th+St%2C+New+York%2C+NY+10016%2C+USA\n\n234 Mall Blvd, Suite G-30, King of Prussia, PA 19406\n\n*8 years and older\n\nMain: 800-321-9999\n\nMonday - Friday: 8:00AM - 3:30PM\n\n234+Mall+Blvd%2C+King+of+Prussia%2C+PA+19406%2C+USA\n\nPhysical Therapy\n\n234 Mall Boulevard\n\nSuite G-30\n\nThe Atrium Building\n\nKing of Prussia, PA 19406\n\nPhone Number: 800-321-9999\n\nMonday - Friday: 8:00AM - 4:30PM\n\n234+Mall+Blvd%2C+King+of+Prussia%2C+PA+19406%2C+USA\n\nPhysical Therapy\n\n1141 Patterson Ter, Lake Mary, FL 32746\n\nMain Office: 844-407-4070\n\nMonday - Friday: 8:00AM - 4:30PM\n\n1141+Patterson+Ter%2C+Lake+Mary%2C+FL+32746%2C+USA\n\nPhysical Therapy\n\n13887 Narcoossee Rd, Suite 200, Orlando, FL 32832, USA\n\nMain Office: 844-407-4070\n\nMonday - Friday: 8:00AM - 4:30PM\n\n13887+Narcoossee+Rd%2C+Orlando%2C+FL+32832%2C+USA\n\n100 Lancaster Avenue\n\nWynnewood, PA 19096\n\nLankenau Hospital: 484-476-2000\n\n100+Lancaster+Ave%2C+Wynnewood%2C+PA+19096%2C+USA\n\n400 Enterprise Drive\n\n1st Floor - Suite 101\n\nLimerick, PA 19468\n\nPhone: 484-932-5065\n\nMonday - Friday: 8:00AM - 3:30PM\n\nEnterprise+Dr%2C+Royersford%2C+PA+19468%2C+USA\n\nPhysical Therapy\n\n400 Enterprise Drive\n\n2nd Floor\n\nLimerick, PA 19468\n\nMain Office: 800-321-9999\n\nMonday - Friday: 8:00AM - 4:30PM\n\nEnterprise+Dr%2C+Royersford%2C+PA+19468%2C+USA\n\nPhysical Therapy\n\n650 Carnegie Blvd, 2nd Floor, Malvern, PA 19355\n\nPhone: 800-321-9999\n\nMonday - Friday: 8:00AM - 4:30PM\n\n650+Carnegie+Blvd%2C+Malvern%2C+PA+19355%2C+USA\n\nPhysical Therapy\n\nAtlantiCare Health Park\n\n517 Route 72 West, Suite J\n\nManahawkin, NJ 08050\n\nMain Office: 800-321-9999\n\nMonday - Friday: 8:00AM - 4:30PM\n\n517+NJ-72%2C+Manahawkin%2C+NJ+08050%2C+USA\n\n645 Madison Ave, 3rd and 4th Floor, New York, NY 10022, USA\n\n(Entrance on 60th Street)\n\nOffice: 888-636-7840\n\nMonday - Friday: 8:00AM - 4:30PM\n\n645+Madison+Ave%2C+New+York%2C+NY+10022%2C+USA\n\nPhysical Therapy\n\n999 Route 73 North,\n\nMarlton, NJ 08053\n\n*For GPS enter: 999 NJ-73, Marlton, NJ 08053\n\n*Mailing Purposes: Please include Suite 401\n\nLocated at the corner of Greentree Road & Route 73 (Opposite of Whole Foods)\n\nMain Office: 800-321-9999\n\nMonday - Friday: 8:00AM - 4:30PM\n\n999+NJ-73%2C+Marlton%2C+NJ+08053%2C+USA\n\nPhysical Therapy\n\n1118 West Baltimore Pike\n\nHealth Center 4\n\n3rd Floor\n\nMedia, PA 19063\n\nMain Office: 800-321-9999\n\nMonday - Friday: 7:30AM - 4:30PM\n\n1118+W+Baltimore+Pike%2C+Media%2C+PA+19063%2C+USA\n\n2301 South Broad Street\n\nPhiladelphia PA, 19148\n\nUnited States\n\nMethodist Hospital: 215-952-9000\n\n2301+S+Broad+St%2C+Philadelphia%2C+PA+19145%2C+USA\n\n433 Hackensack Ave, Hackensack, NJ 07601, USA\n\n433+Hackensack+Ave%2C+Hackensack%2C+NJ+07601%2C+USA\n\n201 Veterans Way, Warminster, PA 18974, USA\n\nMain: 215-544-3737\n\n201+Veterans+Way%2C+Warminster%2C+PA+18974%2C+USA\n\n2601 Holme Ave\n\nPhiladelphia PA, 19152\n\nUnited States\n\nNazareth Hospital: 215-335-6000\n\n2601+Holme+Ave%2C+Philadelphia%2C+PA+19152%2C+USA\n\n1200 Manor Dr, Chalfont, PA 18914, USA\n\nPhone: 267-954-1163\n\n1200+Manor+Dr%2C+Chalfont%2C+PA+18914%2C+USA\n\n1225 Whitehorse Mercerville Rd, Building D, Suite 209, Hamilton Township, NJ 08619, USA\n\nPhone Number: 609-581-6200\n\n1225+Whitehorse+Mercerville+Rd%2C+Hamilton+Township%2C+NJ+08619%2C+USA\n\n101 Pheasant Run, Newtown, PA 18940, USA\n\nMain: 267-753-2520\n\nMonday - Friday: 8:00AM - 3:30PM\n\n101+Pheasant+Run%2C+Newtown%2C+PA+18940%2C+USA\n\nPhysical Therapy\n\n101 Pheasant Run, Newtown, PA 18940, USA\n\nMain Office: 800-321-9999\n\nMonday - Friday: 8:00AM - 4:00PM\n\n101+Pheasant+Run%2C+Newtown%2C+PA+18940%2C+USA\n\nPhysical Therapy\n\n9501 Roosevelt Blvd, 4th Floor, Philadelphia, PA 19114\n\nMain Office: 800-321-9999\n\nMonday - Friday: 8:00AM - 4:30PM\n\n9501+Roosevelt+Blvd%2C+Philadelphia%2C+PA+19114%2C+USA\n\n400 E Main St, Mt Kisco, NY 10549, USA\n\nMain: 914-666-1200\n\n400+E+Main+St%2C+Mt+Kisco%2C+NY+10549%2C+USA\n\n171 Delancey St, 2nd Floor, New York, NY 10002, USA\n\nPhone: 929-455-2600\n\n171+Delancey+St%2C+New+York%2C+NY+10002%2C+USA\n\n550 1st Ave., New York, NY 10016, USA\n\nMain: 646-929-7870\n\n550+1st+Ave.%2C+New+York%2C+NY+10016%2C+USA\n\n301 E 17th St, New York, NY 10003, USA\n\nPhone: 212-598-6000\n\n301+E+17th+St%2C+New+York%2C+NY+10003%2C+USA\n\n339 E 38th St, New York, NY 10016, USA\n\nMain: 212-263-1515\n\n339+E+38th+St%2C+New+York%2C+NY+10016%2C+USA\n\n425 Jack Martin Blvd, Brick, NJ 08724, USA\n\nPhone: 732-840-2200\n\n425+Jack+Martin+Blvd%2C+Brick%2C+NJ+08724%2C+USA\n\n255 W Lancaster Ave\n\nPaoli PA, 19301\n\nUnited States\n\nPaoli Hospital: 484-565-1000\n\n255+W+Lancaster+Ave%2C+Paoli%2C+PA+19301%2C+USA\n\n1 Industrial Blvd, Paoli, PA 19301, USA\n\nPhone: 610-408-0822\n\n1+Industrial+Blvd%2C+Paoli%2C+PA+19301%2C+USA\n\nPhysical Therapy\n\n116 Washington Crossing Pennington Rd, Pennington, NJ 08534\n\nMain Office: 609-581-2200\n\nMonday, Tuesday, Wednesday, Friday: 7:30AM - 4:00PM\n\nThursday: 7:30AM - 4:30PM\n\n116+Washington+Crossing+Pennington+Rd%2C+Pennington%2C+NJ+08534%2C+USA\n\n701 N Broadway, Sleepy Hollow, NY 10591, USA\n\n701+N+Broadway%2C+Sleepy+Hollow%2C+NY+10591%2C+USA\n\n140 Nutt Rd, Phoenixville, PA 19460, USA\n\nMain: 610-983-1000\n\n140+Nutt+Rd%2C+Phoenixville%2C+PA+19460%2C+USA\n\n475 Enterprise Dr, Royersford, PA 19468, USA\n\nMain: 484-939-6020\n\n475+Enterprise+Dr%2C+Royersford%2C+PA+19468%2C+USA\n\n454 Enterprise Drive\n\nLimerick PA, 19468\n\nPhysician Care Surgical Hospital: 610-495-3330\n\n454+Limerick+Center+Rd%2C+Royersford%2C+PA+19468%2C+USA\n\n1 Plainsboro Rd, Plainsboro Township, NJ 08536, USA\n\nMain: 609-853-7000\n\n1+Plainsboro+Rd%2C+Plainsboro+Township%2C+NJ+08536%2C+USA\n\nPhysical Therapy\n\n4301 US-1, 3rd Floor, Suite 300, Monmouth Junction, NJ 08852\n\nOffice: 800-321-9999\n\nMonday - Friday: 7:30AM - 3:30PM\n\n4301+US-1%2C+Monmouth+Junction%2C+NJ+08852%2C+USA\n\n1068 W Baltimore Ave\n\nMedia, PA 19063\n\nPhone: 484-227-9400\n\n1068+W+Baltimore+Ave%2C+Media%2C+PA+19063%2C+USA\n\n1118 West Baltimore Pike\n\nMedia PA, 19063\n\nUnited States\n\nRiddle Surgical Center: 484-931-2270\n\n1118+W+Baltimore+Pike%2C+Media%2C+PA+19063%2C+USA\n\n3 Crescent Drive\n\nPhiladelphia PA, 19112\n\nUnited States\n\nRiverview Surgical Center: 267-419-3600\n\n3+Crescent+Dr%2C+Philadelphia%2C+PA+19112%2C+USA\n\n1 Hamilton Health Pl, Hamilton Township, NJ 08690, USA\n\nPhone: 609-586-7900\n\n1+Hamilton+Health+Pl%2C+Hamilton+Township%2C+NJ+08690%2C+USA\n\n3300 Tillman Drive\n\nBensalem, PA 19020\n\nRothman Orthopaedic Institute: 800-321-9999\n\n3300+Tillman+Dr%2C+Bensalem%2C+PA+19020%2C+USA\n\n355 Grand St, Jersey City, NJ 07302, USA\n\nMain Number: 201-915-2000\n\n355+Grand+St%2C+Jersey+City%2C+NJ+07302%2C+USA\n\n495 Jack Martin Blvd ste 1, Brick Township, NJ 08724, USA\n\nMain: 732-836-9800\n\n495+Jack+Martin+Blvd+ste+1%2C+Brick+Township%2C+NJ+08724%2C+USA\n\n100 Medical Center Way\n\nSomers Point NJ, 08244\n\nUnited States\n\nShore Medical Center: 609-653-3500\n\n100+Medical+Center+Way%2C+Somers+Point%2C+NJ+08244%2C+USA\n\nPhysical Therapy\n\n2 NovaCare Way\n\nNovaCare Complex\n\nPhiladelphia, PA 19145\n\nMain Office: 800-321-9999\n\nMonday - Friday: 7:30AM - 4:00PM\n\n2+Novacare+Way%2C+Philadelphia%2C+PA+19145%2C+USA\n\n1140 NJ-72, Manahawkin, NJ 08050, USA\n\nPhone: 800-560-9990\n\n1140+NJ-72%2C+Manahawkin%2C+NJ+08050%2C+USA\n\n1201 Newtown-Langhorne Road\n\nLanghorne PA, 19047\n\nUnited States\n\nSt. Mary's Medical Center: 215-710-2000\n\n1201+Langhorne-Newtown+Rd%2C+Langhorne%2C+PA+19047%2C+USA\n\n200 Bowman Drive\n\nSuite D-160\n\nVoorhees Township, NJ 08043, USA\n\nPhone: 856-247-7800\n\n200+Bowman+Dr%2C+Voorhees+Township%2C+NJ+08043%2C+USA\n\n440 Mamaroneck Ave, Harrison, NY 10528, USA\n\nMain: 914-777-8400\n\n440+Mamaroneck+Ave%2C+Harrison%2C+NY+10528%2C+USA\n\n200 White Plains Rd, 4th Floor, Tarrytown, NY 10591, USA\n\nOffice: 888-636-7840\n\nMonday, Tuesday, Thursday, Friday: 8:00AM - 4:30PM\n\n200+White+Plains+Rd%2C+Tarrytown%2C+NY+10591%2C+USA\n\nSt. Clare Medical Building, Suite M10, 1203 Newtown-Langhorne Rd, Langhorne, PA 19047, USA\n\nPhone Number: 215-809-2600\n\n1203+Newtown-Langhorne+Rd%2C+Langhorne%2C+PA+19047%2C+USA\n\n10 Plum St, New Brunswick, NJ 08901, USA\n\nPhone Number: 732-289-9100\n\n10+Plum+St%2C+New+Brunswick%2C+NJ+08901%2C+USA\n\n1 Valley Health Plaza, Paramus, NJ 07652, USA\n\nPhone: 201-634-5300\n\n1+Valley+Health+Plaza%2C+Paramus%2C+NJ+07652%2C+USA\n\n1445 Whitehorse Mercerville Rd, Hamilton Township, NJ 08619, USA\n\nPhone Number: 609-588-5050\n\n1445+Whitehorse+Mercerville+Rd%2C+Hamilton+Township%2C+NJ+08619%2C+USA\n\n223 N Van Dien Ave, Ridgewood, NJ 07450, USA\n\nPhone: 201-447-8000\n\n223+N+Van+Dien+Ave%2C+Ridgewood%2C+NJ+07450%2C+USA\n\n111 South 11th Street\n\nPhiladelphia PA, 19107\n\nUnited States\n\nTJUH: 215-955-6000\n\n111+S+11th+St%2C+Philadelphia%2C+PA+19107%2C+USA\n\n1079 Whitehorse Mercerville Rd, Hamilton Township, NJ 08610\n\n*Formerly in Mercerville, NJ\n\nPhone Number: 609-528-3709\n\nMonday - Friday: 8:00AM - 3:30PM\n\n1079+Whitehorse+Mercerville+Rd%2C+Hamilton+Township%2C+NJ+08610%2C+USA\n\n999 Route 73 North\n\nMarlton NJ, 08053\n\n*For GPS enter: 999 NJ-73, Marlton, NJ 08053\n\nLocated at the corner of Greentree Road & Route 73 (Opposite of Whole Foods)\n\nOffice: 856-821-6364\n\nMonday - Friday: 8:00AM - 7:30PM\n\n999+NJ-73%2C+Marlton%2C+NJ+08053%2C+USA\n\nPhysical Therapy\n\n243 Hurffville - Cross Keys Rd\n\nSewell, NJ 08080\n\nMain Office: 800-321-9999\n\nMonday - Friday: 8:00AM - 4:30PM\n\n243+Hurffville+-+Cross+Keys+Rd%2C+Sewell%2C+NJ+08080%2C+USA\n\n2400 Maryland Rd\n\nSuite 20\n\nWillow Grove, PA 19090, USA\n\n*8 years and older\n\nMain Number: 800-321-9999\n\nMonday - Friday: 8:00AM - 3:30PM\n\n2400+Maryland+Rd%2C+Willow+Grove%2C+PA+19090%2C+USA\n\nPhysical Therapy\n\n2400 Maryland Road\n\nSuite 20\n\nWillow Grove PA, 19090\n\nMain Office: 800-321-9999\n\nMonday - Friday: 8:00AM - 4:30PM\n\n2400+Maryland+Rd%2C+Willow+Grove%2C+PA+19090%2C+USA\n\nPhysical Therapy\n\n2200 Fowler Grove Blvd, Suite 360, Winter Garden, FL 34787\n\nMain:: 844-407-4070\n\nMonday - Friday: 8:00AM - 4:30PM\n\n2200+Fowler+Grove+Blvd+suite+360%2C+Winter+Garden%2C+FL+34787%2C+USA\n\nPhysical Therapy\n\n255 N Lakemont Ave, Suite 207, Winter Park, FL 32792\n\nMain: 844-407-4070\n\n255+N+Lakemont+Ave%2C+Winter+Park%2C+FL+32792%2C+USA"
    }
}