{
    "id": "dbpedia_6191_1",
    "rank": 68,
    "data": {
        "url": "https://www.jdplc.com/esg/modern-slavery/group-private-label-supply-chain",
        "read_more_link": "",
        "language": "en",
        "title": "Group Private Label Supply Chain",
        "top_image": "https://www.jdplc.com/sites/jd-sportsfashion-plc/files/jd-group-logo.jpg",
        "meta_img": "https://www.jdplc.com/sites/jd-sportsfashion-plc/files/jd-group-logo.jpg",
        "images": [
            "https://www.jdplc.com/sites/jd-sportsfashion-plc/files/jd-group-logo.svg",
            "https://www.jdplc.com/sites/jd-sportsfashion-plc/files/styles/desktop/public/jd/private-label-supply-chain-banner.jpg?itok=ZNcv2OUy",
            "https://www.jdplc.com/sites/jd-sportsfashion-plc/files/styles/desktop/public/homepage/esg/modern-slavery/private-label-supply-chain/bangladesh-image.jpg?itok=qobW3_Xi",
            "https://www.jdplc.com/sites/jd-sportsfashion-plc/files/styles/desktop/public/homepage/esg/modern-slavery/private-label-supply-chain/cambodia.jpg?itok=Goj9cqT0",
            "https://www.jdplc.com/sites/jd-sportsfashion-plc/files/styles/desktop/public/homepage/esg/modern-slavery/private-label-supply-chain/china.jpg?itok=dBTC63HN",
            "https://www.jdplc.com/sites/jd-sportsfashion-plc/files/styles/desktop/public/homepage/esg/modern-slavery/private-label-supply-chain/bangladesh-image.jpg?itok=qobW3_Xi",
            "https://www.jdplc.com/sites/jd-sportsfashion-plc/files/styles/desktop/public/homepage/esg/modern-slavery/private-label-supply-chain/cambodia.jpg?itok=Goj9cqT0",
            "https://www.jdplc.com/sites/jd-sportsfashion-plc/files/styles/desktop/public/homepage/esg/modern-slavery/private-label-supply-chain/china.jpg?itok=dBTC63HN",
            "https://www.jdplc.com/sites/jd-sportsfashion-plc/files/styles/desktop/public/pyramids-g3a86692d8_1280.jpg?itok=xzx6gprI",
            "https://www.jdplc.com/sites/jd-sportsfashion-plc/files/styles/desktop/public/ethiopia.jpg?itok=W23f7_i0",
            "https://www.jdplc.com/sites/jd-sportsfashion-plc/files/styles/desktop/public/homepage/esg/modern-slavery/private-label-supply-chain/india.jpg?itok=EmuLueOU",
            "https://www.jdplc.com/sites/jd-sportsfashion-plc/files/styles/desktop/public/pyramids-g3a86692d8_1280.jpg?itok=xzx6gprI",
            "https://www.jdplc.com/sites/jd-sportsfashion-plc/files/styles/desktop/public/ethiopia.jpg?itok=W23f7_i0",
            "https://www.jdplc.com/sites/jd-sportsfashion-plc/files/styles/desktop/public/homepage/esg/modern-slavery/private-label-supply-chain/india.jpg?itok=EmuLueOU",
            "https://www.jdplc.com/sites/jd-sportsfashion-plc/files/styles/desktop/public/homepage/esg/modern-slavery/private-label-supply-chain/itlay-image.jpg?itok=LHn70k1g",
            "https://www.jdplc.com/sites/jd-sportsfashion-plc/files/styles/desktop/public/Malaysia.jpg?itok=uj4l2tKQ",
            "https://www.jdplc.com/sites/jd-sportsfashion-plc/files/styles/desktop/public/homepage/esg/modern-slavery/private-label-supply-chain/pakistan-image.jpg?itok=-x6_WXr1",
            "https://www.jdplc.com/sites/jd-sportsfashion-plc/files/styles/desktop/public/homepage/esg/modern-slavery/private-label-supply-chain/itlay-image.jpg?itok=LHn70k1g",
            "https://www.jdplc.com/sites/jd-sportsfashion-plc/files/styles/desktop/public/Malaysia.jpg?itok=uj4l2tKQ",
            "https://www.jdplc.com/sites/jd-sportsfashion-plc/files/styles/desktop/public/homepage/esg/modern-slavery/private-label-supply-chain/pakistan-image.jpg?itok=-x6_WXr1"
        ],
        "movies": [],
        "keywords": [],
        "meta_keywords": [
            ""
        ],
        "tags": null,
        "authors": [
            "JD SportsFashion"
        ],
        "publish_date": null,
        "summary": "",
        "meta_description": "Group Private Label Supply Chain",
        "meta_lang": "en",
        "meta_favicon": "/sites/jd-sportsfashion-plc/files/fevicon.svg",
        "meta_site_name": "JD SportsFashion",
        "canonical_link": "https://www.jdplc.com/esg/modern-slavery/group-private-label-supply-chain",
        "text": "Data updated twice a year\n\n*Tier 1 factory audits are semi announced.\n\nBangladesh\n\nList Updated Twice Per Year\n\nTier 1 Primary\n\nPartner Name Partner Address City Male Workers Female Workers Total Workers Eurotex Knitwear Ltd Nayamati Kutubpur Fatullah Dhaka Narayanganj 1660 855 2545 Lhotse (BD) Plot Number 60 & 61 Sector 3 Karnaphuli Export Processing Zone North Potenga Chittagong / Chattogram 4204 Chittagong 501 1051 1552 Tokio Mode Ltd 98/173 Choydana National University Dhaka 1805 Gazipur 289 434 723 Meghna Bangladesh Limited Mulaid Mawna Sreepur Dhaka Gazipur 157 68 225 Tianye Outdoor (BD) Co Ltd Sfb 03 Ishwardi Export Processing Zone Paksey Pabna Ishwardi 296 393 689 Abir Fashions House Nr 44 Road Nr 02 Kutubail Fatullah Dhaka Narayanganj 450 600 1050 Four Design Plot S 7 8 Bscic Hosiery Industrial Area Shashongaon Fatullah Dhaka 1420 Narayanganj 678 585 1263 Momo Fashion Ltd Joypura Dhamrai 1350 Savar 299 218 517 OFMA Camp Plot 58-62 Sector 1 Karnafulli Export Processing Zone(Kepz) North Patenga Chittagong / Chattogram 4204 Chittagong 335 468 803 New Era Fashions MFRS 10 11 12 Sector 3 Road 8 Chittagong / Chattogram 4219 Chittagong 601 1182 1783 DK Global Fashion Wear 330/1 West Souldubi Kashimpur Sadar Dhaka 1700 Gazipur 253 468 721 Afrah Fashion Ltd Plot No- A-16 (Part ) Block-A Bscic Industrial Area Fauzdharahat Sagorika Road Chittagong / Chattogram 4219 Chittagong 168 950 1118 Century Apparels Ltd Holding 1 Block B D N Road West Madair Fatullah 1400 Narayangonj 206 307 513 Esquire Knit Composite Ltd Kanchpur Sonargaon Dhaka Narayanganj 2333 2581 4914 Habitus Fashions Ltd Gajaria Para Bhawal Mirzapur 1703 Gazipur 1084 1783 2867 Khaja Attires Hajji S H K Musa Industrial Estate Kayempur Fatullah Narayangonj - - - L'Esquire Limited Jamirdia Valuka Mymensingh Bhaluka 2240 Mymensingh 546 1014 1560 Mzm(Cepz) Ltd Plot 8-9 Sector 2/ A Cepz 4223 Chattogram 659 1538 2197 Parkscene Bangladesh Ltd Kunia K B Bazar 1704 Gazipur 171 226 397 Robintex (Bangladesh) Limited Vulta Rupgonj 1462 Narayanganj 1228 769 1997 Rs Composite Holding No 890 Shasongaon Fatullah Narayanganj 1168 1168 2336 Techno Fiber Ltd House 103 Afiz Complex Chowdhury Bari Vogra 1704 Gazipur 394 362 756 Total Fashion Kamtal Barpara P S Bandar Narayangonj 600 551 1151 Wucho Fashion Ltd Afsar Uddin Shekh Complex Hazi Liakat Ali Road Jamgara Ashulia 1349 Dhaka 333 778 1111\n\nTier 2 Mill\n\nPartner Name Partner Address City Male Workers Female Workers Total Workers Four Design Knitting Units Plot S 9 B 116 Bscic Hosiery I E Shashongaon Fatullah 1400 Narayanganj 11 1 12 Zong Sine Textile Industries Ltd Plot No 202-218 ( Extn ) Depz Savar 1349 Dhaka 254 1 255\n\nTier 3 Dye\n\nPartner Name Partner Address City Male Workers Female Workers Total Workers Azad Rifat Fibers Ltd Ramarbag Katubpur Fatullah 1420 Narayanganj 875 35 910 Alliance Knit Composite Pukurpar Zirabo Savar 1608 70 1678\n\nTier 4 Print / Embroidery\n\nPartner Name Partner Address City Male Workers Female Workers Total Workers U-Jin Led Co (Bd) Limited Plot 61 Sector 7 Cepz 4223 Chittagong 105 53 158\n\nCambodia\n\nTier 1 Primary\n\nPartner Name Partner Address City Male Workers Female Workers Total Workers Unicorn (Cambodia) Recreation Products Co Ltd National No 2 Kandal Village Sangkat Roluos Dangkor District 12401 Phnom Penh 181 290 471 Guo Tai Hua Sheng Xin Feng Jing (Cambodia) Garment No 56 St Doung Ngeab Trea Stung Meanchey 10000 Phnom Penh 220 450 670 Cycletech (Cambodia) Co Ltd Aiseng Sez-Nationl Road No 1 Taboeb Village Sangkat Bavet Kingdom Of Cambodia Svay Rieng 20202 Bavet 308 127 435 Xin Hongrui (Cambodia) Garment Trapeang Khyang Village Toul Ampil Commune Borseth District 05361 Kampong Speu 170 538 708 Ever Supra Garment (Cambodia) Co Ltd Phum Pred Kampis Street 217 Sangkt Prek Kampis Khan Dangkor Phnom Penh 185 308 493 Sortics Alliance Co Ltd Spean Por Village Sethei Commune 855 Samaki Mean Chey 208 529 737\n\nTier 4 Print/ Embroidery\n\nPartner Name Partner Address City Male Workers Female Workers Total Workers Harmony (Cambodia) Printing Co Ltd Phoum Trapang Lveasangkat Kakab Khan Posent Chey 120912 Phnom Penh 100 80 180\n\nChina\n\nTier 1 Primary\n\nPartner Name Partner Address City Male Workers Female Workers Total Workers Quanzhou Guoxin Sport Goods Co Ltd Huixi Road Chengnan Industrial Park Luoyang Town Hui’An County Fujian Quanzhou 19 29 48 Anhui Guanting Technology Industrial Park Cross Town Langxi Anhui Xuancheng 16 32 48 Shanghai Leisure Spirit Co Ltd Mengcheng Branch Building 2 Industrial Function Area Shuangjian Town Mengcheng County Anhui 233500 Bozhou 2 37 39 Fo Shan Yuelong Metal Manufacturing Co Ltd Block G Xingfu Industrial Zone Wuzhuang Luocun Nanhai Guangdong 510000 Foshan 10 13 23 Changzhou Haige Microfiber Textile Co Ltd Add Baijia Industrial Park Niutang Town Wujin Zone Jiangsu Changzhou 7 42 49 Changzhou Hualixin Sport Product Co Ltd No 5 Kele Road Xingqiao Town Xinbei District Jiangsu 213022 Changzhou 6 26 32 Changzhou Qiaoyu Tourist Product Co Ltd Yincun Zouqu Outside W. Gate Zhonglou District Jiangsu Changzhou 210 238 448 Ningbo Tingwei Electric Technology Co Ltd No.96 Longzhen Street Longshan Industrial Zone Of Cixi City Zhejiang Ningbo 54 43 97 Cixi Hengrui Hat Factory No 628 Zhendong Road Zhouxiang Town Cixi Zhejiang 315324 Ningbo 7 33 40 Dalian Jialin Garments Co Ltd Dalu Village Chengzitan Town Pulandian Liaoning 116224 Dalian 97 274 371 Danyang City Shi Wai Yuan Camping Products Co Ltd Changli East Road Huangtang Town Jiangsu Danyang 10 30 40 Jiangsu Lilong Outdoor Products Co Ltd Daoshu Town Industrial Zone Jiangsu 212300 Danyang 35 101 136 Danyang Sky Land Outdoor Production Co Ltd No 88 Lvmeng Road Lvcheng Town Jiangsu Danyang 14 45 59 Jiangsu Huida Outdoor Products Co Ltd Phoenix Industrial Estate Yanling Town Jiangsu 212300 Danyang 20 8 28 Sichuan Hengshuodijie Garment Co Ltd 1st Floor Building A1 Western International Garment Industry Park Economic Development Zone Sichuan 635200 Dazhou 12 34 46 Foshan Nanhai Keyo BBQ Industry Co Ltd No 2 Shencun Industrial Zone Beisha Lishui Town Guangdong Foshan 60 38 98 Fujian Shining 4th Floor No 34 Building Juyuanzhou Industrial Section Fujian 350008 Fuzhou 30 66 96 Fujian Fashion Flying Garments Co Ltd Fuzhou Branch Company Building 47 Juyuanzhou Jinshan Industrial Zone No. 618 Jinshan Avenue Cangshan District Fujian 350007 Fuzhou 87 143 230 Hubo Sports Products Co Ltd Building C63 Wanyang Zhongchuang City Zhaoqing 41 Dawang Avenue Zhaoqing Hightech Zone 526238 Zhaoqing 17 32 49 Guangzhou Xinwei Shoe No 475 Guangcong South Road Taipig Village Taiping Town Conghua District Guangdong Guangzhou 115 148 263 Hangzhou Shengfan Craft Co Ltd Floor 4 Building 2 No 276 Gonghe North Road Xindeng Town Fuyang District 311404 Hangzhou 3 13 16 Revo Products Limited No 411 Qingxian Road Linglong Street Lin'An District Zhejiang 311121 Hangzhou 37 39 76 Hangzhou Fufan Industry Co Ltd No 1 Panlongshan Road Changkou Town Fuyangqu Zhejiang 311400 Hangzhou 36 57 93 Hangzhou Fuyang Yiyuan Industry Co Ltd No 101 Jincheng Road Xindeng Town Fuyang Zhejiang 311404 Hangzhou 108 220 328 Jiangsu Xinghang Gloves Co Ltd South Of Xichang Street Huai'An District Jiangsu 223200 Huaian 9 83 92 Huizhou Zhongxin Lighting Ltd Da'Er Village Xiaojinkou Town Huicheng District Guangdong Huizhou 10 14 24 Cheung Tai Toys Co Ltd No.259 Fuzhong Road Yigang Village Guangshan Road Futian Town Boluo County Guangdong 516131 Huizhou 92 125 217 Huizhou Huaxing Sports Goods Ltd Zone B 4/F Block 2 Changfang Industrial Park No.1 Xingyun East Road Zhongkai Hightech District High-Tech Industrial Park Guangdong Huizhou 9 39 48 Huzhou Universal Glove Ltd No 333 South Of Qufu Road Balidian Town Wuxing District Zhejiang 313028 Huzhou 16 78 94 Zhejiang Hengfeng Technology Co Ltd No 68 North Yongping Road Wukang Town Deqing County Zhejiang 313200 Huzhou 355 393 748 Zhejiang Hengfeng Top Leisure Co Ltd No. 860 Beihu East Street Wukang Town Deqing County Zhejiang Huzhou 312 201 513 Jiangyin Shencheng Garment Co Ltd Building No 1 2 & 3 No 88 Changshan Road Shanguan Chengdong Street Jiangsu 214437 Jiangyin 40 256 296 Jiangyin Mingao Garment No 21 Huanxi Road Wenlin Zhutang Town Jiangsu Jiangyin 18 30 48 Jingmen Yingdian Clothing Co Ltd No 419 Longjing Avenue Jingmen High-Tech District & Duodao District Room 201 202 Second Building Huigu Zhongchuang Industrial Park Hubei 448124 Jingmen 34 57 91 Wuyi Hitree Leisure Products No 7 1St Huanglong Road Huanglong Industry Zone Hushan Street Wuyi Town Zhejiang 321200 Jinhua 65 52 117 Zhejiang Sunshine Leisure Products Co Ltd Shenzhai Village Baiyang Street Wuyi County Zhejiang 321200 Jinhua 203 215 418 Zhejiang Deermaple Outdoor Products Co Ltd Southeast Industrial Zone Shuxi Street Wuyi Town Zhejiang Jinhua 140 96 236 Xiangcheng Shoes Plastics Co Ltd Nanhu Industrial Area Wudai Chendai Fujian 362200 Quanzhou 234 244 478 Jinjiang Wancheng Garments Ltd No 8 East Dadongshan Road Cizao Printing & Packaging Industrial Park Fujian Quanzhou 90 130 220 Jinjiang Yuanli Shoes Co Ltd No. 11 West Qiantou Chidian Fujian 362200 Quanzhou 120 117 237 Hui Sheng Shoes Co Ltd No 168 West Xiafu Village Chidian Town Fujian 362212 Quanzhou 45 51 96 Huajia Sport Goods Co Ltd No 610 Fengdong Area Chidian Village Chidian Town Fujian 362200 Quanzhou 48 50 98 Jinjiang Xinnanxing Shoes Plastic Manufacturing No 33 South Lake West Road Wudai Village Fujian 362200 Quanzhou 50 48 98 Gongqingcheng Jinpu Garment Factory Floor 1 2 Fazhan North Road Building 8 Gongqingcheng Garment Industrial Park Jiangxi 332020 Quanzhou 28 59 87 Linyi Charming Shoes South Side Of East Section North Outer Ring Road Yinan Shandong Linyi 67 186 253 Fujian Doofar Outdoor Sporting Goods No 7 Industrial Avenue Yaoping Village Lianfeng Town 366200 Fujian 87 65 152 Nanan Fengxin Sportsbag Co Ltd Binjiang Industrial Base Xiamei Town Fujian Nanan 25 62 87 Bestway (Nan Tong) Recreation Corp No 8 Huimin West Road Rugao Economic Development Zone Rugao City Jiangsu Nantong 2204 2223 4427 Nantong Apparel-Tech Co Ltd No. 101 Hexing Road Economic And Technology Development Zone Jiangsu 361000 Nantong 13 74 87 C-Star Optoelectronics (Ninghai) Limited 16 Wanghai Industrial Area Xidian Town Ninghai County Zhejiang Ningbo 42 24 66 Jiangxi Xinlong 1069 Road 1 Jinsha Xiaolan Industrial Park Nanchang Zhejiang 62099 Ningbo 17 72 89 Ninghai Hexiang Electrical Appliance Co Ltd Houxi Xiangshi Village Xidian Town Ninghai County Zhejiang 315000 Ningbo 18 21 39 Ningbo Znpon Electrical Appliance Co Ltd No 1018 Tianyuan Avenue Cixi Zhejiang 315324 Ningbo 22 20 42 Taizhou Huangyan Xinchunling Industry No 111 Shengli Road Shengli Road Gaoqiao Street Huangyan Taizhou Zhejiang 315324 Ningbo 45 42 87 Ninghai Sohot Electrical Appliances Co Ltd No 3 Xiangyuan Road Binhai Industrial Park Phase II Xidian Town Ninghai County Zhejiang 315600 Ningbo 58 38 96 Ningbo Haokai Electrical Equipment Co Ltd No 206 Binhai West Road Xidian Town Ninghai County Zhejiang 315600 Ningbo 16 17 33 Ningbo Zhongyuan Alljoy Fishing Tackle Co Ltd No. 416 Binhai Rd Hangzhou Bay New Zone Zhejiang 315200 Ningbo 61 89 150 Ningbo Lisi Houseware Co Ltd No 518 Chengxin Road Yinzhou Investment And Business Incubation Zhejiang 315014 Ningbo 96 120 216 Ningbo Jianxing Commodity Co Ltd No 73 Kuangshan Road Shaojia Binghai Village Xidian Town Ninghai County Zhejiang Ningbo 3 6 9 Ningbo Lingna Garment Co Ltd No 8 Jintong Road Xinchen Village Wuxiang Town Yin Zhou District Zhejiang Ningbo 37 51 88 Ningbo Fumao Outdoor Products Co Ltd No.100 Chuangye Road Ningdong Economic Development Zone Ninghai Zhejiang Ningbo 26 22 48 Ningbo Sunrise Leisure Products Co Ltd No2 Lane 520 Tongning Rd. Jiangbei Venture Park C Zone Zhejiang 315033 Ningbo 9 4 13 Ninghai Supersun Tourist Goods Factory No 46 Tazhu Road Meilin Street Ninghai Zhejiang Ningbo 16 33 49 Ningbo Neway Knitting Co Ltd No.8 Gaoai Road Xiangai Village Wuxiang Town Yinzhou District Ningbo Zhejiang China Zhejiang 315100 Ningbo 76 123 199 Ningbo AMC Garments Sizhoutou Town Xiangshan Country Zhejiang Ningbo 12 120 132 Ningbo Yongnan Knitting Co Ltd The 1st & 3rd Floor Of Builidng D No 1301 Xiangshangang Road Juexi Subdistrict Xiangshan County Zhejiang 315708 Ningbo 39 108 147 Ningbo Yinzhou United The Shangfan Industrial Zone Hengxi Yinzhou Zhejiang 315131 Ningbo 11 15 26 Ningbo Zhaoyang Electronic Technology Co Ltd No 16 Zhujia Road Binhai Industrial Zone Xidian Town Ninghai County Zhejiang Ningbo 48 44 92 Putian Xiecheng Footwear Co Ltd Industrial Park Fengting Xianyou Fujian 351254 Putian 405 1095 1500 Santic (Quanzhou) Gmt & Knitting Co Ltd 3-4 F Zhengxin Plaza 22 Chongyi Road Qingmeng Fujian Quanzhou 66 131 197 Jinjiang Dajin Garment Manufacturing Co Ltd 5th Building B4 Septwolves Industry Jinjing Community Jinjing Town Jinjiang County Fujian 362251 Quanzhou 13 34 47 Quanzhou Deheng Footwear Building A B C No 28 Yushi Road Qingmeng Industrial District Economic And Technological Development Zone Fujian Quanzhou 109 129 238 DCP Travelling Goods Co Ltd Chengbei Industry Area Luocheng Town Hui An County Fujian Quanzhou 65 141 206 Huian Feichongtian Bags Co Ltd No 202 Luo He Road Luo Yang Town Taiwaness Investment Zone Fujian China Fujian Quanzhou 13 17 30 Quanzhou Unisen Footwear Co Ltd No19 Fengchi West Road Wutan Village Chidian Town Jinjiang Fujian Quanzhou 44 54 98 Fujian Shuntaisheng Shoes Co Ltd 1St To 5Th Floors No 57 Huwai Industrial Zone Pengtou Village Jinjiang Shi 362200 Quanzhou 112 134 246 Quanzhou Zhongde Textile North Industrial Zone Of Luoyang Taiwanese Investment Zone Fujian 362121 Quanzhou 13 35 48 Quanzhou Binwei Shoes Number 584 71 Middle Road Xiban Village Chendai Town Fujian 362211 Quanzhou 25 24 49 Jinjiang Pinyan Garments Manufacturing Co Ltd No 74 Middle Of Shangguo Industrial Xintang Street Jinjiang Fujian 362005 Quanzhou 31 17 48 Anpo Shoes Co Ltd Xibian District Chendai Jinjiang Fujian 362211 Quanzhou 149 151 300 Quzhou Tianye Camping Co Ltd No 3 Building No 895 Century Avenue Zhejiang 324000 Quzhou 43 190 233 Nantong Solamoda Garments No 269 Runhua Road Jiuhua Town Rugao City Jiangsu 226000 Nantong 25 160 185 Shanghai Leisure Spirit Co Ltd No 2385 Xinjianyi Road Xuhang Jiading Shanghai Shi 201808 Shanghai 10 19 29 Shangqiu Jiaying Shoes Industrial Cluster District Of Sui District Henan 461700 Shangqui 46 52 98 Shaoxing Jinqiao Umbrella Co Ltd Industrial Zone Songxia Town Zhejiang Shaoxing 13 34 47 Zhejiang Tengxin Umbrella Co Ltd Shangyu Sub-Branch Xindaijia Village Xietang Town Shangyu District Zhejiang 312365 Shaoxing 48 90 138 Taian Hongbang Garment Co Ltd Eastern Section Of Fuqian Street Heshan Township Ningyang County Shandong 271400 Taian 42 367 409 Taicang Jiebin Garment And Accessory Factory No 469 Feima Road Liujia Gang Fuqia Province Jiangsu 215433 Suzhou 3 45 48 Taizhou Taikong Industrial Co Ltd No 43 Beiyuan Road Huangyan West Economic & Development Zone Zhejiang Taizhou 190 350 540 Zhejiang Sanmen Hongqiao Number 53 Xianghe Road Haiyou Street Zhejiang 317100 Taizhou 231 130 361 Zhejiang Natural Outdoor Goods Inc Xiacao Village Pingqiao Town Tiantai County Zhejiang 317203 Taizhou 737 821 1558 Weihai CTO Sports Goods Co Ltd No 5 2 Yuqiao Road Economic And Technical Development Zone Shandong 264200 Weihai 13 21 34 Weihai Dishang Aihua Garments No 50 Chuangye Road Hi Tech Zone Shandong 264209 Weihai 70 142 212 Weihai Jiangmao Outdoor Products Co Limited 597-1 Zhonghan Road Manshan Town Lingang Economic and Technological Development Zone Shandong 264414 Weihai 4 35 39 Wehai Haitong Sports Goods Co Ltd No.3 Liulin Industrial Park Wenquan Town Shandong 264200 Weihai 9 19 28 Wudi Qilin Fenghe Recreation Products Co Ltd No. 1 Chenzhen Industrial Park Chewang Town Wudi Shandong Binzhou 12 85 97 Wuhu Highrun Garments Manufacturing Co Ltd No 6 Eqiao Road Sanshan Economic Development Zone Anhui 241000 Wuhu 34 138 172 Wuhuxian Hengxin Apparel Co Ltd Yingang Industrial Gather Zone Liulang Town Anhui 241100 Wuhu 17 76 93 Jiangyin Youjin Garment Co Ltd No 8 Renmin Road Zhutang Town Jiangyin Jiangsu 214415 Wuxi 59 129 188 Xiamen Jia De Xing Industrial Room 201 301 401 501 No 16 Huli Park Tong An Industrial Zone Tong An Fujian 36100 Xiamen 66 166 232 Xiamen Jishunxin Fashion Co Ltd 29 Tianyang Road Jimei District Fujian 361021 Xiamen 16 24 40 Yixin Leather Goods 686 Fengnan Road Dapu Villiage Xinmin Town Tongan District Fujian Xiamen 14 50 64 Xiamen Expanding Industrial Co Ltd No 21 Siming Park Industrial Concentration Zone Tong'An District Fujian 361000 Xiamen 24 43 67 Ningbo Gianteagle Gecom Knitting Chengdong Development Zone Juexi Street Xiangshan Zhejiang 315700 Ningbo 58 136 194 Xinghua Shengjie Fishing Tackle Manufacturing Co Ltd No 28 Nanguanhe Road Economic Development Zone Jiangsu 225700 Xinghua 0 10 10 Hebei Jinyueze Clothing Nan Gong County Industry Clusters Hebei 050000 Xingtai 21 116 137 Fen Yi Shang Lin Garments Co Ltd Shuanghe Road Shuanglin Town Fenyi Xinyu Jiangxi 336615 Xinyu 13 85 98 Ningguo Dome Hats And Accessories Mfg Co No 8 Chuangye Road Ningguo Anhui 342524 Xuancheng 2 23 25 Xuchang Weilan Apparel Manufacture Co Ltd Middle Of Wenming Road Apparel & Footwear Industrial Park Xiangcheng County Henan 461000 Xuchang 9 81 90 Xiangshui Longheng Garments Development Zone Of Xiangshui County Jincheng Jiangsu 224600 Yancheng 10 85 95 Jiangsu Acome Outdoor Products Co Ltd 119 Shuang Tang Industry Park Ganquan Town Western Suburbs Of Yangzhou Jiangsu 225123 Yangzhou\n\n117\n\n593 710 China Herun Corp Ltd No 8 Herun Road Cheluo Town Gaoyou Jiangsu Yangzhou 18 54 72 Zhejiang Runhui Finery Co Ltd No.218 Fangshan Road Fotang Town Yiwu City Zhejiang 322002 Jinhua 186 208 394 Zhejiang Qianqiang Industry & Trade Co Ltd 89 Huanhu Road East City Street Zhejiang 321300 Yongkang 52 41 93 Zhangzhou Toltec Outdoor Products Co Ltd No. 102 Xinting Road Huangcang Industrial Zone Suian Zhangpu Fujian Zhangzhou 26 71 97 Hangzhou Fuyang K&R Knitting Co Ltd Industrial Function Area Wanshi Town Fuyang District Zhejiang 311406 Hangzhou 8 35 43 Zhejiang Happy Outdoors Co Ltd 67 Hangfeng Rd Daqiao Industrial Zone Ciwu Town Zhejiang 311815 Zhuji 9 36 45 Zhuji Jiaxin Knitting Co Ltd No 7 Yongjiu Road Datang Street Zhejiang 311800 Zhuji 20 20 40 Zhuji Meifu Knitting No 2 Building No 268 Shangcheng North Road Datang Town Zhejiang 311801 Zhuji 21 26 47 Anhui Guiji Outdoor Products Co Ltd Jinshen Industry Park Zhuyuan Road Jinshen Town Toncheng Anhui 231440 Anqing 19 134 153 Ningbo Silversun Fishing Tackle Number 353 Sanbei Middle Rd Guanhaiwei Town Cixi Zhejiang 315315 Ningbo 16 34 50 Shaoxing Weideng Leisure Tourism Supplies Zhangjia Village Songxia Town Shangyu District Zhejiang 312369 Shaoxing 7 23 30 Anhui Runtex Fashion Co Ltd Jincheng (West) Road Economic & Industry District Langxi Anhui 242100 Xuancheng 10 51 61 Dongguan Kai Hong Caps And Bags Company Limited No 123 Tangwei Industrial Street Tangwei Village Shipai Town Guangdong 523330 Dongguan 14 32 46 Nanjing Phairy Clothing Factory 15 Longjing Road Youbeng Development Zone Gaochun Jiangsu 211300 Nanjing 6 66 70 Zhejiang Yiheng Textile Technology (YH Socks) No 8 Shuangjin Road Datang Town Zhejiang 311801 Zhuji 125 140 265 Jiangsu Weiluyi Industrial Co Ltd The 4Th Building Saihui International Industrial Park Group 12 Xue'An Community Dongchen Town Rugao Jiangsu 226573 Nantong 8 73 81 Danyang Bolin Medical Products Corporation No 3 Bei Er Huan Jiangsu 212300 Danyang 7 22 29 Dongguan Haowei Sports Goods No14 Chatang Road Chashan Town Guangdong Dongguan 48 40 88 Jinjiang Peike Shoes Co Ltd No.181 Tangshi West Area Tangshi Industrial Zone Chidian Town Jinjiang Fujian Quanzhou 46 51 97 Ningbo Bainian Electrical Appliance 785 North Road Xincheng Ave Cixi Zhejiang 315300 Ningbo 64 80 144 Shuyang Guoyun Garment Co Ltd No 6 Zhoushi Road Industrial Park Of Liuji Town Shuyang County Jiangsu 223666 Suqian 45 243 288 Wenzhou Sunrise Industrial And Trading Co Ltd Building 1 1 Tonghui Road Panqiao Street Ouhai Zhejiang 325041 Wenzhou 80 76 156 Wenzhou Winway Trading Room 402 Floor 4 & Room 502 Floor 5 Building 5 Xinshuangjing Industrial Park Longgang City Zhejiang Wenzhou 11 10 21 Wenzhou Xinghai Shoes 5th Floor Building 2 19 Kangda Road Sanxi Industrial Zone Ouhai District Zhejiang 325000 Wenzhou 59 39 98 Xiamen Lvyue Outdoor Equipment No 12 Tianyang Road Jimei North Industrail Zone Fujian 361021 Xiamen 132 181 313 Yiwu Wanyi Technology Development Co Ltd No 100 East Chaoyang Road Fotang Town Zhejiang 322013 Yiwu 112 132 298 Zhuji Ouqi Knitting Chuntangxi Village Caota Town Zhejiang 311800 Zhuji 21 29 50 Zhuzhou Magesure Home Textile Co Ltd Standard Factory Building 1 Garment Industrial Park Economic Development Zone Xiadong Street Chaling County Hunan Zhuzhou 32 243 275 Anhui Jinxin Bags Co Ltd No 1 Qianyang Road Meicheng Town Qianshan County 246300 Anqing 22 119 141 Anhui Lanlan Towel & Sheet Co Ltd Zongyang Economic Development Area And Textile Industry Garden Anhui Province 246701 Tongling 55 116 171 Baoji Hawk Ind And Trade Co Ltd No 17A Chencang Middle Road Chencang District Gaoxin 721300 Baoji 30 110 140 Bestway (Jiangsu) Recreation Corp No 18 Xiexin Road Funing Economic Development Zone 224400 Funing 725 1695 2420 Botou Kaize Bell Co Maqiao Village Wenmiao Town Botou Cangzhou 5 16 21 C Robert Enterprise Co Ltd No 52 Liaocai Road Xiongwei Village Zhongluotan Town Baiyan District Guangzhou 67 162 229 Changshu Cheng's Nayi Knitted Garment Co Ltd No 12 East Bixi Road Changshu 68 183 249 Cixi Wanli Cap Manufacturing Co Ltd No 15 Jianye Road Zhouxiang Town 315324 Cixi 28 53 81 Cogency (Xiamen) Garments Co Ltd 3F Lianhua Industry Zone No 117 Tianfeng Road North Of Jimei District 361021 Xiamen 8 39 47 Datian Jiahe Garment Co Ltd 1/F Building No 4 345 Futian Road Junxi Town Datian County 366100 Sanming 8 38 46 Dongguan Apex Sports And Leisure Co Ltd Room 201 Building 1 No 11 North Yuning Road Hengli Town Dongguan Guangdong Sheng China 523460 Dongguan 35 59 94 Dongguan Hengchangda Gifts Co Ltd Room 401 No 2 Dongcheng Section Chuangying Road Dongcheng Street 523000 Dongguan 5 4 9 Dongguan Hong Sheng Metal Plastic Technology Co Ltd No 13 South Street Of Gangxia Chan An Town 533846 Dongguan 48 51 99 Dongguan Hongjun Sports Goods Co Ltd No 11 Hongling Road Shenxiang Village Qishi Town 523500 Dongguan 16 26 42 Dongguan Strategic Sports Liu Huang 3Rd District Chashan Town 523388 Dongguan 757 561 1318 Dongguan Xinglong Sporting Goods Co Ltd No 10 The South Road Hongmian Xixi Industry Liaobu Town 523400 Dongguan - - - Dongyang Qidian Garment Co Ltd No 6 Lishan 3Rd Road Wangjiang Community Baiyun Street 322100 Dongyang 31 28 59 Fanchang Liren Apparel Sun Village Development Zone Fanchang County Wuxi 19 79 98 Fanchang Xinjia Clothing Co Ltd East Industrial Park Suncun Fanchang County Wuhu 12 37 49 Fenghua City Jiangkou Kinder Kitting No 168 Nandu Road Nandu Village Jiangkou Street Fenghua - - - Foshan Shunde Baiyi Garment Co Ltd 5Th Floor Block A No 15 Xiang’An Bei Road Junan 528329 Foshan 21 29 50 Foshan Youying Sports Technology Co Ltd No 8 Junhe Road Nanpu Industrial District Jun'An Town Shunde 528329 Foshan 29 19 48 Fujian Hongtai Travelling Articles Co Ltd No 87 Bilaterally Zhongyang Industrial Zone Heshi Town Luojiang District 362000 Quanzhou 19 62 81 Fujian Huian Budeniao Shoes Factory Wuzhai Village Luoyang Town Huian County Quanzhou 10 20 30 Fujian Huian Gangyan Clothes & Shoes Co Ltd Shangban Village Luoyang Town Huian County 362100 Quanzhou 24 26 50 Fujian Minyu Garment Co Ltd 1 Production Building No 169 Xujia Village Xikou Industrial Area Minhou County Fuzhou Jinxi - - - Fujian Nanping Lemon Sporting Goods Co Ltd No 5 1St Road Pucheng Industrial Park Fujian Province China 353400 Nanping 15 56 71 Fuzhou Lihui Footwear Products Co Ltd No 2 Tianputou Guozhai Village Gaishan Town 350026 Fuzhou 13 25 38 Fuzhou Starring Industrial Co Ltd No 16 Liang Road Shanggan Town Minhou County Fuzhou 97 134 231 Fuzhou Topsamtex Garment Co Ltd Floor 2-3 Building 1 No 36 Houyuan Road Shangjie District 350100 Fuzhou 11 18 29 Ganzhou Lanyu Shoes Co Ltd No 12 Industrial Avenue Guzhang Industrial Park Shicheng County Ganzhou 62 148 210 Guangzhou Ching Pin Sporting Goods 1/F & 2/F Building A No 2 Qixin Road Dong Chong Town Nansha District 511453 Guangzhou 64 67 131 Haining Fuyi Knitting Co Ltd Building 4 No 1 Shuanghong Road 314400 Haining 13 36 49 Haining Xinsheng Garments Co Ltd 3F No 18 Hongbao Road Dingqiao Town Haining Zhejiang Province 314413 Jiaxing 10 19 29 Hangzhou Laojike Shoe Industry Co Ltd Building 4 No 8 Chunjian Industrial Zone Chunjian Township Fuyang District Hangzhou 20 28 48 Hangzhou Pangdi Outdoor No 307 Qiufeng Village Fuchun St Fuyang Distict Hangzhou 18 45 63 Hangzhou Xinwei Sports Goods Co Ltd 1F 415 Shenli Village Shangguan Township Fuyang District Zhejiang Sheng 311408 Hangzhou 15 20 35 Hebei Jinli Bicycle Parts Co Ltd The East Of Tianda Street The South Of Tianshun Rd And The North Of Qiangjiu Rd Hegumiao Town Pingxiang County 054500 Pingxiang 12 32 44 Hightex Sports (Quanzhou ) Co Ltd No 26 Zishan Rd Fujian Quanzhou 63 99 162 Huizhou Lanova Outdoor Products Co Ltd Block A New Century Industrial Zone Shenli Yuanzhou Boluo 516123 Huizhou 45 35 80 Hubei Xu Jie Sporting Goods Co Ltd Xiushan Science Park Jinqiao Industry Zone Huandiqiao Town Daye City 435112 Huangshi 15 65 80 Jason Industrial Co Ltd Room 101-301 No 11Th Building Genyu Road 1013 Yulv Community Yutang Street Guangming Area 518106 Shenzhen 110 136 246 Huzhou Wuxing Hengyu Glove Co Ltd Qijiaqiao Industrial Park Daishan Village South Taihu Lake High Tech Industrial Park Huzhou 7 40 47 Jiangmen City Xinhui Area Xingxing Metal Product Co Ltd Ma Chong Crossing Xinjian Zone Siqan Town Xinhui District 529159 Jiangmen 60 80 140 Jiangsu Guorun Electric No 48 Lishi Avenue Jinhu County Huaian 27 70 97 Jiangsu Jilong Sport And Leisure Products No1 Industrial Area South Zhongchen Road Zhongyang 223800 Suqian 381 417 798 Jiangsu Qyh Carbon Tech Co Ltd East Side Of Zhongxin Road Mechanical Parts Industial Park Jiangsu Province Sihong 108 119 227 Jiangsu Topdive Sports Goods Co Ltd Radar Industrial Area Tanggou Town Shuyang County 223600 Suqian 14 35 49 Jiashan Shengguang Electronics Co Ltd No 1919 Jiashan Avenue Dayun Town Jiashan County Jiaxing 146 230 376 Jiaxing Boschen Hardwear & Plastic Co Ltd No 200 Fenghuang Rd Fengqiao Town Jiaxing 13 13 26 Jinjiang Chendaisijing Town Rongli Shoes Factory Sijing Xihu Village Chendai Town Fujian Province Jinjiang Fujian Sheng Quanzhou 20 20 40 Jinjiang Chidian Town Madeli Shoes Factory Chitang North Area Chidian Town Jinjiang Quanzhou 23 21 44 Jinjiang City Aojiang Feipeng Clothes & Accessories Co Ltd No 85 Sanou Industrial Zone Yinglin Town 362200 Quanzhou 38 59 97 Jinjiang Dingjia Shoes Industry Co Ltd No 56 Beida Road Chitang Village Chidian Town Jinjiang City 362200 Quanzhou 19 29 48 Jinjiang Heyi Dress & Weaving Co Ltd Jiapai Industrial Zone Yinglin Town Jinjiang Quanzhou 27 21 48 Jinjiang Hongming Sports Goods Co Ltd Inner Lake Industrial Area Of Neikeng Town Jinjiang 362268 Quanzhou 20 20 40 Jinjiang Huanmei Garment Co Ltd 2Nd Floor Laynos Building Sixth Floor Minisaixiong Building Liangxing Road Liangzhong Field Jinjiang Quanzhou 31 60 91 Jinjiang Huazi Shoes Limited No 1 Citong New Village Liu Shi Chi Dian Town Jinjiang 362212 Quanzhou 53 43 96 Jinjiang Jiayou Shoes Industry No 5 Xingding Road Jinjiang Economic Development Zone (Wuliyuan) 362205 Quanzhou 23 19 42 Jinjiang Kama Shoes Co Ltd No 1560 Qiyi Zhong Road Yanshang Chendai Jinjiang 362218 Quanzhou 39 52 91 Jinjiang Lengo Garment Co Ltd Zhongcheng District Shenhu Town Jinjiang 362246 Quanzhou 25 74 99 Jinjiang Liyou Shoes Co Ltd Tuan Village Neikeng Town Jinjiang 362268 Quanzhou 17 15 32 Jinjiang Lizeng Shoes Material Co Ltd No 172 Xinxing Street Xingban Community Xintang Street Jinjiang 362216 Quanzhou 21 28 49 Jinjiang Longkai Shoes Indusy Co Ltd Dongshan Industrial Zone Chidian Town Jinjiang City 362212 Quanzhou 25 22 47 Jinjiang Man Duo Garment Co Ltd No 40 Xunkeng Area Sankeng Village Jinjing Town Quanzhou 34 64 98 Jinjiang Pingsheng Shoes Co Ltd Neishanwei Industrial Area Neikeng Town Jinjiang 361012 Quanzhou 16 27 43 Jinjiang Shangdian Shoes Co Ltd No 49 South Industrial Zone Andou Village Chendai Town Jinjiang 362211 Quanzhou 30 17 47 Jinjiang Tianwei Garment Co Ltd Room 158 2Nd Floor Caohupu District Yushan Village Jinjing Town Jinjiang City Quanzhou 8 12 20 Jinjiang Weinier Outdoor Products Co Ltd No 2 Haoan Road Anping Development Area Anhai Town 362261 Quanzhou 12 36 48 Jinjiang Yuanbang Dress Co Ltd Huiyuan Building Xiushan Village Longhu Town Jinjiang Quanzhou 38 48 86 Jinjiang Yuanbang Garments Company Limited The Fifth Floor Of Huiyuan Building Longhu Town Longhu Town Jinjiang 362000 Quanzhou 38 48 86 Jinjiang Yuxin Shoes Co Ltd Chidian Industrial Zone Chidian Town Jinjiang Quanzhou 43 49 92 Jurong Jinyang Knitting Co Ltd Baitu Village Baitu Town (Diagonally Across From The Village Committee) Jurong Jiangsu Sheng Zhenjiang 8 9 17 Kaifeng Fujian Sport Shoes Co Ltd No 79 East Area Of Wutan Village Wutan Industrial Area Chidian Town Jinjiang 373804 Quanzhou 27 53 80 Linhai Honghui Clothing Co Ltd Sihou Village Datian Subdistrict (Linhai City Datian Chengyu Kechuan Park) Linhai 317000 Linhai - - - Linhai Juncheng Glasses Co Ltd 301 Unit 2 Building 7 Glasses Pioneer Park Donghai First Avenue Duqiao Town 318000 Linhai 20 28 48 Lulutong Shoes Industry Co Ltd Lianshanmei Industrial Area Neikeng Town Jinjiang 362268 Quanzhou 24 24 48 Luoyang Fluent Sports Product Co Ltd A-Ok Industrial Park Yiyang Industrial Cluster District 471600 Luoyang 208 575 783 Nanchang Dongshen Knitted Garment Co Ltd 1888 Dongsheng Avenue Changdong Industrial District Qingshan Hu Area Nanchang 104 769 873 Nanping Huajin Garment Co Ltd No 139 Dongxi Road 353000 Nanping 5 43 48 Ningbo Detai Machine Industry Co Ltd Meixi Rd Meiyuan Yiujiang Ningbo 34 14 48 Ningbo Ferts Bicycle Accessory Co Ltd No 426 North Mozhi Road Dongqianhu 315100 Ningbo 4 20 24 Ningbo Junqiang Electric Appliance Co Ltd The End Of Changyang Hill Changyang Village Shenzhen Town Ninghai County 315614 Ningbo 45 53 98 Ningbo Lisheng Shoes Development Co No 265-1 Hujiata Kongshu Village Xiaogang Street Beilun District 315803 Ningbo - - - Ningbo Ruijin Sporting Goods Co Ltd West Beihu Road Qiangjiao Town Ninghai County 315600 Ningbo 17 31 48 Ningbo Swan Sports Appliance Manufacturing Co Ltd Yufan Village Jiaochuan Street Zhenhai District Zhejiang Ningbo 25 67 92 Ninghai Mumaren Outdoor Products Co Ltd No 4 Huacheng South Road Shenzhen Town Ninghai County 315614 Ningbo 10 23 33 Ninghai Yisen Daily Use Co Ltd Qiaopeng Village Xidian Town Ninghai County 315600 Ningbo 19 29 48 Ningling Sunjoy Garment Co Ltd A3 Building Meichao Industrial Park West Side Of North Yongle Road Hengang 12 108 120 Pujiang Cap Fashion Co Ltd No 218 Xingbi Road Pujiang County Zhejiang Province China 322200 Jinhua 23 49 72 Putian Hongrui Industrial Co Ltd Jindun Village Xindu Town Licheng District 3F No 1 Production Building Putian 26 187 213 Qingdao Huilu Silicone Co Ltd No 808 Beier Shan Road Lingang Economic Zone Huangdao New District 266400 Qingdao 452 625 1077 Qingyuan Xinglong Ball Producing Co Ltd 1St Workshop Of Qingyuan Ball King Sports Goods Co Ltd 10Th Hefeng Road Guangzhou Huadu(Qingxin) Industrial Shift Park Heyun Town Qingxin District 511875 Qingyuan 68 84 152 Quanzhou Baiheng Garment Co Ltd No 500 Changxing Road Torch Industrial Development Zone Licheng District 362005 Quanzhou 18 25 43 Quanzhou Baolijia Bags Co Ltd The 4Th Floor Of 1 Production Building No 77 Taikang Road Xiantang Changtai Sub-District Licheng District Quanzhou 14 27 41 Quanzhou Binda Shoes Co Ltd Xiao Xia Wu Xindian Village Chidian Town Quanzhou 46 53 99 Quanzhou Bohai Handbag & Finery Co Ltd Huidong Industrial District Dongqiao Town Huian 362141 Quanzhou 22 77 99 Quanzhou Chaoyong Shoes Co Ltd 1401 Qiyi Middle Road Yangdai Village Chendai Town Jinjiang 362200 Quanzhou 51 47 98 Quanzhou City Tengyu Garments & Weaving Co Ltd No 95 Yuquan District Xiaoxia Village Dongshi Town Jinjiang Quanzhou 24 25 49 Quanzhou Epoch Travelling Goods Co Ltd No 28 Chongheng Road Quanzhou Economic & Technological Development Zone Quanzhou 17 44 61 Quanzhou Fengze Yisheng Leather Co No 3 Building South Of Xunmei Industry District Chengdong Fengze District 362011 Quanzhou 26 37 63 Quanzhou Haihuang Garments Co Ltd No 510 Fuqiao Street Xianjing Industrial Zone Licheng District Jinan Quanzhou 24 24 48 Quanzhou Hongle Shoes Co Ltd No 72 Pengqing Industrial South Road Pengtou Village Chendai Town Jinjiang 362200 Quanzhou 27 20 47 Quanzhou Hongtu Garments Co Ltd Floor No 1 4 5 Front Building Streent Fuqiao No 504 Area Licheng Quanzhou 15 33 48 Quanzhou Jiameile Bags Co Ltd Xunmei Industrial Area Fengze District 362011 Quanzhou - - - Quanzhou Jinfuquan Bags Co Ltd No 498 Houkeng Industrial Zone Licheng District 362000 Quanzhou 45 53 98 Quanzhou Jinfuxin Garment Weaving Co Ltd 3Rd Floor No 1 Buliding Bangde Industrial District Taocheng Town Yongchun County Quanzhou 9 26 35 Quanzhou Luncheng Shoes Co Ltd No 5 Chitang Village South Industrial Zone Chidian Town Jinjiang 362212 Quanzhou 29 20 49 Quanzhou Maorun Garment Co Ltd No 299 Xingxian Road Jiangnan Community Licheng District Fujian Sheng Quanzhou 17 30 47 Quanzhou Meilan Garment Co Ltd Anxi Branch No 4 Lianzhong Road Longqiaoyuan Area Economic Development Zone Guanqiao Town Anxi Quanzhou 8 41 49 Quanzhou Pengcheng Shoes Co Ltd No 31 Northwest District Wutan Village Chidian Town Jinjiang 362200 Quanzhou 23 25 48 Quanzhou Qiming Sporting Goods Co Ltd No 24 Zhongguang Road Yangdai Village Chendai Town Jinjiang Quanzhou 45 52 97 Quanzhou Rongsheng Bag Co Ltd Xinyuan Building Jiangnan Street Licheng District 362000 Quanzhou 33 47 80 Quanzhou Tangren Clothing Co Ltd 1 Huatai Road Qingmeng Science And Technology Industrial Zone Quanzhou 67 101 168 Quanzhou Tianguan Garments Co Ltd 2F No 288 Changxing Rd Huoju Industrial Zone Fuqiao Licheng District 362000 Quanzhou 23 26 49 Quanzhou Youyi Garment Co Ltd No 74 Dongyan Road North Industrial Zone Yutou Village Luoyang Town Quanzhou Taishang 362121 Quanzhou 8 39 47 Quanzhou Zirong Shoes Co Ltd No 98 Qiyi North Road Gaokeng Village Chendai Town Jinjiang City Quanzhou 19 30 49 Roswheel Bike Co Ltd 3Th Floor No 2 Building No 899 North Huangcheng Road Economic Development Zone Yongkang 321300 Jinhua 9 11 20 Shenzhen Kean Silicone Product Co Ltd loor 1-3 Building A No 61 Caizi North Road Shangmugu Community Pinghu Sub-District Longgang 518111 Shenzhen 43 55 98 Shenzhen U-Lucky Sporting Goods Co Ltd Building 2 Lifeng Industrial Zone Xiacun Gongming Town Guangming New District Xiacun Gongming Town Guangming New District 518106 Shenzhen 218 396 614 Shi Shi Karwu Garment Co Ltd Building 3 No 159 Jinfeng Road Baogai Science And Technology Park Baogai Town Shishi City 362700 Quanzhou 14 18 32 Shishi Yanghaolang Clothing Co Ltd No 30 Southern Industrial Area Liantang Village Hanjiang Town Shishi 362713 Quanzhou 12 16 28 Strategic Sports Ltd Liu Huang District Cha Shan Town 523388 Dongguan 757 561 1318 Suzhou Zhendan Outdoor Products Co Ltd Group 5 Hehua Village Shengze Town Wujiang District (3Rd Floor East Building 1) 215228 Suzhou 5 11 16 Taizhou Huangyan Jinyue Electromechanical Co Ltd Niuji Village Yuanqiao Town Huangyan District Taizhou 318025 Taizhou 14 12 26 Taizhou Taibo Plastic Co Ltd Daotou Village Jiangkou Street Huangyan District 318020 Taizhou 31 48 79 Tianjin Changyu Rubber Products Co Ltd Room 117 Gate No 12 Ligangyuan Shuanggang Industrial Park 301701 Tianjin 38 7 45 Tonglu Tianqi Knitting Co Ltd 1St Floor 2Nd Floor No 760 Riverside Road Tonglu County 311500 Hangzhou 15 10 25 Topshark Shoes Trade Co Ltd Kengwei Industrial Zone Neikeng Town Jinjiang Quanzhou 350001 Quanzhou 23 26 49 Wenling Wuyuehua Shoes Factory Inside Panlang Industrial Zone Daxi Town Wenling Wenling 49 47 96 Wenzhou Huadeli Shoes Co Ltd No 58 Fuquan Rd Sanxi Ind Zone Ouhai Economic Development District 325016 Wenzhou 116 125 241 Wenzhou Jingyuan Packaging Co Ltd Room 302 Building 45 Pioneer Park Longgang New Town No 450-610 Industrial Avenue 325802 Wenzhou 9 26 35 Wenzhou Jinqiu Lock Co Ltd Building 3-4 No 167-171 Xingfeng Road Xianyan Industrial Zone Ouhai 325062 Wenzhou - - - Wenzhou Tongyong Locks Com Ltd Cihu Industrial Zone Wenzhou Zhejiang Wenzhou 191 200 391 Wetex Fashion Manufacturing 2F Building 1 No 588 Huihuang Road Fengxian Jinhui 4 67 71 Wuxi Xishan Dongfang Fashion Co Ltd No 288 Xichang Road Xizhang Industrial Park Huishan Wuxi 8 26 34 Xiamen Hongyisheng Apparel Co Ltd South Side Of Unit 202 No 897 Jinlong Road Guannan Industrial Zone Guankou Town Jimei District 361023 Xiamen 17 32 49 Xiamen Huanyu Garments Co Ltd Room 505 No 19 Zhongwan Road Jimei District 361022 Xiamen 11 36 47 Xiamen Shamash Industry And Trade Co Ltd Room 302 No 146 North Xinglin Second Road Jimei District 361000 Xiamen 9 34 43 Xiamen Shengxiang Industry & Trade Co Ltd 3F No 291 Tong'An Garden Tong'An Industrial District Tong'An Zone Xiamen 16 23 39 Xiamen Sinan Industrial Trading Co Ltd 97 Huli Park Concentrated Industrial Area Tong'An Xiamen 10 37 47 Xiamen Yangrong Garment Floor 5 No 166 Dutian Road Jimei District 361022 Xiamen 29 66 95 Xiangshan Yubang Garments No 258 Danyang Road Danxi Street Xiangshan County Ningbo 26 70 96 Xiangshan Zhuoyi Clothing Co Ltd 169 Xiangshanhe Road Danxi Street Xiangshan County Ningbo 18 74 92 Xingtai Baimei Light Machinofacture Co Ltd Yangzhoutian Tianfucun Town Pingxiang County 054500 Xingtai - - - Yancheng Boya Apparel Co Ltd 269 West Renmin Road Sheyang County Development Zone 224300 Yancheng 16 77 93 Yangzhou Jiwei Sports Products Co Ltd Huangsi Industrial Zone Wujian Town Jiangdu District 225200 Yangzhou 50 150 200 Yangzhou Kaiwei Sporting Goods Factory Industrial Park Wujian Town Jiangdu District 225253 Yangzhou 5 42 47 Yiwu Jieni Knitting Co Ltd No 156 Tashan Road Fotang Town Yiwu 39 57 96 Yiwu Shicheng Clothing Co Ltd 4Th-5Th Floor No 46 Juxian Road Shangxi Town Industrial Park 322000 Yiwu 30 21 51 Yongkang Fodo Sports Co Ltd 58 Feifeng Road Xiangzhu 1St Village Xiangzhu Town Yongkang 22 26 48 Yongkang Hecheng Drinkware Industry Co Ltd No 12 Jintong Road Industrial Functional Zone Zhiying Town Yongkang City 321306 Yongkang 22 26 48 Yongkang Yanma Industry And Trade Co Ltd Building 11 No 37 Anshan Road Second Village Houtang Gushan 321300 Yongkang 29 19 48 Yongkang Zhufeng Inflator Co Ltd No 88 Xueyuan North Road Economic Development Zone 321300 Yongkang 46 39 85 Zhangjiagang Chunguang Knitting Crafts Co Ltd No 1 Shilong Road Xizhang Town 211106 Suzhou 5 26 31 Zhangjiagang Fashionwell Accessorys Co Ltd North Side North Ring Road Fangang Villiage Yangshe Town Zhangjiagang Economic Development Zone Suzhou 4 30 34 Zhangjiagang Topbright Headwear Manufacturing Co Ltd Noth Huantang Road Henan Village Yangshe Town Jiangsu Sheng China 215600 Zhangjiagang 6 25 31 Zhangzhou Himake Ecotech No 2 Zhuli Road Xiangcheng District 363000 Zhangzhou 22 18 40 Zhejiang Deao Travelling Products Co No 1 Yangshan Industry Zone Jinyun 321400 Lishui 55 43 98 Zhejiang Teloon Tennis Ball Co Ltd No 59 Fuqiang Road Zhuangyuan Longwan Wenzhou 64 106 170 Zhejiang Yongshide Plastic Co Ltd No 27 Huachang Road Chengjiang Street Huangyan District 318020 Taizhou 22 30 52 Zhejiang Zhuji Guangyou Footwear Zhishang Village Zhibu Town Zhuhi Zhejiang Hangzhou 42 57 99 Zhonghui Cap Bag (Yangjiang) Co Ltd No 13 1St 2Nd & 3Rd Floor Yong An 1 Street Xinchng No 1 District 529899 Yangjiang 4 36 40 Zhongshan Chunkai Electronics Co Ltd A And B Building No 38 Dongfu Road Fusha Town 528434 Zhongshan 47 38 85 Zhuji Bolong Socks Co Ltd 126 Haixun Road Datang Street Zhuji City Zhejiang Province 312000 Shaoxing 24 18 42 Zhuji Desheng Socks Co Ltd Waichen Village Jinan Street Zhuji 311800 Zhuji 17 32 49 Zhuji Shengmai Shoes Factory No 16 Jihui Road Zhibu Town Zhejiang Province Zhuji 23 19 42 Zhuji Yuanjin Textile Co Ltd No 818 North Qingfang Road Datang Town 311801 Zhuji 95 136 231\n\nTier 2 Mill\n\nPartner Name Partner Address City Male Workers Female Workers Total Workers Huzhou Universal Glove Mill No 333 South Of Qufu Road Balidian Town Wuxing District 313028 Huzhou 16 78 94 Jiangsu Shenli Enterprise Co Ltd No 88 Changshan Road Chengjiang Town 214437 Jiangyin 9 20 29 Haining Lufeng Textile Co Ltd No 273 Haining Avenue Haining 314400 Jiaxing 39 67 106 Jinjiang Wangcheng Garments Ltd (Sh) Dagong Shan Road Jinjiang Fujian 362200 Quanzhou 91 131 222 Zhejiang Jiananda Textile Technology 258 Batang Road Hangzhouwan Bay New District 315336 Ningbo 92 69 161 Jinjiang Wangxinglong Printing And Knitting Industry Co Ltd Donghaian Development Area Shenhu Town Jinjiang 362246 Quanzhou 358 160 518 Quanzhou E-Boss Textile Technology Co Ltd No 17 Qingtai Roadquanzhou Economic & Technology Development Zone 362000 Quanzhou 31 27 58 Kunshan Leadwon Textile Co Ltd 11th Floor Poly Plazano 699 Xiaolin Road Kunshan 215316 Suzhou 13 8 21 Suzhou Ruoshui Textile Co Ltd 200M South Of Shuanglong Road Meiyanlong South Village Pingwang Town Wujiang 215225 Suzhou 19 15 34 Kunshan Leadwon Textile Co Ltd Bulilding 59 Zhong Jie Neng Industrial Parkno 777 Yu Yang Rd Kunshan 215300 Suzhou 13 8 21 Wujiang City Shengze Hengtian Water Jet Loom Factory No. 788 Meitan Road Group 2 Shuangshu Village Shengze Town 215228 Suzhou 2 18 20 Wuxi Jingmeng Textile Building 41 Heng Sheng Science Park No 1588 Zhonghui Road Qianzhou Street Huishan District 214181 Wuxi 150 100 250 Anhui Kangsitai Textile Technology Jingdu Seventh Road Jingdu Industrial Park Cross Economic Development Zone Langxi County 242100 Xuancheng 50 30 80 Hangzhou Yachty Textile Industrial Yinlong Village Yaqian Town Xiaoshan District 311209 Hangzhou 156 61 217 Huamao (Xiamen) Special Material Co Ltd No 28 Xingbei Road Jimei District 361021 Xiamen 165 135 300 Jiangsu Jinmilan Textile Yinhai Road Xiangshui Economic Development Zone 224600 Yancheng 60 140 200 Jinjiang Honghan Textile Technology Co Ltd No 200 Dachuo Huashan Village Shenhu Town Jinjiang 362246 Quanzhou 45 129 174 Lianhui (Changting) Textile Fujian Changting Economic Development Zone Phase Iii 366300 Changting 70 30 100 Liyang Tofasco Universal Textile No 107 Tianmu Road Tianmu Lake Town 213300 Liyang 40 110 150 Nantong Bailu Textile Co Ltd 2-723 Yonghe Buildingno 9 Yongyang Road Yongxing Street 226006 Nantong 10 40 50 Nantong Dongyi Fiber Tech No.88 Lifa Road Hai'An Economic Development Zone 226600 Nantong 320 260 580 Quanzhou Liu Yuan Dyeing & Weaving Co Ltd Jintian Development Area Donghaian Development Zone Shenhu Town Jinjiang 258 122 380 Shandong Hengli Textile Technology Co Ltd No 88 Hengxing Rd Zhoucun Dist 255318 Zibo 663 1239 1902 Shandong Hengtai Textile Co Ltd West Tengfei Road Yishui Shandong Province 276400 Shandong 276400 Yishui 1250 1280 2530 Suzhou Anxun Textile Finishing 50 Meters South By No.399 South Third Ring Road Shengze Town Wujiang 215228 Suzhou 27 23 50 Suzhou Dashangke Advanced Materials No.3368 Yuanqu Road Shengze Town Wujiang District 215200 Suzhou 39 26 65 Suzhou Lucun Textile Technology Co Ltd 2 groups of Lotus Village Shengze Town Wujiang District Suzhou 28 19 47 Tongxiang Zhongying Chemical Fiber 888 Desheng Road Industrial Park Zhouquan Town Tongxiang 314500 Jiaxing 300 200 500 Wujiang Fuhua Weaving Co Ltd No.2288 The 3rd Nanhuan Road Shengze Town Wujiang Area 215228 Suzhou 2600 1500 4100 Wujiang Jesran Textile Room-1008 Yingxiang City Plaza South Of Shichang Road Shengze Town Wujiang District 215228 Suzhou 330 230 560 Wujiang Penqui Weaving Co Ltd Yinghu Village Pingwang Town Wujiang District 215000 Suzhou 27 128 155 Wujiang Shengze Sanyou Coating Factory No. 3 Xiushui North Road Yuanyuan Road Shengze Town Wujiang 215228 Suzhou 32 8 40 Xiamen Xinglin Shunxing Knitting Co Ltd Group 1 Of Xinglin Qianchang Village Jimei District 361022 Xiamen 22 19 41 Xiangshan Hemei Knitting Fabric Co 2nd Floor Building 3 222 Danyang Road Danxi Steet Xiangshan County 315700 Ningbo 13 5 `18 Xuzhou Xinchang Textile Co Ltd Huangji Town Tongshan District 221000 Xuzhou 38 22 60 Zhangjiagang Jiechu Textile Co Ltd Fengtian Road Fenghuang Town Zhangjiagang 13 22 35 Zhejiang Tengxin Umbrella Co Ltd Shangyu Sub-Branch Xindaijia Village Xietang Town Shangyu District 312365 Shaoxing 50 100 150 Zhejiang Youbu Textile No 12 Zhijie Road Linghu Town Nanxun District 313018 Huzhou 5 20 25 Anshan Wanlong Textile Co Ltd Zhouzheng Village Teng'Ao Town Haicheng 114225 Anshan 41 60 101 Changzhou Baixing Textile Co Ltd Lijia Town Industrial Park Wujin District 213176 Changzhou 20 30 50 Changzhou Better Textile Co Ltd No 23 Tianning District 213018 Changzhou 10 20 30 Dapai Anhui New Material Technology Co Ltd East Of Xianyu Road Jiangnan Industrial 247100 Chizhou 54 32 86 Hangzhou Lingao Textile Technology Co Ltd 1st Floor 8-14 Huijin Mingdian Plaza Guali Town Xiaoshan District Hangzhou 7 9 16 Nantong Quanji Textile Coating Industry Park Of North Of Xianfeng Town Tongzhou District Nantong 129 64 193 Ningbo Yoni Textile Industry & Trade Co Ltd 2Nd Floor Building 3 Fengcheng Village Jishigang Town Haishu District 315000 Ningbo - - - Quanzhou Mutuzhe Textile Technology Co Ltd No 3 Shengxiang Road Print Zone Cizao Town Jinjiang City Quanzhou City 362214 Jinjiang 30 35 65 Shaoxing Chuàngtuò Textile Limited No 3055 3Rd Floor Dongsheng Road Keqiao 312000 Shaoxing 54 38 92 Shaoxing Gangyi Textile Co Ltd Xishufu Village Huashe Street Keqiao District Shaoxing 4 6 10 Shaoxing Shangyu Hualian Dyeing No 27 Weiqi Road Shangyu Economic And Technological Development Zone Hangzhou Bay 312369 Shaoxing 18 36 54 Suzhou Huiteng Textile No 67 Xin'Anjiang Rd Southeast Development Zone Changshu 215500 Suzhou - - - Wuhu Fuchun Dye And Weave Co Ltd No 3 Jiuhua North Road Wuhu Area Pilot Free Trade Zone 241000 Wuhu 521 658 1179 Wujiang Bairun Textile Co Ltd 2Nd Floor No 1 2 Building 10 Foreign Trade District East Market Shengze Town Wujiang District Suzhou 18 8 26 Wujiang Buyi Textile Co Ltd No 388 Shengdong Road Shengze Town Wujiang District 215000 Suzhou 120 60 180 Wujiang Jiayao Textile Co Ltd 299 Xiushui Road South Third Ring Shengze Town Wujiang District 215228 Suzhou 30 20 50 Wujiang Nayuan Silk Co Ltd Shengtian Village Shengtze Town Wujiang District 228255 Suzhou 95 135 230 Wujiang Yongjian Textile Co Ltd No 99 Zhidong Road Nanma Development Zone Shengze Town Wujiang District Suzhou 8 18 26 Wujiang Zhonghui Weaving Pingwang Town Private Economic Development Zone Wujiang District 215221 Suzhou 47 36 83 Zhangjiang Charming Textile Co Ltd Fengming Industrial Park 314505 Tongxiang 52 36 88 Zhejiang Doya Textile Technology No 99 Shidai Road Haining Industrial Zone 314400 Haining 170 80 250 Zhejiang Shangdian Knitting 777 Jianghong Rd Cao'E Street Shangyu District Shaoxing - - -\n\nTier 2- Material\n\nPartner Name Partner Address City Male Workers Female Workers Total Workers Quanzhou City Fengze District Xinhui Shoes Material Houpu Village Donghai Fengze District 362200 Quanzhou - - - Jinjiang Xinghui Leather Co Ltd NNo 18 Yuandong Road Andongyuan District Jinjiang Economic Develop Zone Jinjiang 362200 Quanzhou - - - Jinjiang Yixinli Trading 8F Area D Jinjiang Shoe Textile City Phaseo I Office Building No 888 Jinxin North Road Chendai Town Jinjiang 362200 Quanzhou - - - Jin Yi No 68 Ansheng Roadxintang Park Jinjiang Economic Development Park Jinjiang Quanzhou - - - Shanghai Jingsui Room 606 No 246 Sitong Roadsijing Town Sonjiang Shanghai - - - Hong Da No 12 Yinguang Road Guong Yintang Industrial Park Changtai Economic Development Zone 363000 Zhangzhous - - - Feng An Leather Co Ltd 1St And 2Nd Floors Of Building B1 Building B2 1St And 2Nd Floors Of Building B3 And B4 No 2 Yuan Dong Road Andong Industrial District Jinjiang Shi 362261 Quanzhou - - -\n\nTier 3 Dye\n\nPartner Name Partner Address City Male Workers Female Workers Total Workers\n\nTier 3 outsole\n\nPartner Name Partner Address City Male Workers Female Workers Total Workers Chongxin Huafeng Co Ltd Wuling Road 66 Chongxin Chongqing - - - Jinjiang Haoli Shoes Material No 1 Chongfu Road Chendai Town Jinjiang 362200 Quanzhou - - - Jinjiang Yuanli Shoes Outsole No 11 West Qiantou Chidian Jinjiang 362000 Quanzhou - - - Jinjiang Ruibin Shoes Material No 219 Qiguang East Road Handai Village Chendai Town Jinjiang 362000 Quanzhou - - - Fu Lian No 462 North Area Huzhong Village Chendai Town Jinjiang 362200 Quanzhou - - -\n\nTier 4 Insole\n\nPartner Name Partner Address City Male Workers Female Workers Total Workers Hangzhou Fuyang Yiyuan Industry Outsole No 101 Jengcheng Roadxingdeng Town Fuyang Hangzhou - - - Hangzhou Fuyang Feiying Material Panyan Village Xingden Town Fuyang 311400 Hangzhou - - - Quanzhou Shoufoot Shoe Material Technology No 18 Binhai Road Xibian Village Chendai Town Jinjiang 362200 Quanzhou - - - Xiang Ming Cheng No 3 South Road Nanhu Wudai Village Chendai Town Jinjiang 362200 Quanzhou - - -\n\nTier 4 Print / Embroidery\n\nPartner Name Partner Address City Male Workers Female Workers Total Workers Ningbo Jinao Printing Co Ltd Chenhenglou Village Haishu District Ningbo 25 35 60 Ningbo Beilun Shanda Garment Co Ltd 3rd Floor Building 5 Number 139 Longtanshan Road Daqi Street Beilun Distrtict 315800 Ningbo 29 17 46 Jinxing Printing Mill Co Ltd No 488 Wande Road Jinjiang 362200 Quanzhou 21 16 37 Jinjiang Honghan Textile Technology Co Ltd Print No 200 Dachuo Huashan Village Shenhu Town Jinjiang 362246 Quanzhou 45 129 174 Suzhou Fusheng Printing Co Ltd No 16 Hehua Village Shengze Town Wujiang Suzhou 20 10 30 Wujiang Feixiang Printing Co Ltd No 19 Shantang Street Shengze Town Wujiang 215228 Suzhou 195 76 271 Jiangsu Shenli Enterprise Print Building No 1 2 3 Jiangyin 214437 Wuxi 15 23 38 Xiamen Bas Industry And Trade Co Ltd 3F No 158 Tianfeng Road Jimei District 361021 Xiamen 12 18 30 Xiamen Haoweida Industry And Trade Co Ltd 5th Floor No 11 Plant Huliyuan Tongan Industrial 361100 Xiamen 29 41 70 Avery Dennison (Suzhou) Co Ltd No. 56 Yangpu Road Suzhou Industry Park Suzhou Industrial Park 215201 Suzhou 500 358 858 Changzhou Shengqian Garment No. 5 2001 Middle Yangzheng Rd Hutang Wujin District 213100 Changzhou 7 3 10 Danyang Fangzheng Outdoor Products Yanxing Village Yanling Town 212300 Danyang 5 25 30 Hangzhou Yikesi Textile Yonglian Village Guali Town Xiaoshan District 311241 Hangzhou 11 6 17 Jiangsu Huaguan Industry Co Ltd Kaifa District 226000 Nantong 18 12 30 Jiangsu Natural Textile Technology Co Ltd A5 2 Standard Factory Of Hutang Sci Tech Industrial Park Wujin Zone 213100 Changzhou 36 76 112 Nantong Xiaoying Fashion No 1 Dongbanqiao South Road Shizhuang Town Rugao 226531 Nantong 98 102 200 Qingdao Shiyang Transfer Print No.196 Zhengyang Road Chengyang District 266041 Qingdao 34 31 65 Quanzhou Huanuo Printing Technology Co Ltd 452 Longxiang North Road Nanxun Village Longhu Town 362200 Quanzhou 25 120 145 Quanzhou Yiqing Printing 1st & 2nd Floor Longzhu Bilding Xunmei Industrial District Fengze Zone 362011 Quanzhou 42 33 75 Quzhou Yihui Clothing 68 Yushang Road Hangbu Town Kecheng District 324000 Quzhou 34 16 50 Rugao Sente Textile Technology 9 Kangjian East Road Rugao Economic Development Zone 226578 Rugao 10 5 15 Shanghai Chuanhu Paper Plastic Packaging 146 Jiaxing Industrial Zone Nanqiao Town Fengxian District Shanghai 16 10 26 Shanghai Yunhao Printing Factory No 4458 Nanfeng Road Qingcun Town Fengxian District 201400 Shanghai 9 7 16 Shishi Mingkai Special Transfer Printing Co Ltd No 3 Jiulongshan Industrial Zone Hongtou Village Ganjiang Town Shishi 362700 Quanzhou 14 23 37 Wujiang Xuan Kang Textile Finishing Group 17 20 Bali Village Shengze Town Wujiang District Suzhou 15 3 18 Wujiang Yuanming Printing Group 2 Hehua Village Shengze Town Wujiang District 215100 Suzhou 50 10 60 Xiangshan Jiusi Printing Co Ltd East Floor 2nd Floor Building 126 Zhixin Road Chengdong Industrial Zone Xiangshan County 315700 Ningbo 14 16 30 Xiangshui Dezhong Print And Embroidery Yinhai Road Development Of Xiangshui 224600 Yancheng 10 5 15 Dongguan Qiwei Sporting Goods Co Ltd No 25 Daguizi East Street Chashan Town Dongguan 13 2 15 Jiayi Printing Co Chengnan Industry Area Luoyang Town Hui'An County 362100 Quanzhou 20 20 40 Jinjiang Jiahe Digital Technology Co Ltd No 175 Guding District Shansu Village Jinjing Town Quanzhou 362246 Jinjiang 15 12 27 Hanhzhou Hangmin Damei Dying Arrangement Co Ltd Hangmin Village Guali Town Xiaoshan District Zhejiang Hangzhou 1450 489 1939 Mengcheng County Development Zone Hongyuan Garment Factory Building 4 Chuangye Park Economic Development Zone Mengcheng County Bozhou 10 20 30 Shangyu Songxia Zhongzhong Screen Printing Factory No 1388 Baisong Road Shangyu District 312365 Shaoxing 6 4 10 Sheng Hong Group Co Ltd Textile Technology Exhibition Garden Shengze Town 215228 Wujiang 7000 3000 10000 Suzhou Mountain Sea Dress 5 Floor C21 1St Industrial Park No 2588 Wuzhong Avenue Wuzhong District 215208 Suzhou 40 60 100 Suzhou Qihong Printing Co Ltd South Sanhuan Road Shengze Town Wujiang District 215228 Suzhou 14 10 24 Suzhou Zhaohai Textile Technology Co Ltd Floor 3 Qianhang Building No 1201 West Of Second Ring Road Shengze Town Wujiang District 215200 Suzhou 30 15 45 Wendeng Huaguang Plastic Co Ltd Qianyi Village Baiguan Street Shangyu District Shaoxing 4 0 4 Wuxi Weitai Textile Co Ltd No 72 Xinyuan Road Luoshe Supporting Area Huishan Economic Development Zone 214187 Wuxi 4 6 10 Yangzhou Huahong Print Company Ganquan Street Hanjiang District Yangzhou 5 11 16 Zhangpu Jinjing Paper Packaging No 109 Tielu Huangcang Industrial Zone Suian Zhangpu 363200 Zhangzhou 9 12 21 Zhejiang Xinmoxiang Technology No 103 Jinli Road Haining Economic Development Zone 314400 Haining 18 7 25 Zhejiang Yiwu Kaisai Printing Co Ltd Zhejiang Yiwu Suxi Golden Triangle Industrial Area No 22 322000 Yiwu 22 29 51\n\nEgypt\n\nTier 1 Primary\n\nPartner Name Partner Address City Male Workers Female Workers Total Workers AGIBA For Readymade Garments 250-B Industrial Area 3Rd Settlement Al Qahirah New Cairo 11835 Cairo 55 70 125 El Sharkia Textiles Industries Ahmed Hamid Street Industrial Zone A1 10Th Of Ramadan City 44629 Cairo - - - Embee International Industries Public Free Zone 41512 Ismalia 1368 1440 2808 New Gimatex Building Vic 6 Zone A1 10th Of Ramadan El Sharkeya 580 30 325\n\nTier 4 Print/ Embroidery\n\nPartner Name Partner Address City Male Workers Female Workers Total Workers The Citadel Tex Al Obur Industrial Zone 1 Land No 1 Block 20007 Cairo 75 0 75\n\nEthiopia\n\nTier 1 - Primary\n\nPartner Name Partner Address City Male Workers Female Workers Total Workers Desta Private Limited Company Southern Region Gurage Zone Meskan Woreda Kebele 01 Butajira 113 690 803\n\nIndia\n\nTier 1 Primary\n\nPartner Name Partner Address City Male Workers Female Workers Total Workers Danavarshini Exports P Limited 192 1 Velliyam Palayam Uthukuli Main Road Near Tamarai Kovil Tamil Nadu 641607 Tiruppur 221 221 442 Esswin Impex Unit 2 D No 1/138A Kanakkupillai Thottam Kasipalayam Main Road Vijayapuram Post Nallur Tamil Nadu 641604 Tiruppur 110 45 155 Esswin Impex Unit 3 No 278 Karur Main Road Opp Carmel School Kangeyam Tamil Nadu 638701 Tiruppur 71 29 100 MRK Apparels No 4 Kumar Nagar West Vallayankadu Road Tamil Nadu 641603 Tiruppur 21 6 27 Aara Tex Sf No 358 1 And 367 Sri Krishna Nagar Main Road Opp Vivekananda School Dharapuram Road Tamil Nadu 641609 Tiruppur 33 34 67 Vishnu Clothing Company Sf No 45 Venus Garden Mangalam Road Andipalayam Post Tamil Nadu 641687 Tiruppur 83 46 129 Unisourcce Treend India Sf No 286/2A-2 Uppupalayam Road Vellakovil Kangayam 638111 Tiruppur 79 329 408 Fashion Knits Shed No 29 Nethaji Apparel Park Eettiveerampalayam Tamil Nadu 641603 Tiruppur 32 46 78 Sristi Garments J1 & B1 Shanthi Colony Housing Sector Madhavaram Tamil Nadu Chennai 21 197 218 Eastman Industries Limited C-88 Focal Point Phase V Ludhiana 141010 Ludhiana - - - Kartikeya International B-09 B-10 Upsidc Rooma Industrial Area (Textile Zone) 208002 Kanpur 212 50 262 Ruksh Enterprises 89-A 60 Feet Road Jajmau 208010 Kanpur 32 16 48 Scm Garments Pvt Limited Unit 23 S F No 325/2B2 Sri Vigneshwara Nagar Veerapandi 641605 Tiruppur 452 273 725 Scm Garments Pvt Limited Unit 4 D No 18 Sf No 896/2 A B T Road Extn Suriyan Nagar Karuvampalayam 641605 Tiruppur 432 423 855 Vishnu Unit 3 S F No 263/4 Poppys Road Near Thirumurugan Mills 641605 Tiruppur 65 32 97\n\nTier 2 Mill\n\nPartner Name Partner Address City Male Workers Female Workers Total Workers Sri Shanmugavel Mills (P) Ltd Sf No 2612/2 Vedasandur Road Kiriyampatti Agaram 624709 Dindigul 262 301 563 Sri Shanmugavel Mills Pvt Ltd Knitting Division 207 Mangalam Road Karuvampalayam 641604 Tiru-ppur 148 125 273 Vedha Spinning Mills Pvt Unit 1Sf No 1948 2A Vedasandur Rd Thadicombu 624709 Dindigul 135 183 318 Danavarshini Exports P Limited Processing Division Plot 7 P 8 Sipcot Perundurai 638052 Erode 161 15 176 Entice Knit Fab (Knitting) S F No 590 1 S R Garden Sena Thottam Nallur Muthanam Palayam (Po) 641606 Tiruppur 20 0 20 Entice Knit Fabs S F No: 293 3 Tharaa Complex Kangeyam Road Vijayapuram (Post) 641606 Tiruppur 20 1 21 Geethalaya Exports 39 Nethaji Apparel Park New Tirupur 641666 Tiruppur 20 0 20 Kirthika Knitting 72 1B Goundam Palayam Road Ganapathi Palayam 641605 Tiruppur 12 1 13 Number One Clothing 3 161 College Road Kaniyampoondi Pirivu 641663 Tiruppur 20 0 20 SCM Garments Pvt Limited Knitting Division Sf No 31 32 N G Palayam Pudhur Pirivu Pudhupalayam (Po) Thekkalur Avinashi Thekkalur Avinashi 641654 Tiruppur 468 54 522 Sri Priya Tex 1B Maria Nagar Valayankadu 641603 Tiruppur 10 0 10\n\nTier 3 Dye\n\nPartner Name Partner Address City Male Workers Female Workers Total Workers A One Tex Process Sf 161/1C Pachankattu Palayam Arulpuram Veerapandi Post 641604 Tiruppur\n\n41\n\n8 49 Excellent Processors Highcourt Thottam Alangattupudhur S.Periyapalayam (P.O) Mannarai 641607 Tiruppur 2 8 10 KPM Processing Mill Private Limited No 254 3A Karaipudur Village Chinnakarai Arulpuram Palladam Road 641605 Tiruppur 105 3 108 Lucky Process 284 6 Kunnangalpalayam Veerapandi Post 641605 Tiruppur 40 2 42 SCM Textile Processing Mill 29-C Marapalaam Road 638003 Erode 1112 94 1206 SRG Processing Division 224/1 Ponnan Thottam Murugam Palayam Iduvampalayam Post 641687 Tiruppur 355 30 385 Brindha Processing Mills Sf 377 1 B Pallankadu Avarampalayam Veerapandi Post 641605 Tiruppur 235 4 239 G T Process Sf No 192 1 2 3 4 Pachankattupalayam Arulpuram Post 641605 Tiruppur 90 10 100 The Soft Tex Processing Dye Plat No J35A And R21 Sipcot Industrial Growth Centre P V Playam Perundurai 638052 Erode 112 12 124 Trinity Colour India Private Limited Plot No J 30 J 31 M 3 M 4 5Th Cross Sipcot Perundurai 638052 Erode 110 12 122\n\nTier 4 Print/ Embroidery\n\nPartner Name Partner Address City Male Workers Female Workers Total Workers Ahash Printers Sf No 234 1 Door No 3New Modern City Uthukuli Main Road 641607 Tiruppur 40 12 52 Akruthi Apparel Printing Unit Sf No 266/6 Venkateswara Nagar M Chettipalayam Mangalam 641663 Tiruppur 21 5 26 Balaji Printers Sf No 143 Dharapuram Road Pollikalayam Po 641665 Tiruppur 20 4 24 Esswin Prints Sf No 99 Kanakkupillai Thottam Kasipalayam Road Vijayapuram 641606 Tiruppur 17 1 18 Majestic Exports Unit 2 2 Ranganathapuram Periyakattu Thottam Sirupooluvapatti 641603 Tiruppur 29 1 30 SCM Garments PVT - Unit 28 Sf No 31 32 Ng Palayam Pudhur Pirivu Pudhupalayam Thekkalur Avinashi 641654 Tiruppur 126 46 172 SCM Textile Processing Mill 29-C Marapalaam Road 638003 Erode 816 62 878 Shre Swathie Printerss Sf No 200 1 2 3 Gangapuram Village 638102 Tiruppur 50 5 55 Sree Rajalakshmi Processing Mills Sf No 200 1 2 3 Gangapuram Village 638102 Erode 60 6 66 Danavarshini Export Private Limited Print Division No 1/382 Palaniandavar Nagar KNP Colony Post Dharapuram Road Tiruppur 17 3 20 J B Rotary Printing S F No: 642 Suriya Nagar Sundamedu Iduvampalayam Po 641687 Tiruppur 21 3 24 Wintex Printing Mills Rs No 102 3C Karuvilparaivalasu Villarasampatti 638107 Erode - - -\n\nItaly\n\nTier 1 Primary\n\nPartner Name Partner Address City Male Workers Female Workers Total Workers Intersocks Srl Via Dell’Industria 28 Loc Paludi Z I 32016 Alpago - - -\n\nMalaysia\n\nTier 1 - Primary\n\nPartner Name Partner Address City Male Workers Female Workers Total Workers Vicrah Plastic (M) Sdn Bhd No 26 & 28 Jalan Utama 2/3-4 Taman Perinoustrain Maja Jaya 47100 Pouchong Selangor Darul Ehsan 46 2 48\n\nPakistan\n\nTier 1 Primary\n\nPartner Name Partner Address City Male Workers Female Workers Total Workers W Brothers Site 1 Plot 2 Shaheenabad G T Road Punjab 52250 Gujranwala 165 40 205 Siddiqsons Limited A-33 Textile Avenue S.I.T.E. Sindh 75700 Karachi 1371 197 1568 Fashion And Arts Pvt Ltd Plot No Wh-10 2Nd Floor Sector 16- B North Karachi Industrial Area Sindh 75850 Karachi 41 9 50 Delta Garments Limited 17Km Of Ferozepur Road Attari Sroba Atta Bukhash Road Punjab 54000 Lahore 300 50 350 Kuntex 3 Km Off 22 Km Ferozpur Road Rohi Nala Near Ghankar Pul Punjab 54000 Lahore 84 6 90 W Brothers Sports And Leisure Wear (Site 2) Plot 86-A Punjab Small Industrial Estate Number 3 Punjab 52302 Gujranwala 193 22 215 Kamal Mills (Private) Limited Khurrianwala 3 Km Khurrianwala-Jhumra 38000 Faisalabad 1979 246 2225 Leoedge Enterprises Street Filter Wali Nazd Hill International Factory Paki Kotli 51310 Sialkot 27 2 29 Solehre Brothers Industries 12 Km Daska Road Near Mahabat Khan Petrol Pump 51310 Sialkot 390 35 425 Style Textile (Pvt) Limited 126/3-Kot Lakhpat Industrial Estate 54770 Lahore 3462 709 4171 Treue Sports Daska Road Sialkot 80 0 80\n\nTier 2 Mill\n\nPartner Name Partner Address City Male Workers Female Workers Total Workers Kamal Limited [Unit-2] 4Th Km Jaranwala Road Khurrianwala 38600 Faisalabad 295 0 295 Kohinoor Mills Limited 8-Km Manga Raiwind Road District Kasur 55150 Lahore 851 31 846 Suraj Cotton Mills Ltd Kotla Kahlowan Sheikhupura Road Faisalabad 617 0 617 Master Textile Mills Limited 3Km Off Raiwind Manga Mandi Road 54000 Lahore 450 10 460 Meko Denim Mills (Pvt) Ltd Plot B 10 Site Kotri Jamshoro Kotri 76000 Jamshoro 500 0 500 W Brothers Fabric Mill Kahna Road Kacha Station Nanger Chowk Defence Road Lahore 80 0 80\n\nTier 3 Dye\n\nPartner Name Partner Address City Male Workers Female Workers Total Workers Us & Dynamo Mills Private Limited Dye 230 231 Sunder Industrial Estate 55150 Lahore 229 8 237 Zimbis Knitwears Pvt Limited 1 2 Km Defence Road Off Bhobtian Chowk Raiwind Road 54000 Lahore 74 0 74 Zephyr Textiles Ltd (Finishing Unit) 63 K M Multan Road Jumber Tehsil Pattoki District Kasur 55300 Pattoki 712 38 750\n\nTier 4 Print / Embroidery\n\nPartner Name Partner Address City Male Workers Female Workers Total Workers Town Crier Pvt Ltd C120 Sadaqat Streetsargodha Road 38000 Faisalabad 232 3 235"
    }
}